term	overlap	set_size	hits_tested	background_size	expected	odds_ratio	p_value	genes	fdr	significant
Tight junction	5	24	160	2262	1.698	2.945	0.02352691206402236	CD1B;CD1C;CD1D;RUNX1;SYNPO	0.9235910950014302	False
Renin secretion	2	5	160	2262	0.354	5.655	0.043142846636570836	ADCYAP1R1;CACNA1C	0.9235910950014302	False
Amoebiasis	3	13	160	2262	0.92	3.263	0.05872958354337052	CD1B;CD1C;CD1D	0.9235910950014302	False
Cholinergic synapse	3	13	160	2262	0.92	3.263	0.05872958354337052	CACNA1C;CHRNA4;KCNQ2	0.9235910950014302	False
Hematopoietic cell lineage	3	16	160	2262	1.132	2.651	0.0985694432569776	CD1B;CD1C;CD1D	0.9235910950014302	False
PD-L1 expression and PD-1 checkpoint pathway in cancer	2	8	160	2262	0.566	3.534	0.10504644808034881	BATF;NFATC1	0.9235910950014302	False
Long-term depression	2	9	160	2262	0.637	3.142	0.1289895217123035	IGF1R;PPP1R17	0.9235910950014302	False
Circadian entrainment	2	9	160	2262	0.637	3.142	0.1289895217123035	ADCYAP1R1;CACNA1C	0.9235910950014302	False
Cell adhesion molecules	3	18	160	2262	1.273	2.356	0.12974318200048848	CADM3;CDH4;NRXN3	0.9235910950014302	False
Asthma	1	2	160	2262	0.141	7.069	0.136493519647144	FCER1A	0.9235910950014302	False
Th17 cell differentiation	2	10	160	2262	0.707	2.827	0.15403649537689	NFATC1;RUNX1	0.9235910950014302	False
Other types of O-glycan biosynthesis	1	3	160	2262	0.212	4.712	0.1976267217960188	GALNT17	0.9235910950014302	False
Nicotine addiction	1	3	160	2262	0.212	4.712	0.1976267217960188	CHRNA4	0.9235910950014302	False
Mucin type O-glycan biosynthesis	1	3	160	2262	0.212	4.712	0.1976267217960188	GALNT17	0.9235910950014302	False
Inflammatory bowel disease	1	3	160	2262	0.212	4.712	0.1976267217960188	NFATC1	0.9235910950014302	False
cGMP-PKG signaling pathway	2	12	160	2262	0.849	2.356	0.20638108642667996	CACNA1C;NFATC1	0.9235910950014302	False
Insulin secretion	2	13	160	2262	0.92	2.175	0.23322681422364533	ADCYAP1R1;CACNA1C	0.9235910950014302	False
Oxytocin signaling pathway	2	13	160	2262	0.92	2.175	0.23322681422364533	CACNA1C;NFATC1	0.9235910950014302	False
Phosphatidylinositol signaling system	2	13	160	2262	0.92	2.175	0.23322681422364533	DGKI;PIP4K2A	0.9235910950014302	False
Long-term potentiation	1	5	160	2262	0.354	2.827	0.30728560808955335	CACNA1C	0.9235910950014302	False
Chronic myeloid leukemia	1	5	160	2262	0.354	2.827	0.30728560808955335	RUNX1	0.9235910950014302	False
Glioma	1	5	160	2262	0.354	2.827	0.30728560808955335	IGF1R	0.9235910950014302	False
GnRH signaling pathway	1	5	160	2262	0.354	2.827	0.30728560808955335	CACNA1C	0.9235910950014302	False
Lysine degradation	2	16	160	2262	1.132	1.767	0.31430667736288087	PRDM16;SMYD3	0.9235910950014302	False
Transcriptional misregulation in cancer	3	28	160	2262	1.981	1.515	0.31757819675124827	CDK14;IGF1R;RUNX1	0.9235910950014302	False
cAMP signaling pathway	3	29	160	2262	2.051	1.463	0.3375625154122904	ADCYAP1R1;CACNA1C;NFATC1	0.9235910950014302	False
Melanoma	1	6	160	2262	0.424	2.356	0.3563925211182071	IGF1R	0.9235910950014302	False
Vasopressin-regulated water reabsorption	1	6	160	2262	0.424	2.356	0.3563925211182071	DYNC1I1	0.9235910950014302	False
Arachidonic acid metabolism	1	6	160	2262	0.424	2.356	0.3563925211182071	GPX6	0.9235910950014302	False
Phospholipase D signaling pathway	2	19	160	2262	1.344	1.488	0.3934589042782677	DGKI;FCER1A	0.9235910950014302	False
Signaling pathways regulating pluripotency of stem cells	2	19	160	2262	1.344	1.488	0.3934589042782677	IGF1R;ZFHX3	0.9235910950014302	False
Inositol phosphate metabolism	1	7	160	2262	0.495	2.02	0.4020384416062774	PIP4K2A	0.9235910950014302	False
Oocyte meiosis	1	7	160	2262	0.495	2.02	0.4020384416062774	IGF1R	0.9235910950014302	False
Progesterone-mediated oocyte maturation	1	7	160	2262	0.495	2.02	0.4020384416062774	IGF1R	0.9235910950014302	False
MAPK signaling pathway	3	33	160	2262	2.334	1.285	0.4167334181640826	CACNA1C;IGF1R;NFATC1	0.9235910950014302	False
Glycosaminoglycan biosynthesis	1	8	160	2262	0.566	1.767	0.44446586925283876	HS3ST2	0.9235910950014302	False
Arrhythmogenic right ventricular cardiomyopathy	1	8	160	2262	0.566	1.767	0.44446586925283876	CACNA1C	0.9235910950014302	False
Dilated cardiomyopathy	1	8	160	2262	0.566	1.767	0.44446586925283876	CACNA1C	0.9235910950014302	False
C-type lectin receptor signaling pathway	1	8	160	2262	0.566	1.767	0.44446586925283876	NFATC1	0.9235910950014302	False
Amphetamine addiction	1	8	160	2262	0.566	1.767	0.44446586925283876	CACNA1C	0.9235910950014302	False
Fc epsilon RI signaling pathway	1	8	160	2262	0.566	1.767	0.44446586925283876	FCER1A	0.9235910950014302	False
Th1 and Th2 cell differentiation	1	8	160	2262	0.566	1.767	0.44446586925283876	NFATC1	0.9235910950014302	False
Maturity onset diabetes of the young	1	8	160	2262	0.566	1.767	0.44446586925283876	NR5A2	0.9235910950014302	False
Thyroid hormone synthesis	1	8	160	2262	0.566	1.767	0.44446586925283876	GPX6	0.9235910950014302	False
GnRH secretion	1	8	160	2262	0.566	1.767	0.44446586925283876	CACNA1C	0.9235910950014302	False
GABAergic synapse	1	8	160	2262	0.566	1.767	0.44446586925283876	CACNA1C	0.9235910950014302	False
Hypertrophic cardiomyopathy	1	9	160	2262	0.637	1.571	0.4839004126954056	CACNA1C	0.9235910950014302	False
Glycerolipid metabolism	1	9	160	2262	0.637	1.571	0.4839004126954056	DGKI	0.9235910950014302	False
Acute myeloid leukemia	1	9	160	2262	0.637	1.571	0.4839004126954056	RUNX1	0.9235910950014302	False
Growth hormone synthesis, secretion and action	1	9	160	2262	0.637	1.571	0.4839004126954056	CACNA1C	0.9235910950014302	False
Olfactory transduction	4	51	160	2262	3.607	1.109	0.49243389734077075	OR10J3;OR10K2;OR14J1;OR2M3	0.9235910950014302	False
Glutathione metabolism	1	10	160	2262	0.707	1.414	0.5205519590641295	GPX6	0.9235910950014302	False
Cortisol synthesis and secretion	1	10	160	2262	0.707	1.414	0.5205519590641295	CACNA1C	0.9235910950014302	False
Cardiac muscle contraction	1	10	160	2262	0.707	1.414	0.5205519590641295	CACNA1C	0.9235910950014302	False
Ovarian steroidogenesis	1	10	160	2262	0.707	1.414	0.5205519590641295	IGF1R	0.9235910950014302	False
Vascular smooth muscle contraction	1	10	160	2262	0.707	1.414	0.5205519590641295	CACNA1C	0.9235910950014302	False
Adherens junction	1	10	160	2262	0.707	1.414	0.5205519590641295	IGF1R	0.9235910950014302	False
AGE-RAGE signaling pathway in diabetic complications	1	10	160	2262	0.707	1.414	0.5205519590641295	NFATC1	0.9235910950014302	False
Axon guidance	2	25	160	2262	1.768	1.131	0.537405475509237	SEMA3C;UNC5D	0.9235910950014302	False
Glutamatergic synapse	1	11	160	2262	0.778	1.285	0.5546157630382591	CACNA1C	0.9235910950014302	False
Type II diabetes mellitus	1	11	160	2262	0.778	1.285	0.5546157630382591	CACNA1C	0.9235910950014302	False
Protein digestion and absorption	1	11	160	2262	0.778	1.285	0.5546157630382591	COL11A2	0.9235910950014302	False
FoxO signaling pathway	1	12	160	2262	0.849	1.178	0.5862734609120386	IGF1R	0.9235910950014302	False
Glycerophospholipid metabolism	1	12	160	2262	0.849	1.178	0.5862734609120386	DGKI	0.9235910950014302	False
Aldosterone synthesis and secretion	1	12	160	2262	0.849	1.178	0.5862734609120386	CACNA1C	0.9235910950014302	False
Choline metabolism in cancer	1	12	160	2262	0.849	1.178	0.5862734609120386	DGKI	0.9235910950014302	False
B cell receptor signaling pathway	1	12	160	2262	0.849	1.178	0.5862734609120386	NFATC1	0.9235910950014302	False
Adrenergic signaling in cardiomyocytes	1	12	160	2262	0.849	1.178	0.5862734609120386	CACNA1C	0.9235910950014302	False
Sphingolipid signaling pathway	1	13	160	2262	0.92	1.087	0.6156940148027383	FCER1A	0.9235910950014302	False
Prostate cancer	1	13	160	2262	0.92	1.087	0.6156940148027383	IGF1R	0.9235910950014302	False
Human immunodeficiency virus 1 infection	1	13	160	2262	0.92	1.087	0.6156940148027383	NFATC1	0.9235910950014302	False
Hepatitis B	1	13	160	2262	0.92	1.087	0.6156940148027383	NFATC1	0.9235910950014302	False
Taste transduction	1	13	160	2262	0.92	1.087	0.6156940148027383	CACNA1C	0.9235910950014302	False
T cell receptor signaling pathway	1	13	160	2262	0.92	1.087	0.6156940148027383	NFATC1	0.9235910950014302	False
Serotonergic synapse	1	14	160	2262	0.99	1.01	0.6430345917843131	CACNA1C	0.9235910950014302	False
Cellular senescence	1	14	160	2262	0.99	1.01	0.6430345917843131	NFATC1	0.9235910950014302	False
Longevity regulating pathway	1	14	160	2262	0.99	1.01	0.6430345917843131	IGF1R	0.9235910950014302	False
Dopaminergic synapse	1	14	160	2262	0.99	1.01	0.6430345917843131	CACNA1C	0.9235910950014302	False
Kaposi sarcoma-associated herpesvirus infection	1	15	160	2262	1.061	0.942	0.6684413824046469	NFATC1	0.9235910950014302	False
Osteoclast differentiation	1	15	160	2262	1.061	0.942	0.6684413824046469	NFATC1	0.9235910950014302	False
Lipid and atherosclerosis	1	15	160	2262	1.061	0.942	0.6684413824046469	NFATC1	0.9235910950014302	False
Chemical carcinogenesis	2	33	160	2262	2.334	0.857	0.6901534255321631	CACNA1C;CHRNA4	0.9235910950014302	False
Natural killer cell mediated cytotoxicity	1	16	160	2262	1.132	0.884	0.6920503627407644	NFATC1	0.9235910950014302	False
Apelin signaling pathway	1	16	160	2262	1.132	0.884	0.6920503627407644	HDAC4	0.9235910950014302	False
Yersinia infection	1	17	160	2262	1.202	0.832	0.713988003863417	NFATC1	0.9235910950014302	False
Retrograde endocannabinoid signaling	1	17	160	2262	1.202	0.832	0.713988003863417	CACNA1C	0.9235910950014302	False
Breast cancer	1	17	160	2262	1.202	0.832	0.713988003863417	IGF1R	0.9235910950014302	False
mRNA surveillance pathway	1	18	160	2262	1.273	0.785	0.7343719323185856	GSPT1	0.9235910950014302	False
HIF-1 signaling pathway	1	18	160	2262	1.273	0.785	0.7343719323185856	IGF1R	0.9235910950014302	False
Autophagy	1	18	160	2262	1.273	0.785	0.7343719323185856	IGF1R	0.9235910950014302	False
Phagosome	1	18	160	2262	1.273	0.785	0.7343719323185856	DYNC1I1	0.9235910950014302	False
Endocytosis	2	36	160	2262	2.546	0.785	0.7357648481379976	IGF1R;SH3GL3	0.9235910950014302	False
Cushing syndrome	1	19	160	2262	1.344	0.744	0.7533115449874921	CACNA1C	0.9235910950014302	False
AMPK signaling pathway	1	19	160	2262	1.344	0.744	0.7533115449874921	IGF1R	0.9235910950014302	False
Wnt signaling pathway	1	19	160	2262	1.344	0.744	0.7533115449874921	NFATC1	0.9235910950014302	False
Alcoholism	1	20	160	2262	1.415	0.707	0.770908581457399	HDAC4	0.9235910950014302	False
Human T-cell leukemia virus 1 infection	1	20	160	2262	1.415	0.707	0.770908581457399	NFATC1	0.9235910950014302	False
Proteoglycans in cancer	1	21	160	2262	1.485	0.673	0.787257656821724	IGF1R	0.9235910950014302	False
Human cytomegalovirus infection	1	21	160	2262	1.485	0.673	0.787257656821724	NFATC1	0.9235910950014302	False
Neuroactive ligand-receptor interaction	2	42	160	2262	2.971	0.673	0.8100647234989902	ADCYAP1R1;CHRNA4	0.9235910950014302	False
Viral carcinogenesis	1	23	160	2262	1.627	0.615	0.8165577035124018	HDAC4	0.9235910950014302	False
Calcium signaling pathway	1	23	160	2262	1.627	0.615	0.8165577035124018	CACNA1C	0.9235910950014302	False
Rap1 signaling pathway	1	23	160	2262	1.627	0.615	0.8165577035124018	IGF1R	0.9235910950014302	False
Focal adhesion	1	24	160	2262	1.698	0.589	0.8296665768656916	IGF1R	0.9235910950014302	False
Neutrophil extracellular trap formation	1	24	160	2262	1.698	0.589	0.8296665768656916	HDAC4	0.9235910950014302	False
mTOR signaling pathway	1	24	160	2262	1.698	0.589	0.8296665768656916	IGF1R	0.9235910950014302	False
Salmonella infection	1	26	160	2262	1.839	0.544	0.8531561211279681	DYNC1I1	0.9281798784429566	False
Hepatocellular carcinoma	1	27	160	2262	1.91	0.524	0.8636637332118344	IGF1R	0.9281798784429566	False
Ras signaling pathway	1	27	160	2262	1.91	0.524	0.8636637332118344	IGF1R	0.9281798784429566	False
MicroRNAs in cancer	2	48	160	2262	3.395	0.589	0.8652524290569934	HDAC4;ZFPM2	0.9281798784429566	False
Regulation of actin cytoskeleton	1	28	160	2262	1.981	0.505	0.8734238238991303	PIP4K2A	0.9285046055864628	False
Pathways of neurodegeneration	2	51	160	2262	3.607	0.554	0.8869806365201863	CACNA1C;GPX6	0.930329959202503	False
Thermogenesis	1	30	160	2262	2.122	0.471	0.8909091982193461	PRDM16	0.930329959202503	False
Prion disease	1	37	160	2262	2.617	0.382	0.9352349220764236	CACNA1C	0.9644111127009756	False
Huntington disease	1	38	160	2262	2.688	0.372	0.939892186106883	GPX6	0.9644111127009756	False
Amyotrophic lateral sclerosis	1	41	160	2262	2.9	0.345	0.9519592017869556	GPX6	0.9683722914729376	False
Alzheimer disease	1	45	160	2262	3.183	0.314	0.9643846868812402	CACNA1C	0.9715555975050972	False
PI3K-Akt signaling pathway	1	48	160	2262	3.395	0.295	0.9715555975050972	IGF1R	0.9715555975050972	False
