sample_barcode	sample_class	sample_type	PC1	PC2
TCGA-3C-AAAU-01A	tumor	Primary Tumor	3.3097342140549655	-2.9838759995076143
TCGA-3C-AALK-01A	tumor	Primary Tumor	1.3384682119015339	2.2926431735094384
TCGA-4H-AAAK-01A	tumor	Primary Tumor	0.7550857961649683	-0.3081829391298465
TCGA-5L-AAT0-01A	tumor	Primary Tumor	0.35753037935105	-1.124009079480213
TCGA-5L-AAT1-01A	tumor	Primary Tumor	0.3487941693080163	0.3179898914141964
TCGA-A1-A0SE-01A	tumor	Primary Tumor	0.8720534880442852	-0.39539072540870307
TCGA-A1-A0SF-01A	tumor	Primary Tumor	1.495483600043875	-1.3102976739605756
TCGA-A1-A0SG-01A	tumor	Primary Tumor	2.526829932913385	-4.158805526991224
TCGA-A1-A0SH-01A	tumor	Primary Tumor	-0.7216795941215168	-0.1372163854144602
TCGA-A1-A0SJ-01A	tumor	Primary Tumor	1.2982186502189932	2.2115432183781834
TCGA-A1-A0SQ-01A	tumor	Primary Tumor	5.221588919096503	-4.944721187986846
TCGA-A2-A0CK-01A	tumor	Primary Tumor	1.4755044648331779	1.0853020087647105
TCGA-A2-A0CO-01A	tumor	Primary Tumor	2.177419903169416	-1.1163681770967295
TCGA-A2-A0CR-01A	tumor	Primary Tumor	-1.5613354201574965	0.8174233739855243
TCGA-A2-A0CT-01A	tumor	Primary Tumor	4.6258177125740465	5.531858906507933
TCGA-A2-A0EN-01A	tumor	Primary Tumor	-0.6807321239206009	0.7249695928080704
TCGA-A2-A0EP-01A	tumor	Primary Tumor	-4.2771848779298	0.6123994362994171
TCGA-A2-A0EU-01A	tumor	Primary Tumor	3.2703658648437446	-2.594810899813526
TCGA-A2-A0SU-01A	tumor	Primary Tumor	-1.8084217699820577	-0.8821672228142302
TCGA-A2-A0SY-01A	tumor	Primary Tumor	1.7554582629304636	3.7193390755134157
TCGA-A2-A0T4-01A	tumor	Primary Tumor	-0.6883778705577956	3.5734713069141644
TCGA-A2-A0T5-01A	tumor	Primary Tumor	0.1498738206575031	1.3719020721064472
TCGA-A2-A0T6-01A	tumor	Primary Tumor	0.6485687231083433	3.5556115604842753
TCGA-A2-A0T7-01A	tumor	Primary Tumor	-0.7536048774318386	0.6348455528915248
TCGA-A2-A0YC-01A	tumor	Primary Tumor	3.601955740906242	0.1861963040110297
TCGA-A2-A0YD-01A	tumor	Primary Tumor	0.042553945680093144	2.0299920793027373
TCGA-A2-A0YF-01A	tumor	Primary Tumor	4.284825551626314	-2.707029570500003
TCGA-A2-A0YI-01A	tumor	Primary Tumor	-0.12846542957887447	1.5712903385941466
TCGA-A2-A0YL-01A	tumor	Primary Tumor	-1.0219385219533539	-0.9391551856986552
TCGA-A2-A1FV-01A	tumor	Primary Tumor	7.435492130055815	-0.8643870066670694
TCGA-A2-A1FZ-01A	tumor	Primary Tumor	-0.5623523802882046	1.9629627191356251
TCGA-A2-A1G0-01A	tumor	Primary Tumor	0.4625393806244516	-2.743374822683673
TCGA-A2-A259-01A	tumor	Primary Tumor	-1.861509477573876	0.3636548872469692
TCGA-A2-A25D-01A	tumor	Primary Tumor	1.313729620431507	-0.6459392620990139
TCGA-A2-A3KC-01A	tumor	Primary Tumor	-0.03467161705983494	2.000164975391401
TCGA-A2-A3KD-01A	tumor	Primary Tumor	-1.0482170327337226	0.3339616327881393
TCGA-A2-A4RW-01A	tumor	Primary Tumor	-1.1391242696524124	2.89488520968819
TCGA-A2-A4S0-01A	tumor	Primary Tumor	-0.49614273965521954	-1.857505792272513
TCGA-A2-A4S2-01A	tumor	Primary Tumor	1.1877593019623327	1.084872037765349
TCGA-A7-A0D9-01A	tumor	Primary Tumor	1.8554094061042652	2.1964141685277134
TCGA-A7-A0DC-01B	tumor	Primary Tumor	2.5075397247517195	-3.2740265914597093
TCGA-A7-A13G-01A	tumor	Primary Tumor	0.7912594583731274	0.7369671667396503
TCGA-A7-A13G-01B	tumor	Primary Tumor	-0.5430699895539096	1.3528221597894619
TCGA-A7-A13H-01A	tumor	Primary Tumor	-0.7055980713598337	-0.03372441667585904
TCGA-A7-A26E-01A	tumor	Primary Tumor	1.6863572944316412	3.1306879970922443
TCGA-A7-A26E-01B	tumor	Primary Tumor	1.3325341962447037	3.171832684909419
TCGA-A7-A26H-01A	tumor	Primary Tumor	2.7650950274655175	0.22471873221235408
TCGA-A7-A26J-01A	tumor	Primary Tumor	3.9406649196174537	0.6656994418275273
TCGA-A7-A26J-01B	tumor	Primary Tumor	1.2352886483779852	1.086984379995267
TCGA-A7-A3IY-01A	tumor	Primary Tumor	-3.7100099784177005	-1.4611442674550679
TCGA-A7-A3IZ-01A	tumor	Primary Tumor	6.395175403561459	-1.7593072570775279
TCGA-A7-A3J0-01A	tumor	Primary Tumor	0.07899947503004749	-4.0388008265677815
TCGA-A7-A3J1-01A	tumor	Primary Tumor	0.26859555896145915	0.8639307916551282
TCGA-A7-A3RF-01A	tumor	Primary Tumor	3.5019132473922765	-4.970562875474672
TCGA-A7-A425-01A	tumor	Primary Tumor	1.278905506722821	-1.9217513095924739
TCGA-A7-A426-01A	tumor	Primary Tumor	0.3305770348012246	-0.11560478130681667
TCGA-A7-A4SA-01A	tumor	Primary Tumor	-0.6739652319926656	-2.268712080215976
TCGA-A7-A4SB-01A	tumor	Primary Tumor	2.944727613260073	-4.154298859131664
TCGA-A7-A4SC-01A	tumor	Primary Tumor	-0.5866430533847925	2.7074685031473487
TCGA-A7-A56D-01A	tumor	Primary Tumor	2.1707250526549635	0.869494854806238
TCGA-A7-A5ZW-01A	tumor	Primary Tumor	-2.2062063112825734	1.4536028366653038
TCGA-A7-A5ZX-01A	tumor	Primary Tumor	-1.3960592690005014	1.6955589247977754
TCGA-A8-A08O-01A	tumor	Primary Tumor	2.688417329948249	-2.188491867455384
TCGA-A8-A0A6-01A	tumor	Primary Tumor	0.08484595105201632	3.429545009245659
TCGA-A8-A0AD-01A	tumor	Primary Tumor	3.9716601362967485	-6.598668450135333
TCGA-AC-A23C-01A	tumor	Primary Tumor	0.6248867164530856	0.8322763425515073
TCGA-AC-A23E-01A	tumor	Primary Tumor	2.108180203360359	-0.3126637617608678
TCGA-AC-A23G-01A	tumor	Primary Tumor	-1.513112276763171	0.19923672842348242
TCGA-AC-A2B8-01A	tumor	Primary Tumor	0.9029314674775685	-0.38190143757208905
TCGA-AC-A2FB-01A	tumor	Primary Tumor	-2.2726602457939533	1.2076988470244763
TCGA-AC-A2FE-01A	tumor	Primary Tumor	-1.1177634599313184	3.018221692331805
TCGA-AC-A2FF-01A	tumor	Primary Tumor	-3.3480894074325644	-0.11640269323748816
TCGA-AC-A2FG-01A	tumor	Primary Tumor	0.7549395069782333	-1.7063469624657346
TCGA-AC-A2FM-01A	tumor	Primary Tumor	3.2411427531948074	6.879345783743168
TCGA-AC-A2FO-01A	tumor	Primary Tumor	0.3206418295030433	-1.0240149695557197
TCGA-AC-A2QI-01A	tumor	Primary Tumor	2.435977054423946	-5.91782141610039
TCGA-AC-A3BB-01A	tumor	Primary Tumor	-0.38214296901386335	0.2232739042304707
TCGA-AC-A3EH-01A	tumor	Primary Tumor	4.292838997508189	1.3602862571884973
TCGA-AC-A3HN-01A	tumor	Primary Tumor	-1.1410796386468853	1.1460268921818204
TCGA-AC-A3OD-01A	tumor	Primary Tumor	-1.2598894956021898	3.8986254571345023
TCGA-AC-A3OD-01B	tumor	Primary Tumor	-0.9741604143334651	4.307106044983926
TCGA-AC-A3QP-01A	tumor	Primary Tumor	-1.0866640226889124	-0.5698801499670942
TCGA-AC-A3QQ-01A	tumor	Primary Tumor	4.148708083116667	-2.7653130982706733
TCGA-AC-A3TM-01A	tumor	Primary Tumor	1.0435928458058366	1.1509606570003117
TCGA-AC-A3TN-01A	tumor	Primary Tumor	3.436826637091753	2.3006297600278103
TCGA-AC-A3W6-01A	tumor	Primary Tumor	-0.9877381018753043	0.16979592728981505
TCGA-AC-A3W7-01A	tumor	Primary Tumor	0.41289473844478086	1.7690992374737522
TCGA-AC-A3YJ-01A	tumor	Primary Tumor	1.6314634692841412	0.5464475692321211
TCGA-AC-A4ZE-01A	tumor	Primary Tumor	5.908771306389034	1.8938273939684367
TCGA-AC-A5XS-01A	tumor	Primary Tumor	0.7045406500513721	-1.0421797172949099
TCGA-AC-A5XU-01A	tumor	Primary Tumor	4.990460714689203	0.8996244980863697
TCGA-AC-A62Y-01A	tumor	Primary Tumor	-0.17834799602599533	-0.18574574194680174
TCGA-AC-A6IV-01A	tumor	Primary Tumor	-1.6397164817912335	-0.30217159373800306
TCGA-AC-A6IX-01A	tumor	Primary Tumor	-0.7980433187433641	2.7740055409215767
TCGA-AC-A6NO-01A	tumor	Primary Tumor	2.96581956335194	-2.5568537160628217
TCGA-AC-A8OP-01A	tumor	Primary Tumor	3.3869285275666114	1.5734931314596543
TCGA-AC-A8OR-01A	tumor	Primary Tumor	-0.6445981120504268	-0.8329537560433953
TCGA-AC-A8OS-01A	tumor	Primary Tumor	0.9871131642757199	-0.8611571238138628
TCGA-AN-A0XL-01A	tumor	Primary Tumor	1.9845636889241207	-5.318401634755641
TCGA-AN-A0XN-01A	tumor	Primary Tumor	0.4039528426582916	5.24835909713134
TCGA-AN-A0XO-01A	tumor	Primary Tumor	2.892957099558742	0.3070052405910215
TCGA-AN-A0XP-01A	tumor	Primary Tumor	2.9942489583795306	-1.6532265399905257
TCGA-AN-A0XS-01A	tumor	Primary Tumor	1.484084333907302	-0.7994958535055126
TCGA-AN-A0XT-01A	tumor	Primary Tumor	1.948689482318646	-6.714373453573699
TCGA-AN-A0XV-01A	tumor	Primary Tumor	1.5365602583367266	2.5260530223161473
TCGA-AN-A0XW-01A	tumor	Primary Tumor	-0.603671813345809	-0.44900791760406655
TCGA-AO-A03L-01A	tumor	Primary Tumor	2.945988504615161	-0.5236636912684134
TCGA-AO-A03M-01B	tumor	Primary Tumor	-0.7478733735711525	-0.33611912470871363
TCGA-AO-A0JA-01A	tumor	Primary Tumor	2.1022138662810717	2.1140176435761675
TCGA-AO-A0JC-01A	tumor	Primary Tumor	-3.6301725990102556	0.20933652131481248
TCGA-AO-A0JF-01A	tumor	Primary Tumor	-1.193597498666282	-0.5614001511516686
TCGA-AO-A0JG-01A	tumor	Primary Tumor	1.3052242798419256	0.9726547146231114
TCGA-AO-A0JI-01A	tumor	Primary Tumor	2.7469525484411723	8.850048871119737
TCGA-AO-A0JJ-01A	tumor	Primary Tumor	0.707906299293538	0.5786939153959384
TCGA-AO-A125-01A	tumor	Primary Tumor	6.014880115822631	0.5664495283143073
TCGA-AO-A126-01A	tumor	Primary Tumor	1.760654366767459	2.7855039543884077
TCGA-AO-A12B-01A	tumor	Primary Tumor	3.1975040480472585	-0.9964706631614552
TCGA-AO-A12C-01A	tumor	Primary Tumor	2.933702929674876	2.976344841418652
TCGA-AO-A12E-01A	tumor	Primary Tumor	2.2671141136312163	3.2558951105654215
TCGA-AO-A12G-01A	tumor	Primary Tumor	2.5933700094142482	2.304023124174019
TCGA-AQ-A04L-01B	tumor	Primary Tumor	4.326474162794187	0.4524724946885763
TCGA-AQ-A0Y5-01A	tumor	Primary Tumor	0.8602270997663288	0.8591506401403799
TCGA-AQ-A1H2-01A	tumor	Primary Tumor	6.4639021461167845	-5.004526157415001
TCGA-AQ-A1H3-01A	tumor	Primary Tumor	0.7280618564763378	2.301336495557436
TCGA-AQ-A7U7-01A	tumor	Primary Tumor	-1.1457438746564763	1.7632008412060995
TCGA-AR-A0TR-01A	tumor	Primary Tumor	3.3021404563651746	-0.029247323989810902
TCGA-AR-A0TW-01A	tumor	Primary Tumor	2.870262017381115	0.0858384238308452
TCGA-AR-A0TZ-01A	tumor	Primary Tumor	4.293419443514007	6.584002951411536
TCGA-AR-A0U3-01A	tumor	Primary Tumor	5.523510382011007	2.5781016546755247
TCGA-AR-A1AK-01A	tumor	Primary Tumor	-0.10921630021006067	1.6039260660500598
TCGA-AR-A1AL-01A	tumor	Primary Tumor	0.042594502231474554	-1.3665180489253947
TCGA-AR-A1AM-01A	tumor	Primary Tumor	-0.48995830291838244	-2.3591624020004014
TCGA-AR-A1AN-01A	tumor	Primary Tumor	-0.2576882491440886	-1.7519228007761514
TCGA-AR-A1AP-01A	tumor	Primary Tumor	2.01663438825384	3.8322900331976775
TCGA-AR-A1AS-01A	tumor	Primary Tumor	4.730032074551417	-2.257919031618388
TCGA-AR-A1AU-01A	tumor	Primary Tumor	-0.586240322458299	0.05801251244076013
TCGA-AR-A1AX-01A	tumor	Primary Tumor	-2.8521105181257984	0.21374684027344626
TCGA-AR-A24L-01A	tumor	Primary Tumor	0.49156479261582686	-2.000077878272009
TCGA-AR-A24M-01A	tumor	Primary Tumor	1.796429051411108	0.6701610004475624
TCGA-AR-A24O-01A	tumor	Primary Tumor	-0.9434002780564479	-1.0899160907727306
TCGA-AR-A24P-01A	tumor	Primary Tumor	0.2900559516801341	2.6554562363650893
TCGA-AR-A24T-01A	tumor	Primary Tumor	-0.19061490949418186	4.433175748178503
TCGA-AR-A24V-01A	tumor	Primary Tumor	3.5304250385279916	-4.313622195156174
TCGA-AR-A24W-01A	tumor	Primary Tumor	-2.4387843347973224	-0.12362039499609351
TCGA-AR-A24X-01A	tumor	Primary Tumor	1.5191933830450288	3.2168492286799286
TCGA-AR-A252-01A	tumor	Primary Tumor	-2.2290861419729784	0.21190566887185797
TCGA-AR-A255-01A	tumor	Primary Tumor	2.8561131061700182	0.5757701343948236
TCGA-AR-A2LE-01A	tumor	Primary Tumor	3.3909680993264617	-2.195997327350209
TCGA-AR-A2LJ-01A	tumor	Primary Tumor	-2.322509644108567	0.9295278382083892
TCGA-AR-A2LM-01A	tumor	Primary Tumor	0.2047794182717712	0.19928047809777077
TCGA-AR-A2LN-01A	tumor	Primary Tumor	-0.28795220354892825	-0.6176695039225917
TCGA-AR-A2LO-01A	tumor	Primary Tumor	-2.027510931990677	0.8987436995551625
TCGA-AR-A5QM-01A	tumor	Primary Tumor	0.9233905423163932	2.312923284933989
TCGA-AR-A5QN-01A	tumor	Primary Tumor	0.4013967950339016	4.613569047200779
TCGA-AR-A5QP-01A	tumor	Primary Tumor	-1.6845062705792324	2.1935740927667027
TCGA-B6-A0RG-01A	tumor	Primary Tumor	6.5302886640052735	-8.2233390230801
TCGA-B6-A0RI-01A	tumor	Primary Tumor	3.1306889696959175	-3.5038308054426346
TCGA-B6-A0RM-01A	tumor	Primary Tumor	1.9773249980395107	-0.390740524713779
TCGA-B6-A0RN-01A	tumor	Primary Tumor	4.691198424363452	1.004710937912826
TCGA-B6-A0RO-01A	tumor	Primary Tumor	1.5783121545837866	1.4116523626260367
TCGA-B6-A0RP-01A	tumor	Primary Tumor	3.417272416189605	-2.5935534377498235
TCGA-B6-A0RV-01A	tumor	Primary Tumor	-0.9750083308848332	2.5675555747048286
TCGA-B6-A0WT-01A	tumor	Primary Tumor	2.974982070267178	-2.7965111147970796
TCGA-B6-A0WY-01A	tumor	Primary Tumor	-1.3301106782598189	1.0777704749818766
TCGA-B6-A0WZ-01A	tumor	Primary Tumor	2.276071934876811	1.0356945094253194
TCGA-B6-A0X4-01A	tumor	Primary Tumor	1.6900393713163486	-1.9588151938418084
TCGA-B6-A0X7-01A	tumor	Primary Tumor	0.8073127003443236	1.1297564524814334
TCGA-B6-A1KI-01A	tumor	Primary Tumor	0.4974259076877499	-1.2281256498623843
TCGA-B6-A2IU-01A	tumor	Primary Tumor	3.609591290753696	-2.367366414506695
TCGA-B6-A401-01A	tumor	Primary Tumor	-0.20578990663323152	0.4786822158245147
TCGA-B6-A408-01A	tumor	Primary Tumor	3.3027319810746403	-1.9829003764702793
TCGA-B6-A40B-01A	tumor	Primary Tumor	2.625338991924739	1.7764300203878245
TCGA-B6-A40C-01A	tumor	Primary Tumor	3.287609921211473	1.4282882802679622
TCGA-BH-A0AZ-01A	tumor	Primary Tumor	0.385531931670496	-1.8046221959446165
TCGA-BH-A0B2-01A	tumor	Primary Tumor	-0.5263011221122563	1.2520999486641013
TCGA-BH-A0B5-01A	tumor	Primary Tumor	3.390765277885961	1.0284018636770502
TCGA-BH-A0B6-01A	tumor	Primary Tumor	-0.058020888749895	0.40796616426246746
TCGA-BH-A0B8-01A	tumor	Primary Tumor	5.63054041373953	0.9770788410473037
TCGA-BH-A0BA-01A	tumor	Primary Tumor	3.2728130548926435	-0.08052054971465344
TCGA-BH-A0BC-01A	tumor	Primary Tumor	0.339385795696962	0.3285434936424194
TCGA-BH-A0BJ-01A	tumor	Primary Tumor	-1.3761938975691963	0.04449360458922479
TCGA-BH-A0BM-01A	tumor	Primary Tumor	0.05207777570311452	0.3650544420152669
TCGA-BH-A0BS-01A	tumor	Primary Tumor	2.920873141354624	-2.73478019236382
TCGA-BH-A0BT-01A	tumor	Primary Tumor	3.684180399778532	-2.9870505222693446
TCGA-BH-A0DG-01A	tumor	Primary Tumor	-0.9473357746943502	1.2685998206141544
TCGA-BH-A0DH-01A	tumor	Primary Tumor	5.726528609500164	-0.8238964043231753
TCGA-BH-A0DI-01A	tumor	Primary Tumor	-1.6253716968857148	2.4096510997930567
TCGA-BH-A0DK-01A	tumor	Primary Tumor	1.6064156907738267	3.2471524635410627
TCGA-BH-A0DP-01A	tumor	Primary Tumor	1.3218182323084562	1.7060578740407704
TCGA-BH-A0DQ-01A	tumor	Primary Tumor	3.0335523661151593	-4.834029865363381
TCGA-BH-A0DS-01A	tumor	Primary Tumor	3.219506142546334	3.521964625010956
TCGA-BH-A0DV-01A	tumor	Primary Tumor	-1.9165906188977044	0.036365804579285885
TCGA-BH-A0E1-01A	tumor	Primary Tumor	0.06526422400956279	1.3331587980750743
TCGA-BH-A0E2-01A	tumor	Primary Tumor	1.8254296277261794	2.635190424230563
TCGA-BH-A0GY-01A	tumor	Primary Tumor	1.615878990280696	-1.7084592492678048
TCGA-BH-A0GZ-01A	tumor	Primary Tumor	1.1439433224572444	3.335197805547756
TCGA-BH-A0H3-01A	tumor	Primary Tumor	-0.46717842339126786	1.2431309875412078
TCGA-BH-A0H6-01A	tumor	Primary Tumor	1.6189306630055738	-2.4365419347031003
TCGA-BH-A0H7-01A	tumor	Primary Tumor	4.212295141693037	-1.2197340233255523
TCGA-BH-A0H9-01A	tumor	Primary Tumor	1.0599803106727932	-6.280612632348531
TCGA-BH-A0HA-01A	tumor	Primary Tumor	1.2233321429614183	2.426440307060987
TCGA-BH-A0HB-01A	tumor	Primary Tumor	2.446701896794505	0.5811038536826034
TCGA-BH-A0HF-01A	tumor	Primary Tumor	0.10980089212792102	-1.0229094712936797
TCGA-BH-A0HI-01A	tumor	Primary Tumor	0.7546525893590107	0.9049767878977881
TCGA-BH-A0HK-01A	tumor	Primary Tumor	4.599524736177078	2.336125319572205
TCGA-BH-A0HN-01A	tumor	Primary Tumor	4.698200735551656	0.2869922815173949
TCGA-BH-A0HP-01A	tumor	Primary Tumor	0.3688136950467026	1.5390636511086646
TCGA-BH-A0HX-01A	tumor	Primary Tumor	3.082479512389182	0.09072320662727656
TCGA-BH-A0W4-01A	tumor	Primary Tumor	0.8479849088434767	-0.6612540182344753
TCGA-BH-A0W5-01A	tumor	Primary Tumor	-1.1763130042306933	-0.18921773360740446
TCGA-BH-A1EO-01A	tumor	Primary Tumor	2.134543083180234	1.5221671493456308
TCGA-BH-A1ES-01A	tumor	Primary Tumor	1.001465959261238	3.3756238958803615
TCGA-BH-A1ET-01A	tumor	Primary Tumor	3.065137268920006	-2.023432630039875
TCGA-BH-A1EU-01A	tumor	Primary Tumor	-1.427745013659175	0.44647431941403826
TCGA-BH-A1EW-01A	tumor	Primary Tumor	0.23452094106251065	2.3626530683049896
TCGA-BH-A1EX-01A	tumor	Primary Tumor	2.388013841494983	-2.4149806281985855
TCGA-BH-A1EY-01A	tumor	Primary Tumor	-0.26407723286081497	1.1603633520885968
TCGA-BH-A1F5-01A	tumor	Primary Tumor	2.6008300439368934	-0.6424660014479201
TCGA-BH-A1FB-01A	tumor	Primary Tumor	-3.1490234492034337	-0.13890903082408454
TCGA-BH-A1FE-01A	tumor	Primary Tumor	-0.8791887173157132	-0.2013464773994491
TCGA-BH-A1FG-01A	tumor	Primary Tumor	0.9118990601543403	0.7850743445580514
TCGA-BH-A1FH-01A	tumor	Primary Tumor	-3.8169864722615934	0.13308014101832968
TCGA-BH-A1FL-01A	tumor	Primary Tumor	4.405474658201882	0.04617959187625679
TCGA-BH-A1FR-01A	tumor	Primary Tumor	0.12454832683995566	-1.964600291640986
TCGA-BH-A201-01A	tumor	Primary Tumor	-0.9269316358265648	-0.16486402548769238
TCGA-BH-A28Q-01A	tumor	Primary Tumor	1.7777632477339926	2.5068808660728177
TCGA-BH-A2L8-01A	tumor	Primary Tumor	-1.6681753247229316	0.6013881331369848
TCGA-BH-A42V-01A	tumor	Primary Tumor	-0.5203733174880256	0.9463889037047636
TCGA-BH-A5J0-01A	tumor	Primary Tumor	3.2704370706139896	-3.8508222679264876
TCGA-BH-A6R8-01A	tumor	Primary Tumor	4.999525024919558	-3.119528620442621
TCGA-BH-A8FY-01A	tumor	Primary Tumor	6.964296771386161	-0.7599295093944219
TCGA-BH-A8G0-01A	tumor	Primary Tumor	-2.326162558941612	0.5088561551659382
TCGA-BH-AB28-01A	tumor	Primary Tumor	1.4417662607111146	3.053735052759548
TCGA-C8-A1HE-01A	tumor	Primary Tumor	1.7231542757784064	3.9398269412435827
TCGA-C8-A1HI-01A	tumor	Primary Tumor	-0.43887076545114506	-0.06797960038336753
TCGA-C8-A1HO-01A	tumor	Primary Tumor	3.574094053366284	4.606928965576087
TCGA-C8-A26Z-01A	tumor	Primary Tumor	5.345476089057755	-3.0344413266127828
TCGA-C8-A273-01A	tumor	Primary Tumor	2.8813306979278535	0.8731883523525896
TCGA-C8-A3M7-01A	tumor	Primary Tumor	-0.867490342053919	1.2340639750204734
TCGA-D8-A1JB-01A	tumor	Primary Tumor	-2.4491476583981404	0.3492353068100754
TCGA-D8-A1JH-01A	tumor	Primary Tumor	-1.4933301094927827	0.35920329170119647
TCGA-D8-A1JN-01A	tumor	Primary Tumor	5.553225410791293	1.9240277554566771
TCGA-D8-A1JP-01A	tumor	Primary Tumor	0.30752053525681267	0.21318113675572142
TCGA-D8-A1JS-01A	tumor	Primary Tumor	4.232584965091982	-1.2347008300978597
TCGA-D8-A1JU-01A	tumor	Primary Tumor	-1.614163757903863	-0.7585006935737508
TCGA-D8-A1X8-01A	tumor	Primary Tumor	1.6381982232061993	-0.3686736442199387
TCGA-D8-A1X9-01A	tumor	Primary Tumor	5.097006620235014	-0.15357768137230313
TCGA-D8-A1XA-01A	tumor	Primary Tumor	5.596930412681541	-2.002032170177446
TCGA-D8-A1XB-01A	tumor	Primary Tumor	1.281444281117424	1.7348623747832546
TCGA-D8-A1XC-01A	tumor	Primary Tumor	3.1235918131011444	-1.188818570071061
TCGA-D8-A1XD-01A	tumor	Primary Tumor	1.6212042835154545	0.49034467281009114
TCGA-D8-A1XG-01A	tumor	Primary Tumor	-0.7362643659195105	-1.631235258405808
TCGA-D8-A1XM-01A	tumor	Primary Tumor	-0.3835878513628247	0.169317123502387
TCGA-D8-A1XO-01A	tumor	Primary Tumor	0.14312481963118528	0.5729005190070044
TCGA-D8-A1XU-01A	tumor	Primary Tumor	0.954988291171312	2.8298409630393477
TCGA-D8-A1XV-01A	tumor	Primary Tumor	3.2674499869311138	0.5648982699320712
TCGA-D8-A1XY-01A	tumor	Primary Tumor	1.9506274289902399	-7.452128843626472
TCGA-D8-A1Y0-01A	tumor	Primary Tumor	1.1263976487925909	1.14540937170899
TCGA-D8-A27E-01A	tumor	Primary Tumor	-1.865611716614235	-1.927006555962569
TCGA-D8-A27G-01A	tumor	Primary Tumor	1.725806570283734	2.5586943234265327
TCGA-D8-A27I-01A	tumor	Primary Tumor	-1.533285108580492	-0.4279391990776862
TCGA-D8-A27K-01A	tumor	Primary Tumor	-0.31192484180623814	2.5509845281428656
TCGA-D8-A27L-01A	tumor	Primary Tumor	-0.24969265340226826	-2.200284625132687
TCGA-D8-A27P-01A	tumor	Primary Tumor	-0.34628604878174196	-1.4035941385073343
TCGA-D8-A27T-01A	tumor	Primary Tumor	3.385520626421869	-2.5976009798515154
TCGA-D8-A27V-01A	tumor	Primary Tumor	2.8161508764732885	-3.6962001245375604
TCGA-D8-A3Z5-01A	tumor	Primary Tumor	0.0965642246400388	-0.0727708953239476
TCGA-D8-A3Z6-01A	tumor	Primary Tumor	2.4328201926364903	-0.1226925817584128
TCGA-D8-A4Z1-01A	tumor	Primary Tumor	-3.030221587370643	-0.2767527574006878
TCGA-D8-A73U-01A	tumor	Primary Tumor	-1.4752950937989175	-0.21068142613667443
TCGA-D8-A73W-01A	tumor	Primary Tumor	1.7309830586692236	-2.0942538962872947
TCGA-D8-A73X-01A	tumor	Primary Tumor	0.9651643096172962	3.0379832519986585
TCGA-E2-A105-01A	tumor	Primary Tumor	5.914539440605865	2.102214458698647
TCGA-E2-A106-01A	tumor	Primary Tumor	3.27011370587019	-0.03986335009100252
TCGA-E2-A107-01A	tumor	Primary Tumor	2.6546715835747907	1.1285226449824852
TCGA-E2-A10B-01A	tumor	Primary Tumor	1.3604821739318562	2.714244396485764
TCGA-E2-A10E-01A	tumor	Primary Tumor	2.990434628194195	4.3701487046474625
TCGA-E2-A10F-01A	tumor	Primary Tumor	1.2471306301422347	2.0134216760836634
TCGA-E2-A14U-01A	tumor	Primary Tumor	-2.904451810094665	0.5617041375906973
TCGA-E2-A15I-01A	tumor	Primary Tumor	2.0411172793639403	-4.469532002960002
TCGA-E2-A15J-01A	tumor	Primary Tumor	3.1314457959111928	2.959642651119475
TCGA-E2-A1B1-01A	tumor	Primary Tumor	-3.146755161443924	-0.44374650502064167
TCGA-E2-A1B4-01A	tumor	Primary Tumor	3.349170112707644	-1.7017144183555588
TCGA-E2-A1B5-01A	tumor	Primary Tumor	-3.098733182201555	1.5496737277794834
TCGA-E2-A1BC-01A	tumor	Primary Tumor	-0.057049825319828044	0.970560814556984
TCGA-E2-A1BD-01A	tumor	Primary Tumor	2.8312463094566342	3.121139936966939
TCGA-E2-A1IE-01A	tumor	Primary Tumor	3.968737418366173	-0.31795919133071965
TCGA-E2-A1IF-01A	tumor	Primary Tumor	-1.5116793294403843	-2.10280340159444
TCGA-E2-A1IG-01A	tumor	Primary Tumor	4.68474220398203	-2.54555841796266
TCGA-E2-A1IH-01A	tumor	Primary Tumor	0.09811588210028627	0.5054260700689988
TCGA-E2-A1IJ-01A	tumor	Primary Tumor	-0.6160511240447715	0.04114788294275912
TCGA-E2-A1IK-01A	tumor	Primary Tumor	-1.4713561583066952	-2.832253788651775
TCGA-E2-A1IL-01A	tumor	Primary Tumor	1.31266387232201	-0.7355368742813401
TCGA-E2-A1IN-01A	tumor	Primary Tumor	2.852619880160154	-2.921248430962097
TCGA-E2-A1IO-01A	tumor	Primary Tumor	0.2419289029149329	-1.8263698155460244
TCGA-E2-A1IU-01A	tumor	Primary Tumor	2.2938514363516482	-2.370146723617373
TCGA-E2-A1L6-01A	tumor	Primary Tumor	-0.1513524567485142	-0.20933640197306372
TCGA-E2-A1L8-01A	tumor	Primary Tumor	3.1850797712802956	-3.1243606106468653
TCGA-E2-A1L9-01A	tumor	Primary Tumor	0.9333829285247456	-0.6554131785441876
TCGA-E2-A1LA-01A	tumor	Primary Tumor	2.4882143528156355	-5.405862274442119
TCGA-E2-A2P5-01A	tumor	Primary Tumor	3.640657297612602	0.4517226464805923
TCGA-E2-A2P6-01A	tumor	Primary Tumor	4.6924156550930896	0.2973545827599867
TCGA-E2-A3DX-01A	tumor	Primary Tumor	-2.13991798626782	-0.41605823191814434
TCGA-E2-A570-01A	tumor	Primary Tumor	0.9011886408072322	0.001247352840598368
TCGA-E2-A572-01A	tumor	Primary Tumor	3.278801228295034	-0.775931457819039
TCGA-E2-A576-01A	tumor	Primary Tumor	4.51404508965754	3.756818343830314
TCGA-E9-A1N3-01A	tumor	Primary Tumor	1.5706478436629216	-2.920881185072566
TCGA-E9-A1N4-01A	tumor	Primary Tumor	1.3980218426022022	-3.9364015490445814
TCGA-E9-A1N5-01A	tumor	Primary Tumor	0.735687709773171	1.1987183604694207
TCGA-E9-A1NE-01A	tumor	Primary Tumor	-2.8414826406293168	0.4951315404684421
TCGA-E9-A1NG-01A	tumor	Primary Tumor	-1.6658439571942338	-2.8668779919452896
TCGA-E9-A1NH-01A	tumor	Primary Tumor	0.9346955512736292	1.6343918788990945
TCGA-E9-A1QZ-01A	tumor	Primary Tumor	-1.2834249426760924	-1.8055460369689238
TCGA-E9-A1R0-01A	tumor	Primary Tumor	1.6027024444367686	-1.5904608974079617
TCGA-E9-A1R2-01A	tumor	Primary Tumor	0.2507050410496953	1.8021533546930417
TCGA-E9-A1R3-01A	tumor	Primary Tumor	0.7024349061578211	-4.061155175166429
TCGA-E9-A1R5-01A	tumor	Primary Tumor	1.7763310173104043	3.6406407781832275
TCGA-E9-A1R6-01A	tumor	Primary Tumor	4.273554612359718	2.129593044617829
TCGA-E9-A1RA-01A	tumor	Primary Tumor	-1.0039699999754437	0.8416844898071972
TCGA-E9-A1RC-01A	tumor	Primary Tumor	2.6277397570999774	5.386077284963474
TCGA-E9-A1RD-01A	tumor	Primary Tumor	1.9008963441044497	0.5981271859751167
TCGA-E9-A1RF-01A	tumor	Primary Tumor	2.0582961528530674	1.0420243304225507
TCGA-E9-A1RI-01A	tumor	Primary Tumor	-0.3341602310038819	1.6426603226122307
TCGA-E9-A227-01A	tumor	Primary Tumor	0.3753656821782558	-2.737512404926213
TCGA-E9-A229-01A	tumor	Primary Tumor	0.7518222340324802	-1.1808705601075125
TCGA-E9-A22B-01A	tumor	Primary Tumor	1.2075426672148	2.5115570500555227
TCGA-E9-A245-01A	tumor	Primary Tumor	1.3423918065073148	-3.4087869146593044
TCGA-E9-A247-01A	tumor	Primary Tumor	3.2389233456589586	5.031714328380145
TCGA-E9-A24A-01A	tumor	Primary Tumor	-0.8112525727963805	-1.4550762474518661
TCGA-E9-A295-01A	tumor	Primary Tumor	2.330145017192521	2.1191219957793868
TCGA-E9-A2JT-01A	tumor	Primary Tumor	-3.5558473084492084	0.4612625113128876
TCGA-E9-A3Q9-01A	tumor	Primary Tumor	3.4416129298157303	-6.518682418347736
TCGA-E9-A3X8-01A	tumor	Primary Tumor	-1.3216163848567233	1.0046846006047738
TCGA-E9-A5FK-01A	tumor	Primary Tumor	-1.062985864552321	1.5050481789824193
TCGA-E9-A5UP-01A	tumor	Primary Tumor	2.9427210560583905	1.9335002700597423
TCGA-E9-A6HE-01A	tumor	Primary Tumor	1.2019761557471105	2.155266487960415
TCGA-EW-A1IW-01A	tumor	Primary Tumor	0.3209837693375795	4.504977490366748
TCGA-EW-A1IX-01A	tumor	Primary Tumor	0.19233327140903939	-2.2459872929228926
TCGA-EW-A1IZ-01A	tumor	Primary Tumor	-0.24708720606185144	0.14665696685438964
TCGA-EW-A1J1-01A	tumor	Primary Tumor	3.0284882616126456	-5.803310692731729
TCGA-EW-A1J2-01A	tumor	Primary Tumor	0.420431706119772	0.3715093409076563
TCGA-EW-A1J3-01A	tumor	Primary Tumor	3.1058368492394237	-0.6653828959625396
TCGA-EW-A1J5-01A	tumor	Primary Tumor	3.7758258807499363	-0.7039974890150017
TCGA-EW-A1P3-01A	tumor	Primary Tumor	2.132935289178144	-0.2442126485183523
TCGA-EW-A1P5-01A	tumor	Primary Tumor	1.8241071608048605	0.9905788348428289
TCGA-EW-A1P6-01A	tumor	Primary Tumor	2.753376971846578	-4.643977145401294
TCGA-EW-A1PA-01A	tumor	Primary Tumor	1.8025521316638804	0.5779588984403107
TCGA-EW-A1PE-01A	tumor	Primary Tumor	1.527789729405405	-1.744936022577697
TCGA-EW-A1PF-01A	tumor	Primary Tumor	-0.9937732222623084	0.5040540358582062
TCGA-EW-A2FS-01A	tumor	Primary Tumor	1.5148944291717028	-0.0774804219574709
TCGA-EW-A2FV-01A	tumor	Primary Tumor	0.7219910012056356	-0.7292602855169396
TCGA-EW-A3E8-01B	tumor	Primary Tumor	1.2531003721357572	1.5689512873722726
TCGA-EW-A423-01A	tumor	Primary Tumor	4.741586188348088	1.9773661463889798
TCGA-EW-A424-01A	tumor	Primary Tumor	1.7643086964061898	3.8488031150611732
TCGA-EW-A6S9-01A	tumor	Primary Tumor	1.4069894544998827	0.05518470863626487
TCGA-EW-A6SC-01A	tumor	Primary Tumor	3.439908734093419	-4.881378098052266
TCGA-GI-A2C8-01A	tumor	Primary Tumor	1.777930439708899	1.7468131721464675
TCGA-GM-A2D9-01A	tumor	Primary Tumor	3.3600554564977445	1.9232538216256119
TCGA-GM-A2DA-01A	tumor	Primary Tumor	1.886091914534101	-5.51118796475812
TCGA-GM-A2DC-01A	tumor	Primary Tumor	2.802073353353386	2.020717442860274
TCGA-GM-A2DI-01A	tumor	Primary Tumor	-2.78625284651115	-0.5249566650863616
TCGA-GM-A2DK-01A	tumor	Primary Tumor	-0.23867046828356617	-0.01740795266379068
TCGA-GM-A2DL-01A	tumor	Primary Tumor	1.3362992033750687	0.3758832730132
TCGA-GM-A2DM-01A	tumor	Primary Tumor	-0.6660709078736132	-0.8237375997904095
TCGA-GM-A2DN-01A	tumor	Primary Tumor	-0.7963370078996177	0.5710104661593287
TCGA-GM-A3NW-01A	tumor	Primary Tumor	3.949995522232439	0.1045354071864929
TCGA-GM-A3NY-01A	tumor	Primary Tumor	2.473651283617702	2.503373221188035
TCGA-GM-A3XG-01A	tumor	Primary Tumor	-4.416958435777645	0.5473360646384756
TCGA-GM-A3XN-01A	tumor	Primary Tumor	-1.5981109129161901	0.74175661342826
TCGA-GM-A4E0-01A	tumor	Primary Tumor	-1.852251704821424	-0.12979192908599435
TCGA-GM-A5PV-01A	tumor	Primary Tumor	1.5184191215767124	-2.316049303955569
TCGA-GM-A5PX-01A	tumor	Primary Tumor	0.6177306219753809	-0.2568828318188716
TCGA-HN-A2OB-01A	tumor	Primary Tumor	-1.1358543549151934	0.18756205447346094
TCGA-JL-A3YX-01A	tumor	Primary Tumor	2.8414425723477086	-0.46632187872433983
TCGA-LD-A66U-01A	tumor	Primary Tumor	0.2726571074156712	0.656604909698167
TCGA-LD-A74U-01A	tumor	Primary Tumor	-0.7429180132790498	0.6351523090022245
TCGA-LD-A7W5-01A	tumor	Primary Tumor	0.522104209438478	1.119036597858793
TCGA-LD-A7W6-01A	tumor	Primary Tumor	1.9920117504684511	0.43136585864926147
TCGA-LL-A440-01A	tumor	Primary Tumor	-3.524069722559263	-0.0720483254817166
TCGA-LL-A442-01A	tumor	Primary Tumor	2.55580948281395	-4.840132432491375
TCGA-LL-A50Y-01A	tumor	Primary Tumor	2.2725639660836086	2.898931569175849
TCGA-LL-A5YL-01A	tumor	Primary Tumor	0.5207591322608128	4.781402349018638
TCGA-LL-A5YN-01A	tumor	Primary Tumor	-0.0674187392460347	-0.5829829831551022
TCGA-LL-A6FP-01A	tumor	Primary Tumor	9.436879479081442	-7.54629927805875
TCGA-LL-A6FQ-01A	tumor	Primary Tumor	6.847268833688618	-2.5963308109028413
TCGA-LL-A740-01A	tumor	Primary Tumor	0.970263052761676	3.5121004770723507
TCGA-LL-A7SZ-01A	tumor	Primary Tumor	1.2952734240958166	-2.4411532213729847
TCGA-LL-A9Q3-01A	tumor	Primary Tumor	2.7551065186903143	1.9399371496078854
TCGA-LQ-A4E4-01A	tumor	Primary Tumor	4.197583198618387	2.483522243487587
TCGA-MS-A51U-01A	tumor	Primary Tumor	-1.1933486657479102	-0.5502956397718298
TCGA-OK-A5Q2-01A	tumor	Primary Tumor	-1.1047497663631698	2.0500816608530608
TCGA-OL-A5D8-01A	tumor	Primary Tumor	4.094234804388463	5.2096246712451775
TCGA-OL-A5DA-01A	tumor	Primary Tumor	1.3863027404983077	1.5411130875570627
TCGA-OL-A5RU-01A	tumor	Primary Tumor	-0.35823998346626956	-0.7876341698976211
TCGA-OL-A5RV-01A	tumor	Primary Tumor	-0.7890250287830376	0.2610698885647037
TCGA-OL-A5RX-01A	tumor	Primary Tumor	-0.9160433292857497	1.1847142131007966
TCGA-OL-A66H-01A	tumor	Primary Tumor	1.4443260360233756	-1.4489376389613184
TCGA-OL-A66J-01A	tumor	Primary Tumor	3.3755522717739335	-3.8392150244619123
TCGA-OL-A66K-01A	tumor	Primary Tumor	2.296670447734236	2.064280316188059
TCGA-OL-A66L-01A	tumor	Primary Tumor	1.4530646803789695	2.8728832033870897
TCGA-OL-A66N-01A	tumor	Primary Tumor	0.6211583739164518	2.388013104770824
TCGA-OL-A66O-01A	tumor	Primary Tumor	5.717101712487717	1.6091073321618203
TCGA-OL-A6VQ-01A	tumor	Primary Tumor	0.09838494823847022	-0.16482614963377182
TCGA-OL-A6VR-01A	tumor	Primary Tumor	0.3188410699705415	1.0427204416032543
TCGA-PE-A5DC-01A	tumor	Primary Tumor	4.34027132196344	-2.126866029825705
TCGA-PE-A5DD-01A	tumor	Primary Tumor	4.006521582335988	5.475698863298876
TCGA-PE-A5DE-01A	tumor	Primary Tumor	1.0455867125542546	-0.7046578826591855
TCGA-PL-A8LX-01A	tumor	Primary Tumor	1.0552894656202632	-0.9172459975849567
TCGA-S3-A6ZG-01A	tumor	Primary Tumor	3.63258130902464	2.8921673615320733
TCGA-S3-A6ZH-01A	tumor	Primary Tumor	4.95575032879271	-4.188969598718253
TCGA-S3-AA11-01A	tumor	Primary Tumor	3.88973602184104	2.2978569679403424
TCGA-S3-AA12-01A	tumor	Primary Tumor	8.335652950329981	-8.234508713863743
TCGA-S3-AA14-01A	tumor	Primary Tumor	0.7284061160856327	-0.3375280055931585
TCGA-UL-AAZ6-01A	tumor	Primary Tumor	5.522564604271839	3.184911417105308
TCGA-V7-A7HQ-01A	tumor	Primary Tumor	1.6750681719510485	-1.1200543932332117
TCGA-W8-A86G-01A	tumor	Primary Tumor	-0.9775684121753889	1.8064834775263967
TCGA-WT-AB41-01A	tumor	Primary Tumor	-0.04519951318063895	1.4089824247959335
TCGA-WT-AB44-01A	tumor	Primary Tumor	1.3620471226515682	1.9415468221540348
TCGA-XX-A899-01A	tumor	Primary Tumor	-1.1439503500729615	1.6298263151407824
TCGA-XX-A89A-01A	tumor	Primary Tumor	-0.06077816413713972	-2.7260971446755504
TCGA-Z7-A8R5-01A	tumor	Primary Tumor	-1.886896908007188	0.6931416559951398
TCGA-A7-A0CE-11A	normal	Solid Tissue Normal	-4.916693767215178	0.8124838929909572
TCGA-A7-A0CH-11A	normal	Solid Tissue Normal	-4.6848629853153065	0.3026401839911032
TCGA-A7-A0D9-11A	normal	Solid Tissue Normal	-6.86368921920118	-1.1446434230985683
TCGA-A7-A0DB-11A	normal	Solid Tissue Normal	-6.627714206359497	-1.3984289818964708
TCGA-A7-A0DC-11A	normal	Solid Tissue Normal	-3.822406126182675	-0.5080522610513533
TCGA-A7-A13E-11A	normal	Solid Tissue Normal	-5.972120291838513	-0.7026862079034205
TCGA-A7-A13F-11A	normal	Solid Tissue Normal	-5.8481281007551145	-0.69936486992247
TCGA-A7-A13G-11A	normal	Solid Tissue Normal	-6.768548828798273	-2.400914253277227
TCGA-AC-A23H-11A	normal	Solid Tissue Normal	-5.512230642187791	-0.4137313498519148
TCGA-AC-A2FB-11A	normal	Solid Tissue Normal	-5.883732165575824	-0.1812851753863473
TCGA-AC-A2FF-11A	normal	Solid Tissue Normal	-5.280141677390799	0.16287497626286054
TCGA-AC-A2FG-11A	normal	Solid Tissue Normal	-5.243446000399564	-0.06670074193805742
TCGA-AC-A2FM-11B	normal	Solid Tissue Normal	-5.19574878626656	-0.14642132578461842
TCGA-BH-A0AU-11A	normal	Solid Tissue Normal	-4.784901746638244	-0.29007030969234027
TCGA-BH-A0AY-11A	normal	Solid Tissue Normal	-5.673892798537586	0.17597407299394205
TCGA-BH-A0AZ-11A	normal	Solid Tissue Normal	-4.555837471500167	-0.4687860174329945
TCGA-BH-A0B3-11B	normal	Solid Tissue Normal	-4.633781616704478	0.2277807542221695
TCGA-BH-A0B8-11A	normal	Solid Tissue Normal	-6.720758166042124	-1.4587807800006267
TCGA-BH-A0BA-11A	normal	Solid Tissue Normal	-4.991660387843618	0.5086212860733395
TCGA-BH-A0BC-11A	normal	Solid Tissue Normal	-5.37312998718953	0.07951822608204633
TCGA-BH-A0BF-11A	normal	Solid Tissue Normal	-5.329633075706397	-0.029631650774237506
TCGA-BH-A0BJ-11A	normal	Solid Tissue Normal	-5.45987161302547	0.15890127295924775
TCGA-BH-A0BM-11A	normal	Solid Tissue Normal	-5.647467084316727	-0.15676910445976422
TCGA-BH-A0BS-11A	normal	Solid Tissue Normal	-5.040435993101723	-0.15041669278557543
TCGA-BH-A0BT-11A	normal	Solid Tissue Normal	-5.0500936423507765	0.3026403338160593
TCGA-BH-A0BV-11A	normal	Solid Tissue Normal	-4.844126734206753	0.027414922470811964
TCGA-BH-A0BZ-11A	normal	Solid Tissue Normal	-5.361834683965316	-0.35862586437965555
TCGA-BH-A0C0-11A	normal	Solid Tissue Normal	-4.990367831045636	0.8730586222533556
TCGA-BH-A0C3-11A	normal	Solid Tissue Normal	-5.144933779578288	0.04935201255222647
TCGA-BH-A0DG-11A	normal	Solid Tissue Normal	-5.215001042974999	-0.2495886468673497
TCGA-BH-A0DH-11A	normal	Solid Tissue Normal	-4.888453146964556	0.5154568951797887
TCGA-BH-A0DI-11A	normal	Solid Tissue Normal	-4.232106365046618	0.09521748640071191
TCGA-BH-A0DK-11A	normal	Solid Tissue Normal	-3.7547878286833045	1.5777785448297341
TCGA-BH-A0DP-11A	normal	Solid Tissue Normal	-3.4169904853149107	1.9840730468206127
TCGA-BH-A0DQ-11A	normal	Solid Tissue Normal	-4.445025797391497	0.016393062604784053
TCGA-BH-A0DV-11A	normal	Solid Tissue Normal	-5.176379483416227	0.12755690630075783
TCGA-BH-A0DZ-11A	normal	Solid Tissue Normal	-4.864714007800156	0.5599906002186362
TCGA-BH-A0E0-11A	normal	Solid Tissue Normal	-4.9958818724119185	0.4398135888134981
TCGA-BH-A0E1-11A	normal	Solid Tissue Normal	-4.546664248744765	0.46746582300832135
TCGA-BH-A0H7-11A	normal	Solid Tissue Normal	-3.5018668522384973	0.5835601128329407
TCGA-BH-A0H9-11A	normal	Solid Tissue Normal	-6.561588329644727	-1.6402874655506217
TCGA-BH-A0HA-11A	normal	Solid Tissue Normal	-5.745435388489616	-0.18708630943758559
TCGA-BH-A0HK-11A	normal	Solid Tissue Normal	-5.29152902518661	0.5237215884535091
TCGA-BH-A1EN-11A	normal	Solid Tissue Normal	-5.683358516870211	-0.9062434075661309
TCGA-BH-A1EO-11A	normal	Solid Tissue Normal	-6.544815686556899	-1.4112814579800275
TCGA-BH-A1ES-11A	normal	Solid Tissue Normal	-5.445012917539681	-0.6862470616230875
TCGA-BH-A1ET-11B	normal	Solid Tissue Normal	-5.219352954562683	-0.624544400969998
TCGA-BH-A1EU-11A	normal	Solid Tissue Normal	-5.716586270321723	-0.14026793386312228
TCGA-BH-A1EV-11A	normal	Solid Tissue Normal	-5.500411830218459	-0.23109250221260003
TCGA-BH-A1EW-11B	normal	Solid Tissue Normal	-3.4562945090094477	0.5526647926461434
TCGA-BH-A1EY-11B	normal	Solid Tissue Normal	-5.096867733315724	0.13274727586153195
TCGA-BH-A1F0-11B	normal	Solid Tissue Normal	-5.658064719280812	-0.27549379769755145
TCGA-BH-A1F2-11A	normal	Solid Tissue Normal	-6.197278014609893	-1.1181839147495276
TCGA-BH-A1F5-11A	normal	Solid Tissue Normal	-3.4743878516314326	-0.2004346351839763
TCGA-BH-A1F6-11B	normal	Solid Tissue Normal	-5.953592799551327	-1.1532843169471763
TCGA-BH-A1F8-11B	normal	Solid Tissue Normal	-5.5829329593209955	-0.6531283900141063
TCGA-BH-A1FB-11A	normal	Solid Tissue Normal	-5.272293813775006	-0.12112274369363911
TCGA-BH-A1FC-11A	normal	Solid Tissue Normal	-4.841921751697756	-0.40396064010531246
TCGA-BH-A1FD-11B	normal	Solid Tissue Normal	-5.483284840028398	-1.0279567366274285
TCGA-BH-A1FE-11B	normal	Solid Tissue Normal	-5.746781543817341	-1.3490770633025997
TCGA-BH-A1FG-11B	normal	Solid Tissue Normal	-5.9051114131345654	-1.046636660290831
TCGA-BH-A1FH-11B	normal	Solid Tissue Normal	-5.965947118530265	-0.8315372271048502
TCGA-BH-A1FJ-11B	normal	Solid Tissue Normal	-5.590278901531588	-0.6792724308075624
TCGA-BH-A1FM-11B	normal	Solid Tissue Normal	-5.491865233378219	-0.8849722697341327
TCGA-BH-A1FN-11A	normal	Solid Tissue Normal	-6.02447265803779	-1.3930583784183619
TCGA-BH-A1FR-11B	normal	Solid Tissue Normal	-5.619362475761729	-0.6125147289523032
TCGA-BH-A203-11A	normal	Solid Tissue Normal	-5.962339679883652	0.18310727648079408
TCGA-BH-A204-11A	normal	Solid Tissue Normal	-5.4897544704292285	-1.83109640992267
TCGA-BH-A208-11A	normal	Solid Tissue Normal	-4.4380644421729345	-0.8183375018241174
TCGA-BH-A209-11A	normal	Solid Tissue Normal	-4.941423967142789	-0.3426826038860258
TCGA-E2-A15I-11A	normal	Solid Tissue Normal	-6.271050743716799	-2.0021933641208687
TCGA-E2-A15K-11A	normal	Solid Tissue Normal	-5.675213486930224	-0.45456264658331097
TCGA-E2-A1B5-11A	normal	Solid Tissue Normal	-5.696325264564605	-0.2720407814939608
TCGA-E2-A1BC-11A	normal	Solid Tissue Normal	-6.614730853359871	-1.948517911420163
TCGA-E2-A1IF-11A	normal	Solid Tissue Normal	-5.45459162102698	-0.7511202527903424
TCGA-E2-A1II-11A	normal	Solid Tissue Normal	-5.701590937106949	-0.9849219983506058
TCGA-E2-A1IO-11A	normal	Solid Tissue Normal	-5.68761669215538	-2.0780061102115144
TCGA-E2-A1L7-11A	normal	Solid Tissue Normal	-4.487527835082245	-0.6321623026703617
TCGA-E2-A1LB-11A	normal	Solid Tissue Normal	-5.1954583672259105	-0.9056855865838728
TCGA-E2-A1LI-11A	normal	Solid Tissue Normal	-4.597116661947478	-0.204525633101295
TCGA-E2-A1LS-11A	normal	Solid Tissue Normal	-5.986402207010876	-1.8968125656883057
TCGA-E9-A1N4-11A	normal	Solid Tissue Normal	-4.327328207997529	-0.47839384364652876
TCGA-E9-A1N5-11A	normal	Solid Tissue Normal	-4.833560326685183	-0.41797162622926054
TCGA-E9-A1N6-11A	normal	Solid Tissue Normal	-5.318493256527002	-0.8612144453346303
TCGA-E9-A1N8-11A	normal	Solid Tissue Normal	-6.115668668975437	-1.8605782206473045
TCGA-E9-A1NA-11A	normal	Solid Tissue Normal	-5.565018823483202	-0.3995917778754096
TCGA-E9-A1ND-11A	normal	Solid Tissue Normal	-5.8935845996965694	-0.9136108917744289
TCGA-E9-A1NE-11A	normal	Solid Tissue Normal	-5.830278942582142	-0.6944454346063141
TCGA-E9-A1NF-11A	normal	Solid Tissue Normal	-6.589507762064528	-1.2584314563555101
TCGA-E9-A1NG-11A	normal	Solid Tissue Normal	-6.271797595360297	-1.311930946418292
TCGA-E9-A1R7-11A	normal	Solid Tissue Normal	-6.224258026444063	-1.2241507104463503
TCGA-E9-A1RB-11A	normal	Solid Tissue Normal	-4.95230428381902	-1.5216304546750092
TCGA-E9-A1RC-11A	normal	Solid Tissue Normal	-5.980676704583523	-1.967799595466134
TCGA-E9-A1RD-11A	normal	Solid Tissue Normal	-5.594199891674706	-1.7007284801793807
TCGA-E9-A1RF-11A	normal	Solid Tissue Normal	-5.782721467489127	-1.7089539006523344
TCGA-E9-A1RH-11A	normal	Solid Tissue Normal	-6.171456444388954	-1.436236124189167
TCGA-E9-A1RI-11A	normal	Solid Tissue Normal	-6.269189387669781	-1.533377989416151
