probe_id	seq_context
cg03161803	AATATCACATAC[CG]ATGACAGATACG
cg22740796	CACATGCATCCT[CG]TTTTTGCTTTCT
cg13294849	AGAGGCGTCTCC[CG]CCCCTCGACCCA
cg14088921	CAGGGGGCCAGC[CG]CCCAATCCAGGA
cg01518607	AAGGCTGCTCTC[CG]CGTGCCGCAAAA
cg22399133	GGCGGCGCTGAG[CG]GGTGGGGCTGCG
cg13879483	ATCCACGGACGT[CG]TTAGTCCTTCCT
cg14979301	GTTTACGAAGCT[CG]GTTTGACGATAG
cg08387538	GCCCATCGTGGG[CG]TTGGTTTGGGTG
cg25200152	GCGCGCAAGCGG[CG]AGGCCTCCAGTG
cg20981848	AGAGGTAAGTGC[CG]CGCTAGTCTATT
cg11426075	TGTGGGACAGTG[CG]GGACGATGAGAG
cg21199093	AGCCCTCACTGG[CG]TCATCTGGCATG
cg27429080	TGGTGGCGGCGG[CG]GTGCTGCTGTTG
cg17154724	GTTGCTGGTGAT[CG]TGTGGTGGTGTT
cg12468774	GTCGTGGCGGGG[CG]GGGCCCTGGGAC
cg20395967	GCGAGGTCAGGC[CG]GGTTCCGCACCC
cg08481075	CCCCCCCAAGCC[CG]AAACGGCGCTGC
cg14553895	CAGTCATAAATA[CG]GCACTGTTATTT
cg21039708	CGGGAGTGCGCA[CG]AGGCAGCAAGCT
cg00564737	AGCGGAGCGCTG[CG]AGAGCTGCGCGG
cg02534163	TCCCACCTGACA[CG]ACTGGAACGAGC
cg10715092	CAGGCCGGGTTC[CG]CACCCCATGCCT
cg15219228	CATCCGCGGGTC[CG]CGAGGCAGCGCC
cg00076195	GTTTCCGAATTG[CG]TGTGTGTGTGTG
cg10903903	TCCAGAAATGGT[CG]GGTTCCCTTCCT
cg18438793	CTGAGGGGGGTG[CG]GTGGGTTGGGGC
cg01408508	TTTTCCACAAGG[CG]GTGCCCGGTTCG
cg00970396	GCGTGCGGAGGA[CG]CGAGCTCCATCT
cg27563985	CCCCCCACACCG[CG]AATCCTCCCCAG
cg00991875	TTGGTCCGGTCC[CG]CCTTGGACCCTC
cg07149609	GGGGAGATCGAG[CG]ACTTGCGCGGCG
cg26354493	GTCCCGGCCCCC[CG]CCCCACCCCTGG
cg09887059	CCACTGCGGGAT[CG]CGCTCTCTAAAA
cg11213690	GCTTTTCTCCGG[CG]GCCAGTTCGGAC
cg27092191	GAATGAAGTGTA[CG]GCCTTCTGTTCC
cg10168086	ACCCATAAAAGG[CG]TTGACTAATCCT
cg02027945	GATGCGGATTTA[CG]GCCTCCTTGGCT
cg08364561	GCGTAGCCGGCC[CG]CAGCGCCAGAGA
cg12134633	TTGATGTCGGCT[CG]GCCGCCTGCCGC
cg17279458	ATATCAGGAACG[CG]ACTGGGCTTGAC
cg13539545	CTGTAAGGTCTC[CG]CGGACCCCACCG
cg17485838	TTGATTTATGAG[CG]TAGGACGAATCG
cg06962177	GGACGGCGGAAT[CG]AAATTAGGCTCA
cg12598524	TGAATGCTCCTT[CG]TGCTGGGGCTGG
cg10528576	ATTTGTGCTCTC[CG]GGGAGGTCTGCG
cg15613420	AAGAGGAGGAGC[CG]CCACAAAGCCCG
cg11799593	TTCAAATAACAT[CG]ACTGCCTGTAAT
cg09170112	AGGAGTCGGGTC[CG]AGACTGTGAGGA
cg27393010	GGTGGCAGCCGC[CG]CGCCCCTGCAGT
cg23205034	GAGAAGATCACT[CG]ACATTTTTGTGC
cg12438155	CACATTTTGAAG[CG]TACCTGATGATG
cg03582419	TCAAGAGGCAGC[CG]TAGATTCTATTA
cg08604097	CGAGTCTCAAAG[CG]GGTCTGCACTCT
cg16370398	CGGCAGCTACCC[CG]GGTACTTCTGAA
cg09165441	CGAGGGGCACTG[CG]CGGCTGGGTCTG
cg07790615	GATCCGAAGTGC[CG]TGGAAGTTAGTG
cg00106345	CGAGCTTGGTTA[CG]CTTAAAATGATC
cg26014538	AGCGCCGGGGTG[CG]GGAGGGCAAAGG
cg21026830	GTTCCAGTTGCC[CG]CGAGCCTCAGAC
cg00334063	AGTGAAGTGTGC[CG]CCTTTGAAGCGG
cg04311653	CAGGCACGTTCC[CG]CTGAGGTTGGCA
cg27555582	AAAGCTAAGTGC[CG]AGAAGTGCGAGA
cg27071152	GCCCTGGGACGC[CG]AGCCACCGCCGG
cg18322569	TCCACGCCACTC[CG]CCGTTCAGCAGC
cg03738025	GCGTCCCCTTGC[CG]GCTCACAATGTG
cg08732352	CTCTTGGGCAAT[CG]CCGCCTTCCCAA
cg05016408	CCACAGTGACTG[CG]AAGGGAGGGGAA
cg02710296	GTCTTCCTGTCC[CG]GATCCGCTCACC
cg13782274	CGCTTCAACCCA[CG]ACCCCCGCAGGC
cg15959252	AAGGTGAGGCTC[CG]GGAGAGGAAGCG
cg04917275	CCTTCCCACAAA[CG]GCGGGGGCCCTG
cg14858267	GAGTCATTTAAG[CG]CTCAGTACTACC
cg00002719	CCTCTCTAACTA[CG]AGAGCGACAAAA
cg19619405	GTCCAGCCACAC[CG]CCTGTCTCCGCT
cg06335867	CGTAGTGGCCGC[CG]CCACAGCTGCGC
cg08304190	CCACAAACTCAA[CG]CCAGGGCCACAT
cg05809668	ATTGCTCGGTGG[CG]GGATGTGGAGCG
cg06463958	ACGCGAGGAGAG[CG]AAGGAGAGGTGA
cg18423935	TCCAAATTCGCA[CG]CTTGCAGGCATT
cg03502002	GGAGCGGTAAGG[CG]GAGAGAAGGGTC
cg13916459	TCTCCCACCCAT[CG]CCACCGCGTCCA
cg26210445	ACCGGCGCACCC[CG]CCTTCTCCATCG
cg05422029	ACCGTGCTCTCC[CG]GCTCCAAGCGCA
cg01764252	CCGCCTAAAAAC[CG]TCCTGTGAGCAT
cg25547580	CAGCCCCAACTT[CG]ACGCGCACCACA
cg13804575	TTTTTAAGCACG[CG]TCTGGGATGGGG
cg18675097	GTCTGTAGCAAC[CG]CCCAGCGTTGAG
cg17239057	GCCTCGCGCGCC[CG]CCGCCGCCTCAG
cg09578475	GAAGTGGGCGTC[CG]TCGCCTCGCCAT
cg26132320	GCCAACTACGAC[CG]GGACAAGCTCTT
cg14861089	GGGCGAAGTCGG[CG]GCGCCGAGACGG
cg19760241	CCGGCCCCCGGC[CG]GGCCCTGACGTC
cg06355129	TTTTCAGTAGCC[CG]CAGCCGCTCCTG
cg20286956	TTTGTGAGGGGC[CG]GAGATTGACGGG
cg07489502	AAACTCATATCT[CG]CTGAACGTGGCA
cg11157172	GAGAGGCGATGG[CG]TGGCCCGGCCCC
cg11030264	AACCTACAGATG[CG]GGAGGCAGAAAA
cg11957331	TGCGCACACCCC[CG]CAGACTCCCTGC
cg20494374	GTTCTGAGAAAG[CG]ATGCCGGCCAGG
cg24683623	ACTTGTACCCCT[CG]TCTTTTGGTGAT
cg21550024	TTGGGGTGGAAA[CG]GCTTCTCCGTTT
cg17214107	AAACGGCTTCTC[CG]TTTTGAAACGCT
cg11327857	TTGAAACGCTAG[CG]GGGAAAAAATGG
cg03941587	CAGCAAAAGCCC[CG]CAGTGTGGAGAA
cg15128226	GTTTGGGTGGTG[CG]GGGGTTGGGCGG
cg04332818	TGCCGCGGCCTC[CG]ACGCGCGCCCCC
cg25583174	TGGCGGCAGCGG[CG]CCTTCCCGCCCG
cg14887335	CTTTGACACCTC[CG]TGCTTCTCAAGT
cg03737475	TTTCTTCAACAC[CG]AAATGCTGGAGG
cg12632152	AACCAGTACCCC[CG]GCCCGGAGCCGC
cg18375441	GAGACCTTGAGC[CG]ACGCTTAACCCC
cg19576738	CCCATTTTCTGG[CG]TTTTTCTCATAG
cg14703482	CATTTGACCTTT[CG]TCTTATAGCTAT
cg17547898	GCCCCAAGGACA[CG]GGTCAGAGACTT
cg09108314	GCACACACATGC[CG]CTCTGTTTTCTG
cg26414564	TTTCCATCATCA[CG]GTGATTCCTCAG
cg08421768	AGTTAACAGGGG[CG]ATTGAAAGCTAA
cg20014398	GAAAAGATCAGT[CG]GGGCGCTTGTGG
cg15300436	ATGTGTGAAAAT[CG]TTTACTGATTTT
cg00193200	TCAGACTCCAGG[CG]TCCAAATTCGCA
cg24604013	GCCCCGGCTCTC[CG]GCCCTCTCCGCG
cg18924324	GGCTCAGTGGTT[CG]ACATCCCCACCA
cg16206460	CCCAGTGCCAGC[CG]CGTCCCTCGTAC
cg06998282	ATGCATTTCATC[CG]ATAAAAATGAAA
cg07792478	GGAGGTCGCGAC[CG]GCCGACTGGGGT
cg15811515	CAGCTCGAGCTT[CG]GGATGCGCGCTC
cg25764899	CCCGCGCCCGCC[CG]GCCCCTCCACCG
cg08047907	GTTATAGAGACT[CG]CGAAGTGCCGCT
cg22425474	GGGTGCGGAATC[CG]GCCGACCTCGCT
cg15222899	GAGCCAGGCCTG[CG]GCCCCTCGAACA
cg07600533	CCAGGATCCTTC[CG]TGGGCGAAAATC
cg24281267	AGCGCCTCTACC[CG]CTACCCCCAAGC
cg13023870	GCAACTGTAGCC[CG]GACTCCGCGGAG
cg01851378	AAGTCTTGCGCC[CG]AAGGACTAAACT
cg15425541	ATTGCGGGAACC[CG]GGCAGAAAAGAG
cg14523847	TGAGTAAAGACA[CG]GGCAGGGGTGCG
cg00722320	GCGGGGAGGGCT[CG]CCGGGAAATCAA
cg18121066	AAGCATCAGGAT[CG]AAACGATGACAG
cg05970721	CACTGACCCGGC[CG]GCGAGATGGGGC
cg17508991	GAAAAGAGATCA[CG]ATGCTTCCGGGG
cg23075337	TTCTGATGAGCG[CG]CTGCGTTTCTGC
cg17538572	TGTGGAGGCCTT[CG]AGGAAATGACCC
cg03970036	CACCTCCACCCC[CG]GCTCGTAAGCTA
cg04111071	TTAGCTTGTACG[CG]GGGTAGGGGGAG
cg05835105	TGCAGGGCGGCG[CG]GCGCCTTACCTG
cg27494647	CCTCCTTCCCCT[CG]ATCCAGCCCTCA
cg01577083	CAACAGTGACAA[CG]ACAAATAAACCA
cg24833737	ACCTCCCTCCTC[CG]CAGGCCATGGGG
cg09094964	CCTGCGCGGCCA[CG]CACCTTTACACC
cg14072016	GCCGATCTCCCT[CG]GCTGCTGCCGAT
cg13387113	GCCTACTGCGTG[CG]GGCCTGTTGCAG
cg05057720	TAGAGGCGGCCC[CG]GGGCGCGGCGCA
cg06880420	GAGGTCAGAAAC[CG]CTGCAGTGCAAG
cg23089825	CACGAGCACGTG[CG]GCGCTCAGCTTA
cg17231999	AATCTGTACCAC[CG]TCCCGTAAATCT
cg17840719	ATGTGGCGCTTG[CG]ATCTCTCGCCGC
cg13703871	GCTGGCCGGAAG[CG]GAAGTGGGCGTC
cg27456203	CTTTATGTAGGG[CG]TGTGTGAGGGTT
cg01444716	CACAACTTCAGC[CG]GCTGAACAGACT
cg08104202	TAACTACGAGAG[CG]ACAAAAATCTGC
cg24960947	CCAACCCCATGC[CG]GCCACTGCAGTA
cg04150495	AGAAGGCGGGGG[CG]GGACAGCGAGGT
cg24676817	TTGCTTAGTATC[CG]TTTCATTTCGAC
cg27170427	GGGTTTCAGAAT[CG]GGTCTCAAGTGG
cg10940462	CCAGGACCCGCC[CG]CACTTCACCACT
cg14416371	GAGACTGAGCCG[CG]ATGGAACGCGCT
cg09513990	GTGACCGCTACG[CG]CGCCGCTACCGT
cg24886257	GCGGTCAGACGC[CG]AGGGCCCTCGAA
cg25881804	ACGTACAGGGAG[CG]CGAGCGAGGGAG
cg10216717	GATAGAGGGTCA[CG]GGGTCACAGACA
cg23200020	ACTGGGGCAGTG[CG]GACGCAGGTCCC
cg02721693	AGGGTCCTCATA[CG]TTTCAGGGTGAT
cg14231297	AGAACCTGGGAG[CG]CTCGCAGTGCTG
cg26132774	GCCGCGGAACTT[CG]GCCCACTTCTCC
cg16596604	TATCTCGGAAGC[CG]GAGAAGGGTGGT
cg25025181	ATAAAACAGTTT[CG]CAATCTCTTCAC
cg15215348	AAGAGCTGTCCG[CG]ACCTGATGGTGC
cg11676353	TAGTGAAATGGG[CG]TCTTGGAGAGGA
cg21523564	CGGTTCTGCGTC[CG]GCCAGGTTGGCC
cg25691167	CCGTAGTGTCCA[CG]CAGCTCTCCGGA
cg05497345	AGTGTGTGGCCA[CG]GCCCCTCCACTC
cg15232539	AAAAGCCGATCT[CG]CAGGAAAGAAAC
cg15065340	ACCAAAGACATA[CG]TATGGCAAATGA
cg08065231	AGCGGAAGTGGG[CG]TCCGTCGCCTCG
cg07519235	CGGCCAATGTGG[CG]CGTGGGCTGGGG
cg05937737	CTTCTCGGAGGG[CG]CCCTGGGCCTCC
cg09233392	GGGAAAATGCTT[CG]CACGCCGCCTGA
cg14644001	TCAGAGCTGGGG[CG]GTGCTTATAGAG
cg06173663	CTGGATTGGAGG[CG]GCAGCCGGGCTG
cg16536855	ACAAGGCTGGAA[CG]TCCCGGGATTGA
cg06083330	CCTCTTCTTCAT[CG]GTGCCCATCTCG
cg21306240	GCGGAGTCTCAC[CG]CTCACCATCATC
cg03306374	GCAGCAGCTGGG[CG]AGTGACAGCCCC
cg14958969	ATGGCATCCAGC[CG]GGATAAATCGCC
cg23746497	GTGGCCGCGCGC[CG]CCCGGCTGTTCC
cg11906781	GCTTGTCTGTGT[CG]AGCTGTGCCACA
cg13158272	GATGTGCCAGAA[CG]TGAATCTATTAA
cg13445796	TAGGCGGGGGGT[CG]GCTGATGCGGAT
cg12374721	TACCATACTGAG[CG]ATCCGTCGATAA
