term	symbol	entrez_id	mapped
reactome_telomere_maintenance	ACD	65057	TRUE
reactome_telomere_maintenance	ANKRD28	23243	TRUE
reactome_telomere_maintenance	ATRX	546	TRUE
reactome_telomere_maintenance	BLM	641	TRUE
reactome_telomere_maintenance	CCNA1	8900	TRUE
reactome_telomere_maintenance	CCNA2	890	TRUE
reactome_telomere_maintenance	CDK2	1017	TRUE
reactome_telomere_maintenance	CHTF18	63922	TRUE
reactome_telomere_maintenance	CHTF8	54921	TRUE
reactome_telomere_maintenance	CTC1	80169	TRUE
reactome_telomere_maintenance	DAXX	1616	TRUE
reactome_telomere_maintenance	DKC1	1736	TRUE
reactome_telomere_maintenance	DNA2	1763	TRUE
reactome_telomere_maintenance	DSCC1	79075	TRUE
reactome_telomere_maintenance	FEN1	2237	TRUE
reactome_telomere_maintenance	GAR1	54433	TRUE
reactome_telomere_maintenance	H2AB1	474382	TRUE
reactome_telomere_maintenance	H2AC14	8331	TRUE
reactome_telomere_maintenance	H2AC19	723790	TRUE
reactome_telomere_maintenance	H2AC20	8338	TRUE
reactome_telomere_maintenance	H2AC4	8335	TRUE
reactome_telomere_maintenance	H2AC6	8334	TRUE
reactome_telomere_maintenance	H2AC7	3013	TRUE
reactome_telomere_maintenance	H2AJ	55766	TRUE
reactome_telomere_maintenance	H2AX	3014	TRUE
reactome_telomere_maintenance	H2AZ1	3015	TRUE
reactome_telomere_maintenance	H2AZ2	94239	TRUE
reactome_telomere_maintenance	H2BC1	255626	TRUE
reactome_telomere_maintenance	H2BC11	8970	TRUE
reactome_telomere_maintenance	H2BC12	85236	TRUE
reactome_telomere_maintenance	H2BC12L	54145	TRUE
reactome_telomere_maintenance	H2BC13	8340	TRUE
reactome_telomere_maintenance	H2BC14	8342	TRUE
reactome_telomere_maintenance	H2BC15	8341	TRUE
reactome_telomere_maintenance	H2BC17	8348	TRUE
reactome_telomere_maintenance	H2BC21	8349	TRUE
reactome_telomere_maintenance	H2BC26	128312	TRUE
reactome_telomere_maintenance	H2BC3	3018	TRUE
reactome_telomere_maintenance	H2BC4	8347	TRUE
reactome_telomere_maintenance	H2BC5	3017	TRUE
reactome_telomere_maintenance	H2BC9	8345	TRUE
reactome_telomere_maintenance	H3-3B	3021	TRUE
reactome_telomere_maintenance	H3-4	8290	TRUE
reactome_telomere_maintenance	H4C15	554313	TRUE
reactome_telomere_maintenance	LRIG1	26018	TRUE
reactome_telomere_maintenance	NHP2	55651	TRUE
reactome_telomere_maintenance	NOP10	55505	TRUE
reactome_telomere_maintenance	PCNA	5111	TRUE
reactome_telomere_maintenance	PIF1	80119	TRUE
reactome_telomere_maintenance	POLA1	5422	TRUE
reactome_telomere_maintenance	POLA2	23649	TRUE
reactome_telomere_maintenance	POLD1	5424	TRUE
reactome_telomere_maintenance	POLD2	5425	TRUE
reactome_telomere_maintenance	POLD3	10714	TRUE
reactome_telomere_maintenance	POLD4	57804	TRUE
reactome_telomere_maintenance	POLR1A	25885	TRUE
reactome_telomere_maintenance	POLR1B	84172	TRUE
reactome_telomere_maintenance	POLR2A	5430	TRUE
reactome_telomere_maintenance	POLR2B	5431	TRUE
reactome_telomere_maintenance	POLR2C	5432	TRUE
reactome_telomere_maintenance	POLR2D	5433	TRUE
reactome_telomere_maintenance	POLR2E	5434	TRUE
reactome_telomere_maintenance	POLR2F	5435	TRUE
reactome_telomere_maintenance	POLR2G	5436	TRUE
reactome_telomere_maintenance	POLR2H	5437	TRUE
reactome_telomere_maintenance	POLR2I	5438	TRUE
reactome_telomere_maintenance	POLR2J	5439	TRUE
reactome_telomere_maintenance	POLR2K	5440	TRUE
reactome_telomere_maintenance	POLR2L	5441	TRUE
reactome_telomere_maintenance	POT1	25913	TRUE
reactome_telomere_maintenance	PPP6C	5537	TRUE
reactome_telomere_maintenance	PPP6R3	55291	TRUE
reactome_telomere_maintenance	PRIM1	5557	TRUE
reactome_telomere_maintenance	PRIM2	5558	TRUE
reactome_telomere_maintenance	RFC2	5982	TRUE
reactome_telomere_maintenance	RFC3	5983	TRUE
reactome_telomere_maintenance	RFC4	5984	TRUE
reactome_telomere_maintenance	RFC5	5985	TRUE
reactome_telomere_maintenance	RPA3	6119	TRUE
reactome_telomere_maintenance	RTEL1	51750	TRUE
reactome_telomere_maintenance	RUVBL1	8607	TRUE
reactome_telomere_maintenance	RUVBL2	10856	TRUE
reactome_telomere_maintenance	SHQ1	55164	TRUE
reactome_telomere_maintenance	SLC19A1	6573	TRUE
reactome_telomere_maintenance	STN1	79991	TRUE
reactome_telomere_maintenance	TERF1	7013	TRUE
reactome_telomere_maintenance	TERF2	7014	TRUE
reactome_telomere_maintenance	TERF2IP	54386	TRUE
reactome_telomere_maintenance	TERT	7015	TRUE
reactome_telomere_maintenance	TINF2	26277	TRUE
reactome_telomere_maintenance	WRAP53	55135	TRUE
reactome_telomere_maintenance	WRN	7486	TRUE
reactome_telomere_extension_by_telomerase	ACD	65057	TRUE
reactome_telomere_extension_by_telomerase	ANKRD28	23243	TRUE
reactome_telomere_extension_by_telomerase	CCNA1	8900	TRUE
reactome_telomere_extension_by_telomerase	CCNA2	890	TRUE
reactome_telomere_extension_by_telomerase	CDK2	1017	TRUE
reactome_telomere_extension_by_telomerase	DKC1	1736	TRUE
reactome_telomere_extension_by_telomerase	GAR1	54433	TRUE
reactome_telomere_extension_by_telomerase	NHP2	55651	TRUE
reactome_telomere_extension_by_telomerase	NOP10	55505	TRUE
reactome_telomere_extension_by_telomerase	PIF1	80119	TRUE
reactome_telomere_extension_by_telomerase	POT1	25913	TRUE
reactome_telomere_extension_by_telomerase	PPP6C	5537	TRUE
reactome_telomere_extension_by_telomerase	PPP6R3	55291	TRUE
reactome_telomere_extension_by_telomerase	RTEL1	51750	TRUE
reactome_telomere_extension_by_telomerase	RUVBL1	8607	TRUE
reactome_telomere_extension_by_telomerase	RUVBL2	10856	TRUE
reactome_telomere_extension_by_telomerase	SHQ1	55164	TRUE
reactome_telomere_extension_by_telomerase	TERF1	7013	TRUE
reactome_telomere_extension_by_telomerase	TERF2	7014	TRUE
reactome_telomere_extension_by_telomerase	TERF2IP	54386	TRUE
reactome_telomere_extension_by_telomerase	TERT	7015	TRUE
reactome_telomere_extension_by_telomerase	TINF2	26277	TRUE
reactome_telomere_extension_by_telomerase	WRAP53	55135	TRUE
reactome_mitochondrial_biogenesis	ACSS2	55902	TRUE
reactome_mitochondrial_biogenesis	ALAS1	211	TRUE
reactome_mitochondrial_biogenesis	APOO	79135	TRUE
reactome_mitochondrial_biogenesis	APOOL	139322	TRUE
reactome_mitochondrial_biogenesis	ATP5F1A	498	TRUE
reactome_mitochondrial_biogenesis	ATP5F1B	506	TRUE
reactome_mitochondrial_biogenesis	ATP5F1C	509	TRUE
reactome_mitochondrial_biogenesis	ATP5F1D	513	TRUE
reactome_mitochondrial_biogenesis	ATP5F1E	514	TRUE
reactome_mitochondrial_biogenesis	ATP5MC1	516	TRUE
reactome_mitochondrial_biogenesis	ATP5MC2	517	TRUE
reactome_mitochondrial_biogenesis	ATP5MC3	518	TRUE
reactome_mitochondrial_biogenesis	ATP5ME	521	TRUE
reactome_mitochondrial_biogenesis	ATP5MF	9551	TRUE
reactome_mitochondrial_biogenesis	ATP5MG	10632	TRUE
reactome_mitochondrial_biogenesis	ATP5PB	515	TRUE
reactome_mitochondrial_biogenesis	ATP5PD	10476	TRUE
reactome_mitochondrial_biogenesis	ATP5PF	522	TRUE
reactome_mitochondrial_biogenesis	ATP5PO	539	TRUE
reactome_mitochondrial_biogenesis	CALM1	801	TRUE
reactome_mitochondrial_biogenesis	CAMK4	814	TRUE
reactome_mitochondrial_biogenesis	CARM1	10498	TRUE
reactome_mitochondrial_biogenesis	CHCHD3	54927	TRUE
reactome_mitochondrial_biogenesis	CHCHD6	84303	TRUE
reactome_mitochondrial_biogenesis	CHD9	80205	TRUE
reactome_mitochondrial_biogenesis	CREB1	1385	TRUE
reactome_mitochondrial_biogenesis	CREBBP	1387	TRUE
reactome_mitochondrial_biogenesis	CRTC1	23373	TRUE
reactome_mitochondrial_biogenesis	CRTC2	200186	TRUE
reactome_mitochondrial_biogenesis	CRTC3	64784	TRUE
reactome_mitochondrial_biogenesis	CYCS	54205	TRUE
reactome_mitochondrial_biogenesis	DMAC2L	27109	TRUE
reactome_mitochondrial_biogenesis	DNAJC11	55735	TRUE
reactome_mitochondrial_biogenesis	ESRRA	2101	TRUE
reactome_mitochondrial_biogenesis	GABPA	2551	TRUE
reactome_mitochondrial_biogenesis	GDNF	2668	TRUE
reactome_mitochondrial_biogenesis	GLUD1	2746	TRUE
reactome_mitochondrial_biogenesis	GLUD2	2747	TRUE
reactome_mitochondrial_biogenesis	HCFC1	3054	TRUE
reactome_mitochondrial_biogenesis	HDAC3	8841	TRUE
reactome_mitochondrial_biogenesis	HELZ2	85441	TRUE
reactome_mitochondrial_biogenesis	HSPA9	3313	TRUE
reactome_mitochondrial_biogenesis	IDH2	3418	TRUE
reactome_mitochondrial_biogenesis	IMMT	10989	TRUE
reactome_mitochondrial_biogenesis	LIN9	286826	TRUE
reactome_mitochondrial_biogenesis	MAPK11	5600	TRUE
reactome_mitochondrial_biogenesis	MAPK12	6300	TRUE
reactome_mitochondrial_biogenesis	MAPK14	1432	TRUE
reactome_mitochondrial_biogenesis	MBD4	8930	TRUE
reactome_mitochondrial_biogenesis	MEF2C	4208	TRUE
reactome_mitochondrial_biogenesis	MEF2D	4209	TRUE
reactome_mitochondrial_biogenesis	MICOS10	440574	TRUE
reactome_mitochondrial_biogenesis	MICOS13	125988	TRUE
reactome_mitochondrial_biogenesis	MTERF1	7978	TRUE
reactome_mitochondrial_biogenesis	MTX1	4580	TRUE
reactome_mitochondrial_biogenesis	MTX2	10651	TRUE
reactome_mitochondrial_biogenesis	NCOA1	8648	TRUE
reactome_mitochondrial_biogenesis	NCOA2	10499	TRUE
reactome_mitochondrial_biogenesis	NCOA6	23054	TRUE
reactome_mitochondrial_biogenesis	NCOR1	9611	TRUE
reactome_mitochondrial_biogenesis	NR1D1	9572	TRUE
reactome_mitochondrial_biogenesis	NRF1	4899	TRUE
reactome_mitochondrial_biogenesis	PERM1	84808	TRUE
reactome_mitochondrial_biogenesis	POLG2	11232	TRUE
reactome_mitochondrial_biogenesis	POLRMT	5442	TRUE
reactome_mitochondrial_biogenesis	PPARA	5465	TRUE
reactome_mitochondrial_biogenesis	PPARGC1A	10891	TRUE
reactome_mitochondrial_biogenesis	PPARGC1B	133522	TRUE
reactome_mitochondrial_biogenesis	PPRC1	23082	TRUE
reactome_mitochondrial_biogenesis	PRKAA2	5563	TRUE
reactome_mitochondrial_biogenesis	PRKAB1	5564	TRUE
reactome_mitochondrial_biogenesis	PRKAB2	5565	TRUE
reactome_mitochondrial_biogenesis	PRKAG1	5571	TRUE
reactome_mitochondrial_biogenesis	PRKAG2	51422	TRUE
reactome_mitochondrial_biogenesis	PRKAG3	53632	TRUE
reactome_mitochondrial_biogenesis	RXRA	6256	TRUE
reactome_mitochondrial_biogenesis	SAMM50	25813	TRUE
reactome_mitochondrial_biogenesis	SIRT3	23410	TRUE
reactome_mitochondrial_biogenesis	SIRT4	23409	TRUE
reactome_mitochondrial_biogenesis	SIRT5	23408	TRUE
reactome_mitochondrial_biogenesis	SMARCD3	6604	TRUE
reactome_mitochondrial_biogenesis	SSBP1	6742	TRUE
reactome_mitochondrial_biogenesis	TBL1X	6907	TRUE
reactome_mitochondrial_biogenesis	TBL1XR1	79718	TRUE
reactome_mitochondrial_biogenesis	TFAM	7019	TRUE
reactome_mitochondrial_biogenesis	TFB1M	51106	TRUE
reactome_mitochondrial_biogenesis	TFB2M	64216	TRUE
reactome_mitochondrial_biogenesis	TMEM11	8834	TRUE
reactome_mitochondrial_biogenesis	TWNK	56652	TRUE
reactome_transcriptional_activation_mitochondrial_biogenesis	ACSS2	55902	TRUE
reactome_transcriptional_activation_mitochondrial_biogenesis	ALAS1	211	TRUE
reactome_transcriptional_activation_mitochondrial_biogenesis	ATP5F1B	506	TRUE
reactome_transcriptional_activation_mitochondrial_biogenesis	CALM1	801	TRUE
reactome_transcriptional_activation_mitochondrial_biogenesis	CAMK4	814	TRUE
reactome_transcriptional_activation_mitochondrial_biogenesis	CARM1	10498	TRUE
reactome_transcriptional_activation_mitochondrial_biogenesis	CHD9	80205	TRUE
reactome_transcriptional_activation_mitochondrial_biogenesis	CREB1	1385	TRUE
reactome_transcriptional_activation_mitochondrial_biogenesis	CREBBP	1387	TRUE
reactome_transcriptional_activation_mitochondrial_biogenesis	CRTC1	23373	TRUE
reactome_transcriptional_activation_mitochondrial_biogenesis	CRTC2	200186	TRUE
reactome_transcriptional_activation_mitochondrial_biogenesis	CRTC3	64784	TRUE
reactome_transcriptional_activation_mitochondrial_biogenesis	CYCS	54205	TRUE
reactome_transcriptional_activation_mitochondrial_biogenesis	ESRRA	2101	TRUE
reactome_transcriptional_activation_mitochondrial_biogenesis	GABPA	2551	TRUE
reactome_transcriptional_activation_mitochondrial_biogenesis	GDNF	2668	TRUE
reactome_transcriptional_activation_mitochondrial_biogenesis	GLUD1	2746	TRUE
reactome_transcriptional_activation_mitochondrial_biogenesis	GLUD2	2747	TRUE
reactome_transcriptional_activation_mitochondrial_biogenesis	HCFC1	3054	TRUE
reactome_transcriptional_activation_mitochondrial_biogenesis	HDAC3	8841	TRUE
reactome_transcriptional_activation_mitochondrial_biogenesis	HELZ2	85441	TRUE
reactome_transcriptional_activation_mitochondrial_biogenesis	IDH2	3418	TRUE
reactome_transcriptional_activation_mitochondrial_biogenesis	LIN9	286826	TRUE
reactome_transcriptional_activation_mitochondrial_biogenesis	MBD4	8930	TRUE
reactome_transcriptional_activation_mitochondrial_biogenesis	MEF2C	4208	TRUE
reactome_transcriptional_activation_mitochondrial_biogenesis	MEF2D	4209	TRUE
reactome_transcriptional_activation_mitochondrial_biogenesis	MTERF1	7978	TRUE
reactome_transcriptional_activation_mitochondrial_biogenesis	NCOA1	8648	TRUE
reactome_transcriptional_activation_mitochondrial_biogenesis	NCOA2	10499	TRUE
reactome_transcriptional_activation_mitochondrial_biogenesis	NCOA6	23054	TRUE
reactome_transcriptional_activation_mitochondrial_biogenesis	NCOR1	9611	TRUE
reactome_transcriptional_activation_mitochondrial_biogenesis	NR1D1	9572	TRUE
reactome_transcriptional_activation_mitochondrial_biogenesis	NRF1	4899	TRUE
reactome_transcriptional_activation_mitochondrial_biogenesis	PERM1	84808	TRUE
reactome_transcriptional_activation_mitochondrial_biogenesis	POLG2	11232	TRUE
reactome_transcriptional_activation_mitochondrial_biogenesis	POLRMT	5442	TRUE
reactome_transcriptional_activation_mitochondrial_biogenesis	PPARA	5465	TRUE
reactome_transcriptional_activation_mitochondrial_biogenesis	PPARGC1A	10891	TRUE
reactome_transcriptional_activation_mitochondrial_biogenesis	PPARGC1B	133522	TRUE
reactome_transcriptional_activation_mitochondrial_biogenesis	PPRC1	23082	TRUE
reactome_transcriptional_activation_mitochondrial_biogenesis	RXRA	6256	TRUE
reactome_transcriptional_activation_mitochondrial_biogenesis	SIRT3	23410	TRUE
reactome_transcriptional_activation_mitochondrial_biogenesis	SIRT4	23409	TRUE
reactome_transcriptional_activation_mitochondrial_biogenesis	SIRT5	23408	TRUE
reactome_transcriptional_activation_mitochondrial_biogenesis	SMARCD3	6604	TRUE
reactome_transcriptional_activation_mitochondrial_biogenesis	SSBP1	6742	TRUE
reactome_transcriptional_activation_mitochondrial_biogenesis	TBL1X	6907	TRUE
reactome_transcriptional_activation_mitochondrial_biogenesis	TBL1XR1	79718	TRUE
reactome_transcriptional_activation_mitochondrial_biogenesis	TFAM	7019	TRUE
reactome_transcriptional_activation_mitochondrial_biogenesis	TFB1M	51106	TRUE
reactome_transcriptional_activation_mitochondrial_biogenesis	TFB2M	64216	TRUE
reactome_transcriptional_activation_mitochondrial_biogenesis	TWNK	56652	TRUE
kegg_pluripotency_stem_cell_signaling	ACVR1	90	TRUE
kegg_pluripotency_stem_cell_signaling	ACVR1B	91	TRUE
kegg_pluripotency_stem_cell_signaling	ACVR1C	130399	TRUE
kegg_pluripotency_stem_cell_signaling	ACVR2A	92	TRUE
kegg_pluripotency_stem_cell_signaling	ACVR2B	93	TRUE
kegg_pluripotency_stem_cell_signaling	AKT1	207	TRUE
kegg_pluripotency_stem_cell_signaling	AKT2	208	TRUE
kegg_pluripotency_stem_cell_signaling	AKT3	10000	TRUE
kegg_pluripotency_stem_cell_signaling	APC	324	TRUE
kegg_pluripotency_stem_cell_signaling	APC2	10297	TRUE
kegg_pluripotency_stem_cell_signaling	AXIN1	8312	TRUE
kegg_pluripotency_stem_cell_signaling	AXIN2	8313	TRUE
kegg_pluripotency_stem_cell_signaling	BMI1	648	TRUE
kegg_pluripotency_stem_cell_signaling	BMP4	652	TRUE
kegg_pluripotency_stem_cell_signaling	BMPR1A	657	TRUE
kegg_pluripotency_stem_cell_signaling	BMPR1B	658	TRUE
kegg_pluripotency_stem_cell_signaling	BMPR2	659	TRUE
kegg_pluripotency_stem_cell_signaling	COMMD3-BMI1	100532731	TRUE
kegg_pluripotency_stem_cell_signaling	CTNNB1	1499	TRUE
kegg_pluripotency_stem_cell_signaling	DLX5	1749	TRUE
kegg_pluripotency_stem_cell_signaling	DUSP9	1852	TRUE
kegg_pluripotency_stem_cell_signaling	DVL1	1855	TRUE
kegg_pluripotency_stem_cell_signaling	DVL2	1856	TRUE
kegg_pluripotency_stem_cell_signaling	DVL3	1857	TRUE
kegg_pluripotency_stem_cell_signaling	ESRRB	2103	TRUE
kegg_pluripotency_stem_cell_signaling	ESX1	80712	TRUE
kegg_pluripotency_stem_cell_signaling	FGF2	2247	TRUE
kegg_pluripotency_stem_cell_signaling	FGFR1	2260	TRUE
kegg_pluripotency_stem_cell_signaling	FGFR2	2263	TRUE
kegg_pluripotency_stem_cell_signaling	FGFR3	2261	TRUE
kegg_pluripotency_stem_cell_signaling	FGFR4	2264	TRUE
kegg_pluripotency_stem_cell_signaling	FZD1	8321	TRUE
kegg_pluripotency_stem_cell_signaling	FZD10	11211	TRUE
kegg_pluripotency_stem_cell_signaling	FZD2	2535	TRUE
kegg_pluripotency_stem_cell_signaling	FZD3	7976	TRUE
kegg_pluripotency_stem_cell_signaling	FZD4	8322	TRUE
kegg_pluripotency_stem_cell_signaling	FZD5	7855	TRUE
kegg_pluripotency_stem_cell_signaling	FZD6	8323	TRUE
kegg_pluripotency_stem_cell_signaling	FZD7	8324	TRUE
kegg_pluripotency_stem_cell_signaling	FZD8	8325	TRUE
kegg_pluripotency_stem_cell_signaling	FZD9	8326	TRUE
kegg_pluripotency_stem_cell_signaling	GRB2	2885	TRUE
kegg_pluripotency_stem_cell_signaling	GSK3B	2932	TRUE
kegg_pluripotency_stem_cell_signaling	HAND1	9421	TRUE
kegg_pluripotency_stem_cell_signaling	HESX1	8820	TRUE
kegg_pluripotency_stem_cell_signaling	HOXA1	3198	TRUE
kegg_pluripotency_stem_cell_signaling	HOXB1	3211	TRUE
kegg_pluripotency_stem_cell_signaling	HOXD1	3231	TRUE
kegg_pluripotency_stem_cell_signaling	HRAS	3265	TRUE
kegg_pluripotency_stem_cell_signaling	ID1	3397	TRUE
kegg_pluripotency_stem_cell_signaling	ID2	3398	TRUE
kegg_pluripotency_stem_cell_signaling	ID3	3399	TRUE
kegg_pluripotency_stem_cell_signaling	ID4	3400	TRUE
kegg_pluripotency_stem_cell_signaling	IGF1	3479	TRUE
kegg_pluripotency_stem_cell_signaling	IGF1R	3480	TRUE
kegg_pluripotency_stem_cell_signaling	IL6ST	3572	TRUE
kegg_pluripotency_stem_cell_signaling	INHBA	3624	TRUE
kegg_pluripotency_stem_cell_signaling	INHBB	3625	TRUE
kegg_pluripotency_stem_cell_signaling	INHBC	3626	TRUE
kegg_pluripotency_stem_cell_signaling	INHBE	83729	TRUE
kegg_pluripotency_stem_cell_signaling	ISL1	3670	TRUE
kegg_pluripotency_stem_cell_signaling	JAK1	3716	TRUE
kegg_pluripotency_stem_cell_signaling	JAK2	3717	TRUE
kegg_pluripotency_stem_cell_signaling	JAK3	3718	TRUE
kegg_pluripotency_stem_cell_signaling	JARID2	3720	TRUE
kegg_pluripotency_stem_cell_signaling	KAT6A	7994	TRUE
kegg_pluripotency_stem_cell_signaling	KLF4	9314	TRUE
kegg_pluripotency_stem_cell_signaling	KRAS	3845	TRUE
kegg_pluripotency_stem_cell_signaling	LEFTY1	10637	TRUE
kegg_pluripotency_stem_cell_signaling	LEFTY2	7044	TRUE
kegg_pluripotency_stem_cell_signaling	LHX5	64211	TRUE
kegg_pluripotency_stem_cell_signaling	LIF	3976	TRUE
kegg_pluripotency_stem_cell_signaling	LIFR	3977	TRUE
kegg_pluripotency_stem_cell_signaling	MAP2K1	5604	TRUE
kegg_pluripotency_stem_cell_signaling	MAP2K2	5605	TRUE
kegg_pluripotency_stem_cell_signaling	MAPK1	5594	TRUE
kegg_pluripotency_stem_cell_signaling	MAPK11	5600	TRUE
kegg_pluripotency_stem_cell_signaling	MAPK12	6300	TRUE
kegg_pluripotency_stem_cell_signaling	MAPK13	5603	TRUE
kegg_pluripotency_stem_cell_signaling	MAPK14	1432	TRUE
kegg_pluripotency_stem_cell_signaling	MAPK3	5595	TRUE
kegg_pluripotency_stem_cell_signaling	MEIS1	4211	TRUE
kegg_pluripotency_stem_cell_signaling	MYC	4609	TRUE
kegg_pluripotency_stem_cell_signaling	MYF5	4617	TRUE
kegg_pluripotency_stem_cell_signaling	NANOG	79923	TRUE
kegg_pluripotency_stem_cell_signaling	NANOGP8	388112	TRUE
kegg_pluripotency_stem_cell_signaling	NEUROG1	4762	TRUE
kegg_pluripotency_stem_cell_signaling	NODAL	4838	TRUE
kegg_pluripotency_stem_cell_signaling	NRAS	4893	TRUE
kegg_pluripotency_stem_cell_signaling	ONECUT1	3175	TRUE
kegg_pluripotency_stem_cell_signaling	OTX1	5013	TRUE
kegg_pluripotency_stem_cell_signaling	PAX6	5080	TRUE
kegg_pluripotency_stem_cell_signaling	PCGF1	84759	TRUE
kegg_pluripotency_stem_cell_signaling	PCGF2	7703	TRUE
kegg_pluripotency_stem_cell_signaling	PCGF3	10336	TRUE
kegg_pluripotency_stem_cell_signaling	PCGF5	84333	TRUE
kegg_pluripotency_stem_cell_signaling	PCGF6	84108	TRUE
kegg_pluripotency_stem_cell_signaling	PIK3CA	5290	TRUE
kegg_pluripotency_stem_cell_signaling	PIK3CB	5291	TRUE
kegg_pluripotency_stem_cell_signaling	PIK3CD	5293	TRUE
kegg_pluripotency_stem_cell_signaling	PIK3R1	5295	TRUE
kegg_pluripotency_stem_cell_signaling	PIK3R2	5296	TRUE
kegg_pluripotency_stem_cell_signaling	PIK3R3	8503	TRUE
kegg_pluripotency_stem_cell_signaling	POU5F1	5460	TRUE
kegg_pluripotency_stem_cell_signaling	POU5F1B	5462	TRUE
kegg_pluripotency_stem_cell_signaling	RAF1	5894	TRUE
kegg_pluripotency_stem_cell_signaling	REST	5978	TRUE
kegg_pluripotency_stem_cell_signaling	RIF1	55183	TRUE
kegg_pluripotency_stem_cell_signaling	SETDB1	9869	TRUE
kegg_pluripotency_stem_cell_signaling	SKIL	6498	TRUE
kegg_pluripotency_stem_cell_signaling	SMAD1	4086	TRUE
kegg_pluripotency_stem_cell_signaling	SMAD2	4087	TRUE
kegg_pluripotency_stem_cell_signaling	SMAD3	4088	TRUE
kegg_pluripotency_stem_cell_signaling	SMAD4	4089	TRUE
kegg_pluripotency_stem_cell_signaling	SMAD5	4090	TRUE
kegg_pluripotency_stem_cell_signaling	SMAD9	4093	TRUE
kegg_pluripotency_stem_cell_signaling	SMARCAD1	56916	TRUE
kegg_pluripotency_stem_cell_signaling	SOX2	6657	TRUE
kegg_pluripotency_stem_cell_signaling	STAT3	6774	TRUE
kegg_pluripotency_stem_cell_signaling	TBX3	6926	TRUE
kegg_pluripotency_stem_cell_signaling	TCF3	6929	TRUE
kegg_pluripotency_stem_cell_signaling	TCF7	6932	TRUE
kegg_pluripotency_stem_cell_signaling	WNT1	7471	TRUE
kegg_pluripotency_stem_cell_signaling	WNT10A	80326	TRUE
kegg_pluripotency_stem_cell_signaling	WNT10B	7480	TRUE
kegg_pluripotency_stem_cell_signaling	WNT11	7481	TRUE
kegg_pluripotency_stem_cell_signaling	WNT16	51384	TRUE
kegg_pluripotency_stem_cell_signaling	WNT2	7472	TRUE
kegg_pluripotency_stem_cell_signaling	WNT2B	7482	TRUE
kegg_pluripotency_stem_cell_signaling	WNT3	7473	TRUE
kegg_pluripotency_stem_cell_signaling	WNT3A	89780	TRUE
kegg_pluripotency_stem_cell_signaling	WNT4	54361	TRUE
kegg_pluripotency_stem_cell_signaling	WNT5A	7474	TRUE
kegg_pluripotency_stem_cell_signaling	WNT5B	81029	TRUE
kegg_pluripotency_stem_cell_signaling	WNT6	7475	TRUE
kegg_pluripotency_stem_cell_signaling	WNT7A	7476	TRUE
kegg_pluripotency_stem_cell_signaling	WNT7B	7477	TRUE
kegg_pluripotency_stem_cell_signaling	WNT8A	7478	TRUE
kegg_pluripotency_stem_cell_signaling	WNT8B	7479	TRUE
kegg_pluripotency_stem_cell_signaling	WNT9A	7483	TRUE
kegg_pluripotency_stem_cell_signaling	WNT9B	7484	TRUE
kegg_pluripotency_stem_cell_signaling	ZFHX3	463	TRUE
kegg_pluripotency_stem_cell_signaling	ZIC3	7547	TRUE
reactome_pluripotent_stem_cell_transcription	CDX2	1045	TRUE
reactome_pluripotent_stem_cell_transcription	DKK1	22943	TRUE
reactome_pluripotent_stem_cell_transcription	DPPA4	55211	TRUE
reactome_pluripotent_stem_cell_transcription	EOMES	8320	TRUE
reactome_pluripotent_stem_cell_transcription	EPAS1	2034	TRUE
reactome_pluripotent_stem_cell_transcription	EPHA1	2041	TRUE
reactome_pluripotent_stem_cell_transcription	FGF13	2258	TRUE
reactome_pluripotent_stem_cell_transcription	FOXD3	27022	TRUE
reactome_pluripotent_stem_cell_transcription	FOXP1	27086	TRUE
reactome_pluripotent_stem_cell_transcription	GATA6	2627	TRUE
reactome_pluripotent_stem_cell_transcription	GSC	145258	TRUE
reactome_pluripotent_stem_cell_transcription	HHEX	3087	TRUE
reactome_pluripotent_stem_cell_transcription	HIF3A	64344	TRUE
reactome_pluripotent_stem_cell_transcription	KLF4	9314	TRUE
reactome_pluripotent_stem_cell_transcription	LIN28A	79727	TRUE
reactome_pluripotent_stem_cell_transcription	NANOG	79923	TRUE
reactome_pluripotent_stem_cell_transcription	NR5A1	2516	TRUE
reactome_pluripotent_stem_cell_transcription	NR6A1	2649	TRUE
reactome_pluripotent_stem_cell_transcription	PBX1	5087	TRUE
reactome_pluripotent_stem_cell_transcription	PRDM14	63978	TRUE
reactome_pluripotent_stem_cell_transcription	SALL1	6299	TRUE
reactome_pluripotent_stem_cell_transcription	SALL4	57167	TRUE
reactome_pluripotent_stem_cell_transcription	SMAD2	4087	TRUE
reactome_pluripotent_stem_cell_transcription	SMAD4	4089	TRUE
reactome_pluripotent_stem_cell_transcription	SOX2	6657	TRUE
reactome_pluripotent_stem_cell_transcription	STAT3	6774	TRUE
reactome_pluripotent_stem_cell_transcription	TDGF1		FALSE
reactome_pluripotent_stem_cell_transcription	TSC22D1	8848	TRUE
reactome_pluripotent_stem_cell_transcription	ZIC3	7547	TRUE
reactome_pluripotent_stem_cell_transcription	ZSCAN10	84891	TRUE
go_positive_regulation_stem_cell_differentiation	FOXC1	2296	TRUE
go_positive_regulation_stem_cell_differentiation	HOXB4	3214	TRUE
go_positive_regulation_stem_cell_differentiation	LTBP2	4053	TRUE
go_positive_regulation_stem_cell_differentiation	MTCH2	23788	TRUE
go_positive_regulation_stem_cell_differentiation	NKX2-5	1482	TRUE
go_positive_regulation_stem_cell_differentiation	NUDT21	11051	TRUE
go_positive_regulation_stem_cell_differentiation	PTN	5764	TRUE
go_positive_regulation_stem_cell_differentiation	RBM24	221662	TRUE
go_positive_regulation_stem_cell_differentiation	SIRT6	51548	TRUE
go_positive_regulation_stem_cell_differentiation	SOX5	6660	TRUE
go_positive_regulation_stem_cell_differentiation	SOX6	55553	TRUE
go_positive_regulation_stem_cell_differentiation	SOX9	6662	TRUE
go_positive_regulation_stem_cell_differentiation	SP7	121340	TRUE
go_positive_regulation_stem_cell_differentiation	TACSTD2	4070	TRUE
go_positive_regulation_stem_cell_differentiation	TBX5	6910	TRUE
go_positive_regulation_stem_cell_differentiation	TCF15	6939	TRUE
go_positive_regulation_stem_cell_differentiation	TGFB2	7042	TRUE
go_negative_regulation_stem_cell_differentiation	GSK3B	2932	TRUE
go_negative_regulation_stem_cell_differentiation	HES1	3280	TRUE
go_negative_regulation_stem_cell_differentiation	HES5	388585	TRUE
go_negative_regulation_stem_cell_differentiation	HNRNPU	3192	TRUE
go_negative_regulation_stem_cell_differentiation	JAG1	182	TRUE
go_negative_regulation_stem_cell_differentiation	N4BP2L2	10443	TRUE
go_negative_regulation_stem_cell_differentiation	NELFB	25920	TRUE
go_negative_regulation_stem_cell_differentiation	NOTCH1	4851	TRUE
go_negative_regulation_stem_cell_differentiation	REST	5978	TRUE
go_negative_regulation_stem_cell_differentiation	TCF15	6939	TRUE
go_negative_regulation_stem_cell_differentiation	YTHDF2	51441	TRUE
go_negative_regulation_stem_cell_differentiation	ZFP36L2	678	TRUE
kegg_ampk_signaling	ACACA	31	TRUE
kegg_ampk_signaling	ACACB	32	TRUE
kegg_ampk_signaling	ADIPOQ	9370	TRUE
kegg_ampk_signaling	ADIPOR1	51094	TRUE
kegg_ampk_signaling	ADIPOR2	79602	TRUE
kegg_ampk_signaling	ADRA1A	148	TRUE
kegg_ampk_signaling	AKT1	207	TRUE
kegg_ampk_signaling	AKT1S1	84335	TRUE
kegg_ampk_signaling	AKT2	208	TRUE
kegg_ampk_signaling	AKT3	10000	TRUE
kegg_ampk_signaling	CAB39	51719	TRUE
kegg_ampk_signaling	CAB39L	81617	TRUE
kegg_ampk_signaling	CAMKK2	10645	TRUE
kegg_ampk_signaling	CCNA1	8900	TRUE
kegg_ampk_signaling	CCNA2	890	TRUE
kegg_ampk_signaling	CCND1	595	TRUE
kegg_ampk_signaling	CD36	948	TRUE
kegg_ampk_signaling	CFTR	1080	TRUE
kegg_ampk_signaling	CPT1A	1374	TRUE
kegg_ampk_signaling	CPT1B	1375	TRUE
kegg_ampk_signaling	CPT1C	126129	TRUE
kegg_ampk_signaling	CREB1	1385	TRUE
kegg_ampk_signaling	CREB3	10488	TRUE
kegg_ampk_signaling	CREB3L1	90993	TRUE
kegg_ampk_signaling	CREB3L2	64764	TRUE
kegg_ampk_signaling	CREB3L3	84699	TRUE
kegg_ampk_signaling	CREB3L4	148327	TRUE
kegg_ampk_signaling	CREB5	9586	TRUE
kegg_ampk_signaling	CRTC2	200186	TRUE
kegg_ampk_signaling	EEF2	1938	TRUE
kegg_ampk_signaling	EEF2K	29904	TRUE
kegg_ampk_signaling	EIF4EBP1	1978	TRUE
kegg_ampk_signaling	ELAVL1	1994	TRUE
kegg_ampk_signaling	FASN	2194	TRUE
kegg_ampk_signaling	FBP1	2203	TRUE
kegg_ampk_signaling	FBP2	8789	TRUE
kegg_ampk_signaling	FOXO1	2308	TRUE
kegg_ampk_signaling	FOXO3	2309	TRUE
kegg_ampk_signaling	G6PC1	2538	TRUE
kegg_ampk_signaling	G6PC2	57818	TRUE
kegg_ampk_signaling	G6PC3	92579	TRUE
kegg_ampk_signaling	GYS1	2997	TRUE
kegg_ampk_signaling	GYS2	2998	TRUE
kegg_ampk_signaling	HMGCR	3156	TRUE
kegg_ampk_signaling	HNF4A	3172	TRUE
kegg_ampk_signaling	IGF1	3479	TRUE
kegg_ampk_signaling	IGF1R	3480	TRUE
kegg_ampk_signaling	INS	3630	TRUE
kegg_ampk_signaling	INSR	3643	TRUE
kegg_ampk_signaling	IRS1	3667	TRUE
kegg_ampk_signaling	IRS2	8660	TRUE
kegg_ampk_signaling	IRS4	8471	TRUE
kegg_ampk_signaling	LEP	3952	TRUE
kegg_ampk_signaling	LEPR	3953	TRUE
kegg_ampk_signaling	LIPE	3991	TRUE
kegg_ampk_signaling	MAP3K7	6885	TRUE
kegg_ampk_signaling	MLYCD	23417	TRUE
kegg_ampk_signaling	MTOR	2475	TRUE
kegg_ampk_signaling	PCK1	5105	TRUE
kegg_ampk_signaling	PCK2	5106	TRUE
kegg_ampk_signaling	PDPK1	5170	TRUE
kegg_ampk_signaling	PFKFB1	5207	TRUE
kegg_ampk_signaling	PFKFB2	5208	TRUE
kegg_ampk_signaling	PFKFB3	5209	TRUE
kegg_ampk_signaling	PFKFB4	5210	TRUE
kegg_ampk_signaling	PFKL	5211	TRUE
kegg_ampk_signaling	PFKM	5213	TRUE
kegg_ampk_signaling	PFKP	5214	TRUE
kegg_ampk_signaling	PIK3CA	5290	TRUE
kegg_ampk_signaling	PIK3CB	5291	TRUE
kegg_ampk_signaling	PIK3CD	5293	TRUE
kegg_ampk_signaling	PIK3R1	5295	TRUE
kegg_ampk_signaling	PIK3R2	5296	TRUE
kegg_ampk_signaling	PIK3R3	8503	TRUE
kegg_ampk_signaling	PPARG	5468	TRUE
kegg_ampk_signaling	PPARGC1A	10891	TRUE
kegg_ampk_signaling	PPP2CA	5515	TRUE
kegg_ampk_signaling	PPP2CB	5516	TRUE
kegg_ampk_signaling	PPP2R1A	5518	TRUE
kegg_ampk_signaling	PPP2R1B	5519	TRUE
kegg_ampk_signaling	PPP2R2A	5520	TRUE
kegg_ampk_signaling	PPP2R2B	5521	TRUE
kegg_ampk_signaling	PPP2R2C	5522	TRUE
kegg_ampk_signaling	PPP2R2D	55844	TRUE
kegg_ampk_signaling	PPP2R3A	5523	TRUE
kegg_ampk_signaling	PPP2R3B	28227	TRUE
kegg_ampk_signaling	PPP2R3C	55012	TRUE
kegg_ampk_signaling	PPP2R5A	5525	TRUE
kegg_ampk_signaling	PPP2R5B	5526	TRUE
kegg_ampk_signaling	PPP2R5C	5527	TRUE
kegg_ampk_signaling	PPP2R5D	5528	TRUE
kegg_ampk_signaling	PPP2R5E	5529	TRUE
kegg_ampk_signaling	PRKAA1	5562	TRUE
kegg_ampk_signaling	PRKAA2	5563	TRUE
kegg_ampk_signaling	PRKAB1	5564	TRUE
kegg_ampk_signaling	PRKAB2	5565	TRUE
kegg_ampk_signaling	PRKAG1	5571	TRUE
kegg_ampk_signaling	PRKAG2	51422	TRUE
kegg_ampk_signaling	PRKAG3	53632	TRUE
kegg_ampk_signaling	RAB10	10890	TRUE
kegg_ampk_signaling	RAB11B	9230	TRUE
kegg_ampk_signaling	RAB14	51552	TRUE
kegg_ampk_signaling	RAB2A	5862	TRUE
kegg_ampk_signaling	RAB8A	4218	TRUE
kegg_ampk_signaling	RHEB	6009	TRUE
kegg_ampk_signaling	RPS6KB1	6198	TRUE
kegg_ampk_signaling	RPS6KB2	6199	TRUE
kegg_ampk_signaling	RPTOR	57521	TRUE
kegg_ampk_signaling	SCD	6319	TRUE
kegg_ampk_signaling	SCD5	79966	TRUE
kegg_ampk_signaling	SIRT1	23411	TRUE
kegg_ampk_signaling	SLC2A4	6517	TRUE
kegg_ampk_signaling	SREBF1	6720	TRUE
kegg_ampk_signaling	STK11	6794	TRUE
kegg_ampk_signaling	STRADA	92335	TRUE
kegg_ampk_signaling	STRADB	55437	TRUE
kegg_ampk_signaling	TBC1D1	23216	TRUE
kegg_ampk_signaling	TSC1	7248	TRUE
kegg_ampk_signaling	TSC2	7249	TRUE
kegg_ampk_signaling	ULK1	8408	TRUE
kegg_foxo_signaling	AGAP2	116986	TRUE
kegg_foxo_signaling	AKT1	207	TRUE
kegg_foxo_signaling	AKT2	208	TRUE
kegg_foxo_signaling	AKT3	10000	TRUE
kegg_foxo_signaling	ARAF	369	TRUE
kegg_foxo_signaling	ATG12	9140	TRUE
kegg_foxo_signaling	ATM	472	TRUE
kegg_foxo_signaling	BCL2L11	10018	TRUE
kegg_foxo_signaling	BCL6	604	TRUE
kegg_foxo_signaling	BNIP3	664	TRUE
kegg_foxo_signaling	BRAF	673	TRUE
kegg_foxo_signaling	C8orf44-SGK3	100533105	TRUE
kegg_foxo_signaling	CAT	847	TRUE
kegg_foxo_signaling	CCNB1	891	TRUE
kegg_foxo_signaling	CCNB2	9133	TRUE
kegg_foxo_signaling	CCNB3	85417	TRUE
kegg_foxo_signaling	CCND1	595	TRUE
kegg_foxo_signaling	CCND2	894	TRUE
kegg_foxo_signaling	CCNG2	901	TRUE
kegg_foxo_signaling	CDK2	1017	TRUE
kegg_foxo_signaling	CDKN1A	1026	TRUE
kegg_foxo_signaling	CDKN1B	1027	TRUE
kegg_foxo_signaling	CDKN2B	1030	TRUE
kegg_foxo_signaling	CDKN2D	1032	TRUE
kegg_foxo_signaling	CHUK	1147	TRUE
kegg_foxo_signaling	CREBBP	1387	TRUE
kegg_foxo_signaling	CSNK1E	1454	TRUE
kegg_foxo_signaling	EGF	1950	TRUE
kegg_foxo_signaling	EGFR	1956	TRUE
kegg_foxo_signaling	EP300	2033	TRUE
kegg_foxo_signaling	FASLG	356	TRUE
kegg_foxo_signaling	FBXO25	26260	TRUE
kegg_foxo_signaling	FBXO32	114907	TRUE
kegg_foxo_signaling	FOXG1	2290	TRUE
kegg_foxo_signaling	FOXO1	2308	TRUE
kegg_foxo_signaling	FOXO3	2309	TRUE
kegg_foxo_signaling	FOXO4	4303	TRUE
kegg_foxo_signaling	FOXO6	100132074	TRUE
kegg_foxo_signaling	G6PC1	2538	TRUE
kegg_foxo_signaling	G6PC2	57818	TRUE
kegg_foxo_signaling	G6PC3	92579	TRUE
kegg_foxo_signaling	GABARAP	11337	TRUE
kegg_foxo_signaling	GABARAPL1	23710	TRUE
kegg_foxo_signaling	GABARAPL2	11345	TRUE
kegg_foxo_signaling	GADD45A	1647	TRUE
kegg_foxo_signaling	GADD45B	4616	TRUE
kegg_foxo_signaling	GADD45G	10912	TRUE
kegg_foxo_signaling	GRB2	2885	TRUE
kegg_foxo_signaling	GRM1	2911	TRUE
kegg_foxo_signaling	HOMER1	9456	TRUE
kegg_foxo_signaling	HOMER2	9455	TRUE
kegg_foxo_signaling	HOMER3	9454	TRUE
kegg_foxo_signaling	HRAS	3265	TRUE
kegg_foxo_signaling	IGF1	3479	TRUE
kegg_foxo_signaling	IGF1R	3480	TRUE
kegg_foxo_signaling	IKBKB	3551	TRUE
kegg_foxo_signaling	IL10	3586	TRUE
kegg_foxo_signaling	IL6	3569	TRUE
kegg_foxo_signaling	IL7R	3575	TRUE
kegg_foxo_signaling	INS	3630	TRUE
kegg_foxo_signaling	INSR	3643	TRUE
kegg_foxo_signaling	IRS1	3667	TRUE
kegg_foxo_signaling	IRS2	8660	TRUE
kegg_foxo_signaling	IRS4	8471	TRUE
kegg_foxo_signaling	KLF2	10365	TRUE
kegg_foxo_signaling	KRAS	3845	TRUE
kegg_foxo_signaling	MAP2K1	5604	TRUE
kegg_foxo_signaling	MAP2K2	5605	TRUE
kegg_foxo_signaling	MAPK1	5594	TRUE
kegg_foxo_signaling	MAPK10	5602	TRUE
kegg_foxo_signaling	MAPK11	5600	TRUE
kegg_foxo_signaling	MAPK12	6300	TRUE
kegg_foxo_signaling	MAPK13	5603	TRUE
kegg_foxo_signaling	MAPK14	1432	TRUE
kegg_foxo_signaling	MAPK3	5595	TRUE
kegg_foxo_signaling	MAPK8	5599	TRUE
kegg_foxo_signaling	MAPK9	5601	TRUE
kegg_foxo_signaling	MDM2	4193	TRUE
kegg_foxo_signaling	NLK	51701	TRUE
kegg_foxo_signaling	NRAS	4893	TRUE
kegg_foxo_signaling	PCK1	5105	TRUE
kegg_foxo_signaling	PCK2	5106	TRUE
kegg_foxo_signaling	PDPK1	5170	TRUE
kegg_foxo_signaling	PIK3CA	5290	TRUE
kegg_foxo_signaling	PIK3CB	5291	TRUE
kegg_foxo_signaling	PIK3CD	5293	TRUE
kegg_foxo_signaling	PIK3R1	5295	TRUE
kegg_foxo_signaling	PIK3R2	5296	TRUE
kegg_foxo_signaling	PIK3R3	8503	TRUE
kegg_foxo_signaling	PLK1	5347	TRUE
kegg_foxo_signaling	PLK2	10769	TRUE
kegg_foxo_signaling	PLK3	1263	TRUE
kegg_foxo_signaling	PLK4	10733	TRUE
kegg_foxo_signaling	PRKAA1	5562	TRUE
kegg_foxo_signaling	PRKAA2	5563	TRUE
kegg_foxo_signaling	PRKAB1	5564	TRUE
kegg_foxo_signaling	PRKAB2	5565	TRUE
kegg_foxo_signaling	PRKAG1	5571	TRUE
kegg_foxo_signaling	PRKAG2	51422	TRUE
kegg_foxo_signaling	PRKAG3	53632	TRUE
kegg_foxo_signaling	PRMT1	3276	TRUE
kegg_foxo_signaling	PTEN	5728	TRUE
kegg_foxo_signaling	RAF1	5894	TRUE
kegg_foxo_signaling	RAG1	5896	TRUE
kegg_foxo_signaling	RAG2	5897	TRUE
kegg_foxo_signaling	RBL2	5934	TRUE
kegg_foxo_signaling	S1PR1	1901	TRUE
kegg_foxo_signaling	S1PR4	8698	TRUE
kegg_foxo_signaling	SETD7	80854	TRUE
kegg_foxo_signaling	SGK1	6446	TRUE
kegg_foxo_signaling	SGK2	10110	TRUE
kegg_foxo_signaling	SGK3	23678	TRUE
kegg_foxo_signaling	SIRT1	23411	TRUE
kegg_foxo_signaling	SKP2	6502	TRUE
kegg_foxo_signaling	SLC2A4	6517	TRUE
kegg_foxo_signaling	SMAD3	4088	TRUE
kegg_foxo_signaling	SMAD4	4089	TRUE
kegg_foxo_signaling	SOD2	6648	TRUE
kegg_foxo_signaling	SOS1	6654	TRUE
kegg_foxo_signaling	SOS2	6655	TRUE
kegg_foxo_signaling	STAT3	6774	TRUE
kegg_foxo_signaling	STK11	6794	TRUE
kegg_foxo_signaling	STK4	6789	TRUE
kegg_foxo_signaling	TGFB1	7040	TRUE
kegg_foxo_signaling	TGFB2	7042	TRUE
kegg_foxo_signaling	TGFB3	7043	TRUE
kegg_foxo_signaling	TGFBR1	7046	TRUE
kegg_foxo_signaling	TGFBR2	7048	TRUE
kegg_foxo_signaling	TNFSF10	8743	TRUE
kegg_foxo_signaling	TPTEP2-CSNK1E	102800317	TRUE
kegg_foxo_signaling	USP7	7874	TRUE
kegg_mtor_signaling	AKT1	207	TRUE
kegg_mtor_signaling	AKT1S1	84335	TRUE
kegg_mtor_signaling	AKT2	208	TRUE
kegg_mtor_signaling	AKT3	10000	TRUE
kegg_mtor_signaling	ATP6V1A	523	TRUE
kegg_mtor_signaling	ATP6V1B1	525	TRUE
kegg_mtor_signaling	ATP6V1B2	526	TRUE
kegg_mtor_signaling	ATP6V1C1	528	TRUE
kegg_mtor_signaling	ATP6V1C2	245973	TRUE
kegg_mtor_signaling	ATP6V1D	51382	TRUE
kegg_mtor_signaling	ATP6V1E1	529	TRUE
kegg_mtor_signaling	ATP6V1E2	90423	TRUE
kegg_mtor_signaling	ATP6V1F	9296	TRUE
kegg_mtor_signaling	ATP6V1G1	9550	TRUE
kegg_mtor_signaling	ATP6V1G2	534	TRUE
kegg_mtor_signaling	ATP6V1G3	127124	TRUE
kegg_mtor_signaling	ATP6V1H	51606	TRUE
kegg_mtor_signaling	BRAF	673	TRUE
kegg_mtor_signaling	CAB39	51719	TRUE
kegg_mtor_signaling	CAB39L	81617	TRUE
kegg_mtor_signaling	CASTOR1	652968	TRUE
kegg_mtor_signaling	CASTOR2	729438	TRUE
kegg_mtor_signaling	CHUK	1147	TRUE
kegg_mtor_signaling	CLIP1	6249	TRUE
kegg_mtor_signaling	DDIT4	54541	TRUE
kegg_mtor_signaling	DEPDC5	9681	TRUE
kegg_mtor_signaling	DEPTOR	64798	TRUE
kegg_mtor_signaling	DVL1	1855	TRUE
kegg_mtor_signaling	DVL2	1856	TRUE
kegg_mtor_signaling	DVL3	1857	TRUE
kegg_mtor_signaling	EIF4B	1975	TRUE
kegg_mtor_signaling	EIF4E	1977	TRUE
kegg_mtor_signaling	EIF4E1B	253314	TRUE
kegg_mtor_signaling	EIF4E2	9470	TRUE
kegg_mtor_signaling	EIF4EBP1	1978	TRUE
kegg_mtor_signaling	FLCN	201163	TRUE
kegg_mtor_signaling	FNIP1	96459	TRUE
kegg_mtor_signaling	FNIP2	57600	TRUE
kegg_mtor_signaling	FZD1	8321	TRUE
kegg_mtor_signaling	FZD10	11211	TRUE
kegg_mtor_signaling	FZD2	2535	TRUE
kegg_mtor_signaling	FZD3	7976	TRUE
kegg_mtor_signaling	FZD4	8322	TRUE
kegg_mtor_signaling	FZD5	7855	TRUE
kegg_mtor_signaling	FZD6	8323	TRUE
kegg_mtor_signaling	FZD7	8324	TRUE
kegg_mtor_signaling	FZD8	8325	TRUE
kegg_mtor_signaling	FZD9	8326	TRUE
kegg_mtor_signaling	GRB10	2887	TRUE
kegg_mtor_signaling	GRB2	2885	TRUE
kegg_mtor_signaling	GSK3B	2932	TRUE
kegg_mtor_signaling	HRAS	3265	TRUE
kegg_mtor_signaling	IGF1	3479	TRUE
kegg_mtor_signaling	IGF1R	3480	TRUE
kegg_mtor_signaling	IKBKB	3551	TRUE
kegg_mtor_signaling	INS	3630	TRUE
kegg_mtor_signaling	INSR	3643	TRUE
kegg_mtor_signaling	IRS1	3667	TRUE
kegg_mtor_signaling	KRAS	3845	TRUE
kegg_mtor_signaling	LAMTOR1	55004	TRUE
kegg_mtor_signaling	LAMTOR2	28956	TRUE
kegg_mtor_signaling	LAMTOR3	8649	TRUE
kegg_mtor_signaling	LAMTOR4	389541	TRUE
kegg_mtor_signaling	LAMTOR5	10542	TRUE
kegg_mtor_signaling	LPIN1	23175	TRUE
kegg_mtor_signaling	LPIN2	9663	TRUE
kegg_mtor_signaling	LPIN3	64900	TRUE
kegg_mtor_signaling	LRP5	4041	TRUE
kegg_mtor_signaling	LRP6	4040	TRUE
kegg_mtor_signaling	MAP2K1	5604	TRUE
kegg_mtor_signaling	MAP2K2	5605	TRUE
kegg_mtor_signaling	MAPK1	5594	TRUE
kegg_mtor_signaling	MAPK3	5595	TRUE
kegg_mtor_signaling	MAPKAP1	79109	TRUE
kegg_mtor_signaling	MIOS	54468	TRUE
kegg_mtor_signaling	MLST8	64223	TRUE
kegg_mtor_signaling	MTOR	2475	TRUE
kegg_mtor_signaling	NPRL2	10641	TRUE
kegg_mtor_signaling	NPRL3	8131	TRUE
kegg_mtor_signaling	NRAS	4893	TRUE
kegg_mtor_signaling	PDPK1	5170	TRUE
kegg_mtor_signaling	PIK3CA	5290	TRUE
kegg_mtor_signaling	PIK3CB	5291	TRUE
kegg_mtor_signaling	PIK3CD	5293	TRUE
kegg_mtor_signaling	PIK3R1	5295	TRUE
kegg_mtor_signaling	PIK3R2	5296	TRUE
kegg_mtor_signaling	PIK3R3	8503	TRUE
kegg_mtor_signaling	PRKAA1	5562	TRUE
kegg_mtor_signaling	PRKAA2	5563	TRUE
kegg_mtor_signaling	PRKCA	5578	TRUE
kegg_mtor_signaling	PRKCB	5579	TRUE
kegg_mtor_signaling	PRKCG	5582	TRUE
kegg_mtor_signaling	PRR5	55615	TRUE
kegg_mtor_signaling	PTEN	5728	TRUE
kegg_mtor_signaling	RAF1	5894	TRUE
kegg_mtor_signaling	RHEB	6009	TRUE
kegg_mtor_signaling	RHOA	387	TRUE
kegg_mtor_signaling	RICTOR	253260	TRUE
kegg_mtor_signaling	RNF152	220441	TRUE
kegg_mtor_signaling	RPS6	6194	TRUE
kegg_mtor_signaling	RPS6KA1	6195	TRUE
kegg_mtor_signaling	RPS6KA2	6196	TRUE
kegg_mtor_signaling	RPS6KA3	6197	TRUE
kegg_mtor_signaling	RPS6KA6	27330	TRUE
kegg_mtor_signaling	RPS6KB1	6198	TRUE
kegg_mtor_signaling	RPS6KB2	6199	TRUE
kegg_mtor_signaling	RPTOR	57521	TRUE
kegg_mtor_signaling	RRAGA	10670	TRUE
kegg_mtor_signaling	RRAGB	10325	TRUE
kegg_mtor_signaling	RRAGC	64121	TRUE
kegg_mtor_signaling	RRAGD	58528	TRUE
kegg_mtor_signaling	SEC13	6396	TRUE
kegg_mtor_signaling	SEH1L	81929	TRUE
kegg_mtor_signaling	SESN2	83667	TRUE
kegg_mtor_signaling	SGK1	6446	TRUE
kegg_mtor_signaling	SKP2	6502	TRUE
kegg_mtor_signaling	SLC38A9	153129	TRUE
kegg_mtor_signaling	SLC3A2	6520	TRUE
kegg_mtor_signaling	SLC7A5	8140	TRUE
kegg_mtor_signaling	SOS1	6654	TRUE
kegg_mtor_signaling	SOS2	6655	TRUE
kegg_mtor_signaling	STK11	6794	TRUE
kegg_mtor_signaling	STRADA	92335	TRUE
kegg_mtor_signaling	STRADB	55437	TRUE
kegg_mtor_signaling	TBC1D7	51256	TRUE
kegg_mtor_signaling	TELO2	9894	TRUE
kegg_mtor_signaling	TNF	7124	TRUE
kegg_mtor_signaling	TNFRSF1A	7132	TRUE
kegg_mtor_signaling	TSC1	7248	TRUE
kegg_mtor_signaling	TSC2	7249	TRUE
kegg_mtor_signaling	TTI1	9675	TRUE
kegg_mtor_signaling	ULK1	8408	TRUE
kegg_mtor_signaling	ULK2	9706	TRUE
kegg_mtor_signaling	WDR24	84219	TRUE
kegg_mtor_signaling	WDR59	79726	TRUE
kegg_mtor_signaling	WNT1	7471	TRUE
kegg_mtor_signaling	WNT10A	80326	TRUE
kegg_mtor_signaling	WNT10B	7480	TRUE
kegg_mtor_signaling	WNT11	7481	TRUE
kegg_mtor_signaling	WNT16	51384	TRUE
kegg_mtor_signaling	WNT2	7472	TRUE
kegg_mtor_signaling	WNT2B	7482	TRUE
kegg_mtor_signaling	WNT3	7473	TRUE
kegg_mtor_signaling	WNT3A	89780	TRUE
kegg_mtor_signaling	WNT4	54361	TRUE
kegg_mtor_signaling	WNT5A	7474	TRUE
kegg_mtor_signaling	WNT5B	81029	TRUE
kegg_mtor_signaling	WNT6	7475	TRUE
kegg_mtor_signaling	WNT7A	7476	TRUE
kegg_mtor_signaling	WNT7B	7477	TRUE
kegg_mtor_signaling	WNT8A	7478	TRUE
kegg_mtor_signaling	WNT8B	7479	TRUE
kegg_mtor_signaling	WNT9A	7483	TRUE
kegg_mtor_signaling	WNT9B	7484	TRUE
reactome_mtor_signaling	AKT1	207	TRUE
reactome_mtor_signaling	AKT1S1	84335	TRUE
reactome_mtor_signaling	AKT2	208	TRUE
reactome_mtor_signaling	CAB39	51719	TRUE
reactome_mtor_signaling	CAB39L	81617	TRUE
reactome_mtor_signaling	EEF2K	29904	TRUE
reactome_mtor_signaling	EIF4B	1975	TRUE
reactome_mtor_signaling	EIF4E	1977	TRUE
reactome_mtor_signaling	EIF4EBP1	1978	TRUE
reactome_mtor_signaling	EIF4G1	1981	TRUE
reactome_mtor_signaling	FKBP1A	2280	TRUE
reactome_mtor_signaling	LAMTOR1	55004	TRUE
reactome_mtor_signaling	LAMTOR2	28956	TRUE
reactome_mtor_signaling	LAMTOR3	8649	TRUE
reactome_mtor_signaling	LAMTOR4	389541	TRUE
reactome_mtor_signaling	LAMTOR5	10542	TRUE
reactome_mtor_signaling	MLST8	64223	TRUE
reactome_mtor_signaling	MTOR	2475	TRUE
reactome_mtor_signaling	PPM1A	5494	TRUE
reactome_mtor_signaling	PRKAA1	5562	TRUE
reactome_mtor_signaling	PRKAA2	5563	TRUE
reactome_mtor_signaling	PRKAB1	5564	TRUE
reactome_mtor_signaling	PRKAB2	5565	TRUE
reactome_mtor_signaling	PRKAG1	5571	TRUE
reactome_mtor_signaling	PRKAG2	51422	TRUE
reactome_mtor_signaling	PRKAG3	53632	TRUE
reactome_mtor_signaling	RHEB	6009	TRUE
reactome_mtor_signaling	RPS6	6194	TRUE
reactome_mtor_signaling	RPS6KB1	6198	TRUE
reactome_mtor_signaling	RPTOR	57521	TRUE
reactome_mtor_signaling	RRAGA	10670	TRUE
reactome_mtor_signaling	RRAGB	10325	TRUE
reactome_mtor_signaling	RRAGC	64121	TRUE
reactome_mtor_signaling	RRAGD	58528	TRUE
reactome_mtor_signaling	SLC38A9	153129	TRUE
reactome_mtor_signaling	STK11	6794	TRUE
reactome_mtor_signaling	STRADA	92335	TRUE
reactome_mtor_signaling	STRADB	55437	TRUE
reactome_mtor_signaling	TSC1	7248	TRUE
reactome_mtor_signaling	TSC2	7249	TRUE
reactome_mtor_signaling	YWHAB	7529	TRUE
reactome_lkb1_ampk_mtor_energy_regulation	CAB39	51719	TRUE
reactome_lkb1_ampk_mtor_energy_regulation	CAB39L	81617	TRUE
reactome_lkb1_ampk_mtor_energy_regulation	LAMTOR1	55004	TRUE
reactome_lkb1_ampk_mtor_energy_regulation	LAMTOR2	28956	TRUE
reactome_lkb1_ampk_mtor_energy_regulation	LAMTOR3	8649	TRUE
reactome_lkb1_ampk_mtor_energy_regulation	LAMTOR4	389541	TRUE
reactome_lkb1_ampk_mtor_energy_regulation	LAMTOR5	10542	TRUE
reactome_lkb1_ampk_mtor_energy_regulation	MLST8	64223	TRUE
reactome_lkb1_ampk_mtor_energy_regulation	MTOR	2475	TRUE
reactome_lkb1_ampk_mtor_energy_regulation	PPM1A	5494	TRUE
reactome_lkb1_ampk_mtor_energy_regulation	PRKAA1	5562	TRUE
reactome_lkb1_ampk_mtor_energy_regulation	PRKAA2	5563	TRUE
reactome_lkb1_ampk_mtor_energy_regulation	PRKAB1	5564	TRUE
reactome_lkb1_ampk_mtor_energy_regulation	PRKAB2	5565	TRUE
reactome_lkb1_ampk_mtor_energy_regulation	PRKAG1	5571	TRUE
reactome_lkb1_ampk_mtor_energy_regulation	PRKAG2	51422	TRUE
reactome_lkb1_ampk_mtor_energy_regulation	PRKAG3	53632	TRUE
reactome_lkb1_ampk_mtor_energy_regulation	RHEB	6009	TRUE
reactome_lkb1_ampk_mtor_energy_regulation	RPTOR	57521	TRUE
reactome_lkb1_ampk_mtor_energy_regulation	RRAGA	10670	TRUE
reactome_lkb1_ampk_mtor_energy_regulation	RRAGB	10325	TRUE
reactome_lkb1_ampk_mtor_energy_regulation	RRAGC	64121	TRUE
reactome_lkb1_ampk_mtor_energy_regulation	RRAGD	58528	TRUE
reactome_lkb1_ampk_mtor_energy_regulation	SLC38A9	153129	TRUE
reactome_lkb1_ampk_mtor_energy_regulation	STK11	6794	TRUE
reactome_lkb1_ampk_mtor_energy_regulation	STRADA	92335	TRUE
reactome_lkb1_ampk_mtor_energy_regulation	STRADB	55437	TRUE
reactome_lkb1_ampk_mtor_energy_regulation	TSC1	7248	TRUE
reactome_lkb1_ampk_mtor_energy_regulation	TSC2	7249	TRUE
reactome_foxo_mediated_transcription	ABCA6	23460	TRUE
reactome_foxo_mediated_transcription	AGRP	181	TRUE
reactome_foxo_mediated_transcription	AKT1	207	TRUE
reactome_foxo_mediated_transcription	AKT2	208	TRUE
reactome_foxo_mediated_transcription	AKT3	10000	TRUE
reactome_foxo_mediated_transcription	ATXN3	4287	TRUE
reactome_foxo_mediated_transcription	BBC3	27113	TRUE
reactome_foxo_mediated_transcription	BCL2L11	10018	TRUE
reactome_foxo_mediated_transcription	BCL6	604	TRUE
reactome_foxo_mediated_transcription	BTG1	694	TRUE
reactome_foxo_mediated_transcription	CAV1	857	TRUE
reactome_foxo_mediated_transcription	CCNG2	901	TRUE
reactome_foxo_mediated_transcription	CDKN1A	1026	TRUE
reactome_foxo_mediated_transcription	CDKN1B	1027	TRUE
reactome_foxo_mediated_transcription	CITED2	10370	TRUE
reactome_foxo_mediated_transcription	CREBBP	1387	TRUE
reactome_foxo_mediated_transcription	DDIT3	1649	TRUE
reactome_foxo_mediated_transcription	EP300	2033	TRUE
reactome_foxo_mediated_transcription	FASLG	356	TRUE
reactome_foxo_mediated_transcription	FBXO32	114907	TRUE
reactome_foxo_mediated_transcription	FOXG1	2290	TRUE
reactome_foxo_mediated_transcription	FOXO1	2308	TRUE
reactome_foxo_mediated_transcription	FOXO3	2309	TRUE
reactome_foxo_mediated_transcription	FOXO4	4303	TRUE
reactome_foxo_mediated_transcription	FOXO6	100132074	TRUE
reactome_foxo_mediated_transcription	G6PC1	2538	TRUE
reactome_foxo_mediated_transcription	GADD45A	1647	TRUE
reactome_foxo_mediated_transcription	GLYAT	10249	TRUE
reactome_foxo_mediated_transcription	HDAC1	3065	TRUE
reactome_foxo_mediated_transcription	HDAC2	3066	TRUE
reactome_foxo_mediated_transcription	IGFBP1	3484	TRUE
reactome_foxo_mediated_transcription	INS	3630	TRUE
reactome_foxo_mediated_transcription	KAT2B	8850	TRUE
reactome_foxo_mediated_transcription	KLF4	9314	TRUE
reactome_foxo_mediated_transcription	MAP4K2	5871	TRUE
reactome_foxo_mediated_transcription	MSTN	2660	TRUE
reactome_foxo_mediated_transcription	NFYA	4800	TRUE
reactome_foxo_mediated_transcription	NFYB	4801	TRUE
reactome_foxo_mediated_transcription	NFYC	4802	TRUE
reactome_foxo_mediated_transcription	NPY	4852	TRUE
reactome_foxo_mediated_transcription	NR3C1	2908	TRUE
reactome_foxo_mediated_transcription	PCBP4	57060	TRUE
reactome_foxo_mediated_transcription	PCK1	5105	TRUE
reactome_foxo_mediated_transcription	PINK1	65018	TRUE
reactome_foxo_mediated_transcription	PLXNA4	91584	TRUE
reactome_foxo_mediated_transcription	POMC	5443	TRUE
reactome_foxo_mediated_transcription	PPARGC1A	10891	TRUE
reactome_foxo_mediated_transcription	RBL2	5934	TRUE
reactome_foxo_mediated_transcription	RETN	56729	TRUE
reactome_foxo_mediated_transcription	REXO2	25996	TRUE
reactome_foxo_mediated_transcription	SIN3A	25942	TRUE
reactome_foxo_mediated_transcription	SIRT1	23411	TRUE
reactome_foxo_mediated_transcription	SIRT3	23410	TRUE
reactome_foxo_mediated_transcription	SMAD2	4087	TRUE
reactome_foxo_mediated_transcription	SMAD3	4088	TRUE
reactome_foxo_mediated_transcription	SMAD4	4089	TRUE
reactome_foxo_mediated_transcription	SREBF1	6720	TRUE
reactome_foxo_mediated_transcription	STK11	6794	TRUE
reactome_foxo_mediated_transcription	TRIM63	84676	TRUE
reactome_foxo_mediated_transcription	TXN2	25828	TRUE
reactome_foxo_mediated_transcription	TXNIP	10628	TRUE
reactome_foxo_mediated_transcription	YWHAB	7529	TRUE
reactome_foxo_mediated_transcription	YWHAG	7532	TRUE
reactome_foxo_mediated_transcription	YWHAQ	10971	TRUE
reactome_foxo_mediated_transcription	YWHAZ	7534	TRUE
