method	collection	direction	term	ID	Description	Size	enrichmentScore	NES	pvalue	padj	leading_edge	core_enrichment
methylGSA_methylRRA_GSEA	KEGG	hypermethylated	04080	04080	Neuroactive ligand-receptor interaction	264	0.600319329970631	1.58039359676415	1e-10	1.04e-08	tags=53%, list=23%, signal=41%	ADORA3/ADRB3/AVPR1A/CALCR/CHRM2/CRHR2/DRD4/EDNRB/GABBR1/GABRA1/GABRA4/GABRA5/GABRB2/GABRB3/GABRG2/GABRG3/GALR1/GALR2/GHSR/GPR83/GRIA4/GRID2/GRIN1/GRIN2A/GRIN2C/GRIN3A/GRM1/GRM6/GRM7/HCRTR2/HTR1A/HTR1B/HTR2C/HTR4/LEP/LEPR/MTNR1A/MTNR1B/NMBR/NPBWR1/NTSR1/OPRM1/PRLHR/PTGDR/S1PR1/SCTR/SSTR1/VIPR2/P2RX6/GABBR2/SSTR4/HRH3/NPY2R/ADRA1D/GIPR/CHRNA7/THRA/GLP1R/DRD2/F2RL3/CNR2/GRM3/LHCGR/GRIA1/GRIA2/PTH2R/P2RY6/OPRK1/TACR3/KISS1R/CCKBR/GRIN2D/GLRA3/EDNRA/GRID1/GALR3/GABRA2/GRIK1/GABRD/HTR5A/PTH1R/P2RX5/GABRB1/NR3C1/GRIN2B/CHRNB1/P2RY1/DRD1/TACR1/NMUR1/GLRA1/ADRA1A/PTGFR/ADRA2C/MLNR/CNR1/HRH2/GRM8/HTR6/P2RX2/MCHR2/TSHR/CHRND/P2RX7/GABRG1/NPY5R/LPAR3/HCRTR1/AVPR1B/GRIK2/ADRA1B/GRIK3/CHRNA3/HTR2A/DRD5/CHRNA4/ADRB1/OPRL1/ADORA2B/CHRNB4/LTB4R2/PARD3/NPFFR2/ADORA1/F2R/MC4R/OXTR/S1PR5/PTGER2/GRIK5/HTR7/CHRNB2/AGTR1/THRB/ADRA2B/TBXA2R/ADRA2A/CRHR1/TACR2/LPAR1
methylGSA_methylRRA_GSEA	KEGG	hypermethylated	04020	04020	Calcium signaling pathway	175	0.580113951022345	1.50476943644619	1e-10	1.04e-08	tags=55%, list=23%, signal=43%	ADCY4/ADCY8/ADRB3/AVPR1A/CACNA1A/CACNA1E/CACNA1G/CACNA1H/CHRM2/EDNRB/EGFR/GNAL/GNAS/GRIN1/GRIN2A/GRIN2C/GRM1/HTR2C/HTR4/ITPKA/MYLK/NOS1/NTSR1/PDE1C/PDGFRA/PRKCB/PRKCG/RYR1/RYR2/RYR3/SLC8A1/SLC8A2/P2RX6/ADRA1D/SLC8A3/CHRNA7/GNA11/BST1/PDGFRB/CACNA1I/CACNA1C/LHCGR/TACR3/CCKBR/GRIN2D/EDNRA/ATP2A3/HTR5A/P2RX5/SPHK2/CD38/CACNA1B/DRD1/TACR1/ADRA1A/PTGFR/HRH2/HTR6/PRKX/P2RX2/CAMK2B/P2RX7/CHP2/PLCD1/CAMK2D/AVPR1B/PRKACA/CAMK4/ITPKB/MYLK2/ADRA1B/HTR2A/DRD5/ADRB1/ADORA2B/TRPC1/PLCG1/LTB4R2/NOS3/CALML3/F2R/OXTR/ATP2A1/CACNA1D/HTR7/PLCB1/ADCY1/AGTR1/TBXA2R/ADCY3/CAMK2G/SPHK1/PDE1B/ATP2B4/TACR2/ADCY9
methylGSA_methylRRA_GSEA	KEGG	hypermethylated	05412	05412	Arrhythmogenic right ventricular cardiomyopathy	74	0.620574336361626	1.55099792152123	2.39348374952859e-07	1.65948206633982e-05	tags=65%, list=27%, signal=47%	ACTN1/ACTN2/CACNG7/CACNG8/CTNNA2/DES/ITGA4/ITGA8/LMNA/RYR2/SLC8A1/TCF7L1/ACTN3/CACNA2D3/CDH2/ITGA7/CACNA1C/CACNB2/LAMA2/ITGA11/CACNG3/ITGB3/ITGA9/CACNG6/TCF7L2/SGCD/CACNB4/TCF7/LEF1/ITGA1/ITGA5/CACNA2D4/SGCB/CTNNA3/ITGB4/CACNG1/CACNA1D/CTNNA1/GJA1/ITGB5/CACNA2D2/ITGB1/JUP/ITGA2B/CACNG2/CACNB1/CACNA2D1/ITGA3
methylGSA_methylRRA_GSEA	KEGG	hypermethylated	05414	05414	Dilated cardiomyopathy	90	0.589134430314666	1.48421834224332	1.22355810812383e-06	6.36250216224394e-05	tags=60%, list=27%, signal=44%	ADCY4/ADCY8/CACNG7/CACNG8/DES/GNAS/ITGA4/ITGA8/LMNA/RYR2/SLC8A1/TGFB2/ACTC1/CACNA2D3/TNNI3/ITGA7/CACNA1C/CACNB2/LAMA2/ITGA11/CACNG3/ITGB3/ITGA9/CACNG6/PRKX/SGCD/PRKACA/CACNB4/ITGA1/ITGA5/CACNA2D4/ADCY5/ADRB1/SGCB/ITGB4/TPM1/CACNG1/CACNA1D/TPM4/ADCY1/ITGB5/IGF1/CACNA2D2/TNNT2/ITGB1/ADCY3/ADCY9/TPM2/ITGA2B/CACNG2/CACNB1/TNNC1/CACNA2D1/ITGA3
methylGSA_methylRRA_GSEA	KEGG	hypermethylated	04514	04514	Cell adhesion molecule (CAM) interaction	126	0.544707869240728	1.3896862572688	3.62927215884261e-06	0.000150977721807853	tags=51%, list=30%, signal=36%	CD40/CD8A/CDH4/CDH5/CLDN10/CLDN11/CLDN5/CLDN6/CNTN1/CNTNAP2/HLA-DPB1/HLA-G/ITGA4/ITGA8/JAM3/MADCAM1/NLGN1/NRXN1/NRXN2/VCAN/ITGAM/CDH2/CNTN2/CD34/NCAM1/PTPRM/NLGN4X/JAM2/PDCD1/ITGA9/CLDN9/CDH3/PTPRF/CLDN19/MPZ/CLDN14/HLA-DOA/CADM3/HLA-F/CLDN15/ICAM2/HLA-E/NCAM2/NFASC/CDH15/MAG/CNTNAP1/SDC3/ITGAL/CD6/ITGB1/NLGN2/VCAM1/SPN/NRCAM/SDC1/NRXN3/SDC2/CD276/ESAM/CLDN1/CD4/MPZL1/PVR
methylGSA_methylRRA_GSEA	KEGG	hypermethylated	04340	04340	Hedgehog signaling pathway	56	0.628245764826856	1.54226981420902	9.10056826948078e-06	0.00029802517345205	tags=62%, list=22%, signal=49%	BMP2/BMP4/BMP7/GLI2/GLI3/IHH/SHH/WNT1/WNT10A/WNT16/WNT2/WNT3A/WNT7A/ZIC2/BMP6/HHIP/DHH/SMO/WNT7B/PTCH1/GAS1/WNT9B/CSNK1G2/PRKX/SUFU/PRKACA/CSNK1E/WNT6/CSNK1D/BMP8B/WNT2B/WNT5B/WNT9A/WNT3/PTCH2
methylGSA_methylRRA_GSEA	KEGG	hypermethylated	04974	04974	Protein digestion and absorption	76	0.587956551460931	1.47044947922204	1.03510052116933e-05	0.00029802517345205	tags=55%, list=29%, signal=40%	COL11A1/COL11A2/COL14A1/COL1A2/COL4A1/COL9A2/COL9A3/CPA1/CPA2/ELN/KCNE3/KCNQ1/MME/SLC8A1/SLC8A2/SLC9A3/SLC8A3/COL5A2/ATP1B2/COL1A1/COL2A1/COL4A2/COL12A1/SLC15A1/COL5A3/COL18A1/COL6A2/DPP4/SLC16A10/COL15A1/ATP1A3/KCNN4/COL3A1/SLC3A2/CTRL/COL5A1/COL4A6/COL6A1/KCNK5/SLC7A8/COL9A1/COL17A1
methylGSA_methylRRA_GSEA	KEGG	hypermethylated	05200	05200	Pathways in cancer	321	0.473240421285188	1.25170356910925	1.14625066712327e-05	0.00029802517345205	tags=56%, list=33%, signal=38%	APC/APC2/BMP2/BMP4/CCNA1/COL4A1/CREBBP/CTBP1/CTNNA2/DCC/EGFR/ETS1/FGF10/FGF12/FGF14/FGF2/FGF3/FGF5/FGFR1/FZD10/GLI2/GLI3/GSTP1/LAMA1/MECOM/MMP9/NTRK1/PDGFRA/PRKCB/PRKCG/PTGS2/RASSF1/RXRB/SHH/STAT5A/TCF7L1/TGFB2/WNT1/WNT10A/WNT16/WNT2/WNT3A/WNT7A/PIK3CD/FZD7/CTBP2/RARA/PDGFRB/LAMA4/FGF4/CDC42/HHIP/MMP2/LAMA2/FGF11/SMO/CDK6/FGF9/WNT7B/RALGDS/PTCH1/PIK3R5/VEGFA/FGF19/KIT/FGF8/LAMB1/PGF/WNT9B/COL4A2/SUFU/TCF7L2/STAT5B/ABL1/WNT6/PIK3R1/TCF7/CDKN2A/FGF18/FGF20/BIRC5/RELA/PML/RARB/PDGFA/MLH1/RXRG/LEF1/PLCG1/AKT1/FZD9/CTNNA3/RXRA/RASSF5/CTNNA1/CDKN1A/PAX8/FADD/WNT2B/TGFBR2/SMAD3/MAPK10/WNT5B/WNT9A/DAPK3/PPARG/TGFBR1/IGF1/PIK3CA/ZBTB16/WNT3/ITGB1/PTCH2/LAMB2/AXIN2/EGLN1/FGF1/COL4A6/AKT2/FGF17/JUP/FZD8/MET/EPAS1/DAPK1/MAP2K2/FGF22/FLT3/HGF/PIAS1/BCR/TRAF4/ITGA2B/TP53/ERBB2/AXIN1/LAMB3/FAS/RUNX1/LAMA5/AKT3/IGF1R/ITGA3/RALBP1/RB1/TRAF3/RET/WNT5A/FZD5/CDK4/GRB2/FGFR2/CSF1R/TGFB1/CDK2/DVL3/NOS2/ARNT2/VEGFC/COL4A5/WNT11/JAK1/BCL2/NKX3-1/RUNX1T1/FOXO1/DAPK2/LAMC2/DVL2/E2F3/LAMC3/FGFR3/WNT4/NRAS/TRAF6/BIRC2/PIAS3/PLCG2/BRCA2/MTOR
methylGSA_methylRRA_GSEA	KEGG	hypermethylated	04360	04360	Axon guidance	127	0.529946067057262	1.35259716477571	2.38759636905636e-05	0.000551800049737469	tags=70%, list=34%, signal=46%	ABLIM1/DCC/DPYSL5/EPHA5/EPHB1/FES/NTNG1/ROBO1/ROBO3/SLIT2/UNC5D/LIMK1/SLIT3/UNC5C/CDC42/PLXNC1/NFATC3/SEMA7A/NGEF/DPYSL2/EPHA7/EPHA2/PLXNA1/SEMA6C/CXCL12/PLXNB2/SEMA6D/UNC5A/CFL2/EPHA8/CHP2/SEMA4C/SEMA5B/ABL1/EPHB2/EPHA6/SLIT1/FYN/NCK2/ROBO2/PLXNA2/NTN1/EPHB3/NFATC2/SEMA4B/EPHA4/GNAI2/ROCK2/SEMA5A/EFNA5/UNC5B/SEMA3B/RGS3/EPHA1/SRGAP3/PAK4/NFATC1/ABLIM2/ITGB1/SEMA4A/SEMA6B/SRGAP1/MET/GNAI1/SEMA3F/NTN3/EFNA4/EFNB3/PPP3CA/NFATC4/SEMA6A/SEMA3A/EFNA2/ARHGEF12/EPHA3/PAK1/EFNB1/NCK1/LRRC4C/EPHB4/NRP1/ABLIM3/NRAS/PAK6/CXCR4/PLXNB1/RAC1/PAK2/EPHB6
methylGSA_methylRRA_GSEA	KEGG	hypermethylated	04740	04740	Olfactory transduction	323	0.464412368377981	1.22874269944207	2.75061885249455e-05	0.000572128721318866	tags=4%, list=22%, signal=3%	CNGA3/GNAL/PDE1C/PRKG1/GUCY2D/CNGB1/PRKX/CAMK2B/CAMK2D/PRKACA/GUCA1A/CALML3/ADCY3/CAMK2G
methylGSA_methylRRA_GSEA	KEGG	hypermethylated	04950	04950	Maturity onset diabetes of the young	25	0.714621292676061	1.64677046910111	5.1355256247532e-05	0.000971081209044241	tags=52%, list=7%, signal=48%	FOXA2/HNF1B/NEUROD1/NEUROG3/NKX2-2/NKX6-1/NR5A2/ONECUT1/PAX6/PDX1/PKLR/SLC2A2/MNX1
methylGSA_methylRRA_GSEA	KEGG	hypermethylated	05410	05410	Hypertrophic cardiomyopathy	83	0.563573964989293	1.4146191975982	6.26079996471421e-05	0.00108520532721713	tags=58%, list=30%, signal=41%	CACNG7/CACNG8/DES/ITGA4/ITGA8/LMNA/RYR2/SLC8A1/TGFB2/ACTC1/CACNA2D3/TNNI3/ITGA7/CACNA1C/CACNB2/LAMA2/ITGA11/CACNG3/ITGB3/ITGA9/CACNG6/SGCD/CACNB4/ITGA1/ITGA5/CACNA2D4/PRKAG2/SGCB/ITGB4/TPM1/CACNG1/CACNA1D/TPM4/ITGB5/IGF1/CACNA2D2/TNNT2/ITGB1/TPM2/ITGA2B/CACNG2/CACNB1/TNNC1/CACNA2D1/ITGA3/DMD/TGFB1/PRKAG3
methylGSA_methylRRA_GSEA	KEGG	hypermethylated	04510	04510	Focal adhesion	196	0.488636859456318	1.27404647652352	9.75774571922344e-05	0.00156123931507575	tags=60%, list=34%, signal=40%	ACTN1/ACTN2/BCAR1/CAV1/CAV2/CCND2/COL11A1/COL11A2/COL1A2/COL4A1/EGFR/FLT1/ITGA4/ITGA8/LAMA1/MYLK/PDGFRA/PRKCB/PRKCG/PXN/RASGRF1/RELN/THBS2/THBS4/TNXB/PIK3CD/ACTN3/COL5A2/ITGA7/PDGFRB/LAMA4/CDC42/COL1A1/LAMA2/TNR/ITGA11/PDGFD/COMP/ITGB3/VAV2/PIK3R5/VEGFA/ITGA9/LAMB1/COL2A1/PGF/PARVA/COL4A2/CAPN2/COL5A3/FLT4/VWF/SHC1/CHAD/COL6A2/MYLK2/PIK3R1/PDGFA/ITGA1/ITGA5/KDR/MYL9/AKT1/FYN/ITGB4/CCND3/SHC3/SRC/SHC4/PIP5K1C/ROCK2/MAPK10/COL3A1/PAK4/ITGB5/IGF1/PIK3CA/PPP1CC/ITGB1/LAMB2/COL5A1/COL4A6/AKT2/MET/HGF/ILK/ITGA2B/DOCK1/ERBB2/PARVG/PDGFC/COL6A1/LAMB3/FLNC/RAPGEF1/LAMA5/AKT3/IGF1R/ITGA3/PAK1/PDPK1/ZYX/TLN2/GRB2/VEGFC/MYL5/COL4A5/BCL2/LAMC2/LAMC3/PAK6/BIRC2/COL6A3/LAMA3/RAC1/PAK2/DIAPH1/TLN1
methylGSA_methylRRA_GSEA	KEGG	hypermethylated	05217	05217	Basal cell carcinoma	55	0.588642485729801	1.44382312499316	0.000137170466073809	0.00203796121023945	tags=76%, list=32%, signal=52%	APC/APC2/BMP2/BMP4/FZD10/GLI2/GLI3/SHH/TCF7L1/WNT1/WNT10A/WNT16/WNT2/WNT3A/WNT7A/FZD7/HHIP/SMO/WNT7B/PTCH1/WNT9B/SUFU/TCF7L2/WNT6/TCF7/LEF1/FZD9/WNT2B/WNT5B/WNT9A/WNT3/PTCH2/AXIN2/FZD8/TP53/AXIN1/WNT5A/FZD5/DVL3/WNT11/DVL2/WNT4
methylGSA_methylRRA_GSEA	KEGG	hypermethylated	04512	04512	ECM-receptor interaction	85	0.548708617603935	1.37961561359482	0.000198385859103917	0.00275095057957431	tags=67%, list=34%, signal=45%	COL11A1/COL11A2/COL1A2/COL4A1/HSPG2/ITGA4/ITGA8/LAMA1/RELN/SV2A/SV2C/THBS2/THBS4/TNXB/COL5A2/SV2B/ITGA7/LAMA4/COL1A1/LAMA2/TNR/ITGA11/COMP/ITGB3/ITGA9/LAMB1/COL2A1/COL4A2/COL5A3/VWF/CHAD/COL6A2/AGRN/ITGA1/ITGA5/ITGB4/COL3A1/SDC3/ITGB5/ITGB1/LAMB2/COL5A1/COL4A6/SDC1/ITGA2B/COL6A1/LAMB3/LAMA5/SDC2/ITGA3/GP5/COL4A5/LAMC2/LAMC3/COL6A3/LAMA3/GP1BA
methylGSA_methylRRA_GSEA	KEGG	hypermethylated	04260	04260	Cardiac muscle contraction	71	0.538499379306812	1.34393872423812	0.00129777985959004	0.016103944578962	tags=48%, list=32%, signal=33%	CACNG7/CACNG8/COX6B2/RYR2/SLC8A1/ACTC1/CACNA2D3/TNNI3/ATP1B2/CACNA1C/CACNB2/CACNG3/COX4I2/CACNG6/COX7A1/CACNB4/CACNA2D4/ATP1A3/TPM1/CACNG1/CACNA1D/TPM4/CACNA2D2/TNNT2/TPM2/CACNG2/CACNB1/SLC9A1/TNNC1/CACNA2D1/COX5A/UQCRB/COX6A2/ATP1A1
methylGSA_methylRRA_GSEA	KEGG	hypermethylated	04670	04670	Leukocyte transendothelial migration	111	0.500346097423209	1.27015591286149	0.00131618777808824	0.016103944578962	tags=41%, list=21%, signal=32%	ACTN1/ACTN2/BCAR1/CDH5/CLDN10/CLDN11/CLDN5/CLDN6/CTNNA2/ITGA4/JAM3/MMP9/PRKCB/PRKCG/PXN/SIPA1/PIK3CD/ACTN3/ITGAM/CDC42/MMP2/JAM2/VAV2/PIK3R5/CXCL12/CLDN9/RAPGEF4/CLDN19/CYBA/THY1/CLDN14/RAPGEF3/CLDN15/CTNND1/PIK3R1/MYL9/PLCG1/CTNNA3/GNAI2/RASSF5/CTNNA1/ROCK2/ITGAL/PIK3CA/ITGB1
methylGSA_methylRRA_GSEA	KEGG	hypermethylated	03320	03320	PPAR signaling pathway	68	0.543791541999651	1.35300300470842	0.00155549104624117	0.0179745632010091	tags=49%, list=26%, signal=36%	ACADL/CPT1C/FABP3/FABP5/LPL/PLTP/RXRB/UCP1/CPT1B/CPT1A/ACOX3/SLC27A6/CPT2/ACOX2/APOA1/SORBS1/FADS2/RXRG/PLIN1/NR1H3/SCD5/FABP7/CYP27A1/SLC27A1/RXRA/ANGPTL4/ACSL5/GK/PPARG/ACSL6/ILK/ME1/SCP2
methylGSA_methylRRA_GSEA	KEGG	hypermethylated	04310	04310	Wnt signaling pathway	149	0.478369023966331	1.2305477049734	0.00216440610994993	0.0236945510983992	tags=54%, list=32%, signal=37%	APC/APC2/CCND2/CREBBP/CTBP1/DKK1/DKK2/FZD10/LRP5/PRICKLE2/PRKCB/PRKCG/SFRP1/SFRP2/SFRP5/SOX17/TCF7L1/WNT1/WNT10A/WNT16/WNT2/WNT3A/WNT7A/FZD7/SFRP4/CTBP2/PPP2R5C/WIF1/NFATC3/WNT7B/CSNK2B/WNT9B/PRKX/CAMK2B/TCF7L2/CHP2/CAMK2D/PRKACA/CSNK1E/WNT6/PRICKLE1/TCF7/LEF1/DAAM2/VANGL2/FZD9/CCND3/NFATC2/TBL1XR1/ROCK2/LRP6/WNT2B/SMAD3/MAPK10/WNT5B/NKD2/WNT9A/PLCB1/NKD1/NFATC1/WNT3/CAMK2G/AXIN2/CHD8/PPP2R1A/FZD8/TP53/AXIN1/FOSL1/PPP3CA/NFATC4/CSNK2A2/CUL1/WNT5A/FZD5/DVL3/CTNNBIP1/WNT11/DVL2/PLCB3/WNT4
methylGSA_methylRRA_GSEA	KEGG	hypermethylated	04971	04971	Gastric acid secretion	74	0.521600912474368	1.30363420417033	0.00368131098111713	0.0382856342036182	tags=54%, list=32%, signal=37%	ADCY4/ADCY8/GNAS/KCNJ10/KCNJ2/KCNK10/KCNQ1/MYLK/PRKCB/PRKCG/SST/ATP4A/ATP1B2/CFTR/CCKBR/HRH2/PRKX/CAMK2B/CAMK2D/PRKACA/MYLK2/ADCY5/CALML3/ATP1A3/GNAI2/PLCB1/ADCY1/ADCY3/CAMK2G/ADCY9/KCNK2/GNAI1/SLC9A1/SSTR2/ITPR2/CALM3/ATP4B/SLC4A2/PLCB3/ATP1A1
methylGSA_methylRRA_GSEA	KEGG	hypermethylated	05218	05218	Melanoma	71	0.524085820826253	1.30796665047077	0.00412710749544871	0.0397229682803859	tags=58%, list=29%, signal=41%	EGFR/FGF10/FGF12/FGF14/FGF2/FGF3/FGF5/FGFR1/PDGFRA/PIK3CD/PDGFRB/FGF4/FGF11/CDK6/FGF9/PDGFD/PIK3R5/FGF19/FGF8/PIK3R1/CDKN2A/FGF18/FGF20/PDGFA/AKT1/CDKN1A/IGF1/PIK3CA/FGF1/AKT2/FGF17/MET/MAP2K2/FGF22/HGF/TP53/PDGFC/AKT3/IGF1R/RB1/CDK4
methylGSA_methylRRA_GSEA	KEGG	hypermethylated	04010	04010	MAPK signaling pathway	262	0.445883929255297	1.17360171384376	0.00420146779888697	0.0397229682803859	tags=56%, list=39%, signal=35%	BDNF/CACNA1A/CACNA1E/CACNA1G/CACNA1H/CACNG7/CACNG8/EGFR/FGF10/FGF12/FGF14/FGF2/FGF3/FGF5/FGFR1/MAP3K11/MECOM/MEF2C/NTF3/NTRK1/PDGFRA/PRKCB/PRKCG/PTPRR/RASGRF1/RASGRF2/TGFB2/RASGRP2/CACNA2D3/PTPN5/MAP4K4/PDGFRB/CACNA1I/FGF4/CDC42/CACNA1C/CACNB2/GNA12/FGF11/MOS/DAXX/CACNG3/MAPK8IP3/FGF9/RPS6KA2/FGF19/CACNA1B/NGF/MAP4K1/PLA2G5/FGF8/NTRK2/CACNG6/PRKX/DUSP7/CHP2/DUSP6/RAPGEF2/PRKACA/CACNB4/MAP3K14/FGF18/FGF20/ARRB1/RELA/PDGFA/GNG12/CACNA2D4/AKT1/HSPA2/MAPT/NFATC2/CACNG1/CACNA1D/TGFBR2/MAP3K8/MAPK10/MAP3K12/MAP3K6/MAPK8IP1/TGFBR1/CACNA2D2/DUSP14/SRF/FGF1/AKT2/FGF17/MAP4K2/MAP2K2/FGF22/IL1B/DUSP1/TAOK3/TP53/DUSP9/RELB/STMN1/CACNG2/CACNB1/PPP3CA/NFATC4/FLNC/FAS/TNFRSF1A/MAPK11/AKT3/CACNA2D1/HSPA1A/PLA2G3/PAK1/MAPKAPK5/MKNK2/GRB2/FGFR2/TGFB1/MAPKAPK2/DUSP4/IL1A/MAP2K6/ECSIT/FGFR3/IL1R2/MRAS/NRAS/TRAF6/MAPK8IP2/RRAS2/MAP2K4/RAC1/PAK2/CDC25B/PDGFB/GADD45A/NTF4/FOS/CD14/PLA2G4A/RAP1A/RPS6KA3/PRKCA/TAOK2/RASGRP1/RAC2/MAP2K3/NLK/PRKACB/BRAF/RASGRP4
methylGSA_methylRRA_GSEA	KEGG	hypermethylated	00534	00534	Glycosaminoglycan biosynthesis - heparan sulfate / heparin	26	0.622583474926744	1.44171024695525	0.00509379368979664	0.0460656124990305	tags=50%, list=18%, signal=41%	HS3ST1/HS3ST2/HS3ST3B1/XYLT1/B3GAT1/EXT1/B3GAT2/EXTL3/HS3ST3A1/NDST1/HS6ST1/EXTL1/XYLT2
methylGSA_methylRRA_GSEA	KEGG	hypermethylated	04916	04916	Melanogenesis	101	0.48314586874213	1.22162480322251	0.00635792665045164	0.0551020309705808	tags=47%, list=24%, signal=36%	ADCY4/ADCY8/CREB3L1/CREBBP/EDNRB/FZD10/GNAS/POMC/PRKCB/PRKCG/TCF7L1/WNT1/WNT10A/WNT16/WNT2/WNT3A/WNT7A/FZD7/WNT7B/KIT/WNT9B/PRKX/CAMK2B/TCF7L2/CAMK2D/PRKACA/WNT6/TCF7/LEF1/ADCY5/CALML3/FZD9/GNAI2/WNT2B/WNT5B/WNT9A/PLCB1/ADCY1/GNAO1/WNT3/ADCY3/CREB3L2/CAMK2G/ADCY9/FZD8/MAP2K2/GNAI1
methylGSA_methylRRA_GSEA	KEGG	hypermethylated	04742	04742	Taste transduction	47	0.54277943353688	1.31876292736415	0.00710153576983998	0.0590847776050686	tags=40%, list=34%, signal=27%	ADCY4/ADCY8/CACNA1A/GNAS/TAS1R1/SCNN1B/CACNA1B/KCNB1/PRKX/PRKACA/SCNN1A/SCNN1G/GNB1/TRPM5/TAS1R3/PDE1A/GRM4/ADCY6/ITPR3
methylGSA_methylRRA_GSEA	KEGG	hypermethylated	05146	05146	Amoebiasis	102	0.485770776384208	1.22938381577625	0.0090422511800096	0.0723380094400768	tags=60%, list=39%, signal=37%	ACTN1/ACTN2/CD1D/COL11A1/COL11A2/COL1A2/COL4A1/CXCL1/GNAL/GNAS/LAMA1/PRKCB/PRKCG/TGFB2/PIK3CD/ACTN3/ITGAM/COL5A2/GNA11/LAMA4/COL1A1/LAMA2/PIK3R5/IL12B/LAMB1/COL2A1/COL4A2/PRKX/COL5A3/PRKACA/PIK3R1/RELA/MUC2/COL3A1/PLCB1/ADCY1/PIK3CA/LAMB2/COL5A1/COL4A6/IL1B/RAB5C/LAMB3/LAMA5/TGFB1/NOS2/COL4A5/LAMC2/PLCB3/LAMC3/IL1R2/SERPINB9/LAMA3/TLR2/GNA15/CD14/SERPINB1/PRKCA/IL12A/LAMC1/PRKACB
methylGSA_methylRRA_GSEA	KEGG	hypermethylated	04144	04144	Endocytosis	193	0.446044987994984	1.16216246760413	0.0121808215743637	0.09383744027658	tags=59%, list=39%, signal=37%	ADRB3/ASAP2/CAV1/CAV2/DNAJC6/DNM3/EGFR/FLT1/HLA-G/IQSEC1/NTRK1/PDGFRA/PRKCZ/PSD/RAB11FIP4/TGFB2/AP2A2/AGAP1/CDC42/GRK5/KIT/VPS37B/DAB2/SMURF1/SMAD6/ARAP1/PSD3/ARAP3/HLA-F/IQSEC2/AP2M1/IQSEC3/EHD4/ARRB1/EHD2/HGS/PML/RAB11B/HLA-E/ARFGAP3/ACAP3/KDR/ADRB1/SMAD7/RAB22A/PARD3/HSPA2/IL2RB/SH3GL2/GIT1/NEDD4L/F2R/AGAP2/SRC/PIP5K1C/RAB11FIP3/TGFBR2/SMAD3/TGFBR1/ARFGAP1/SH3GL1/RAB4A/ASAP1/MET/DNM2/VPS28/CLTCL1/RAB5C/EPN3/EHD1/IGF1R/HSPA1A/CHMP4A/SH3KBP1/RET/CLTB/ACAP1/FGFR2/CSF1R/TGFB1/CHMP2B/PARD6G/EHD3/LDLRAP1/ARFGAP2/EPN2/RAB11FIP5/FGFR3/AP2A1/CHMP6/VPS37C/SMAP1/TRAF6/EPS15/PSD2/GRK4/FOLR1/SH3GL3/CXCR4/PIP5KL1/GIT2/CBL/GRK6/PSD4/PARD6A/AP2S1/ADRB2/AP2B1/RUFY1/RNF41/ASAP3/RAB31/EPN1/VPS4A
methylGSA_methylRRA_GSEA	KEGG	hypermethylated	04970	04970	Salivary secretion	81	0.492243539487462	1.23439274867354	0.0157707171400236	0.117153898754461	tags=54%, list=37%, signal=34%	ADCY4/ADCY8/ADRB3/GNAS/NOS1/PRKCB/PRKCG/RYR3/ADRA1D/ATP1B2/BST1/KCNMA1/PRKG1/CD38/ADRA1A/PRKX/PRKACA/ADRA1B/ADCY5/ADRB1/CALML3/ATP1A3/KCNN4/PLCB1/ADCY1/ADCY3/ATP2B4/ADCY9/GUCY1A2/SLC9A1/ATP2B2/ITPR2/CALM3/LPO/MUC5B/SLC4A2/PLCB3/ATP1A1/ADCY6/ITPR3/ITPR1/ADRB2/FXYD2/PRKCA
methylGSA_methylRRA_GSEA	KEGG	hypermethylated	05330	05330	Allograft rejection	35	0.552855329805213	1.31382093693769	0.0163714885354388	0.117423090185216	tags=20%, list=15%, signal=17%	CD40/HLA-DPB1/HLA-G/IL12B/HLA-DOA/HLA-F/HLA-E
methylGSA_methylRRA_GSEA	KEGG	hypermethylated	00532	00532	Glycosaminoglycan biosynthesis - chondroitin sulfate / dermatan sulfate	22	0.615548259010862	1.40241884072471	0.0205769026039674	0.142666524720841	tags=73%, list=29%, signal=52%	CHST13/CHST3/XYLT1/CHST11/B3GAT1/B3GAT2/DSE/CHSY3/CHPF2/CSGALNACT1/XYLT2/CHSY1/CHST12/UST/CHPF/CHST14
methylGSA_methylRRA_GSEA	KEGG	hypermethylated	04640	04640	Hematopoietic cell lineage	81	0.485052471439321	1.21635980046444	0.0226796161644554	0.152172908458282	tags=51%, list=37%, signal=32%	CD1D/CD8A/CD9/EPO/ITGA4/MME/ITGAM/CD34/CD37/ITGB3/CD38/KIT/CSF1/CD7/IL11RA/ITGA1/ITGA5/CR2/ANPEP/CD19/IL6R/IL7/CR1/FLT3/IL1B/ITGA2B/CD59/ITGA3/CD4/EPOR/CSF1R/GP5/IL1A/CSF3/IL1R2/CD55/GP1BA/IL4R/CD14/TPO/HLA-DRB1
methylGSA_methylRRA_GSEA	KEGG	hypermethylated	04530	04530	Tight junction	126	0.462455623500549	1.17984016913728	0.025974025974026	0.168831168831169	tags=56%, list=38%, signal=35%	ACTN1/ACTN2/AMOTL1/CLDN10/CLDN11/CLDN5/CLDN6/CTNNA2/JAM3/MAGI2/MYH9/PPP2R2B/PRKCB/PRKCG/PRKCZ/ACTN3/TJAP1/EPB41L3/MYH11/CDC42/PPP2R2C/PRKCQ/MYH14/JAM2/CSNK2B/CLDN9/CLDN19/MAGI1/PRKCE/CLDN14/CLDN15/MYL9/AKT1/PARD3/LLGL1/CTNNA3/SRC/GNAI2/MYH10/CTNNA1/SYMPK/TJP2/AKT2/PPP2R1A/TJP1/RAB3B/GNAI1/EXOC3/CSNK2A2/AKT3/CDK4/TJP3/CLDN1/CTTN/PARD6G/MYL5/MRAS/NRAS/RRAS2/EXOC4/PPP2R1B/EPB41/MYH7B/PARD6A/PPP2R2D/PRKCA/PRKCH/MYL7/PTEN/MYH6
methylGSA_methylRRA_GSEA	KEGG	hypermethylated	04540	04540	Gap junction	85	0.482213682219285	1.2124276961128	0.027972027972028	0.176308539944904	tags=72%, list=44%, signal=41%	ADCY4/ADCY8/EGFR/GJD2/GNAS/GRM1/HTR2C/PDGFRA/PRKCB/PRKCG/DRD2/GNA11/PDGFRB/PDGFD/PRKG1/DRD1/PRKX/PRKACA/TUBB6/CSNK1D/PDGFA/HTR2A/ADCY5/ADRB1/TUBB2B/SRC/GNAI2/GJA1/PLCB1/ADCY1/ADCY3/LPAR1/ADCY9/TUBB2A/TJP1/MAP2K2/GNAI1/GRM5/GUCY1A2/PDGFC/ITPR2/GRB2/PLCB3/TUBA1A/NRAS/HTR2B/ADCY6/TUBB3/ITPR3/PDGFB/ITPR1/PRKCA/PRKACB/MAPK1/PLCB2/MAP2K5/MAPK3/EGF/MAPK7/MAP2K1/HRAS
methylGSA_methylRRA_GSEA	KEGG	hypermethylated	04270	04270	Vascular smooth muscle contraction	110	0.465644134129523	1.18132043816022	0.028971028971029	0.177234530175707	tags=46%, list=29%, signal=33%	ADCY4/ADCY8/AVPR1A/GNAS/MYLK/PPP1R14A/PRKCB/PRKCG/ADRA1D/GNA11/MYH11/CACNA1C/GNA12/PRKCQ/NPR1/KCNMA1/PRKG1/EDNRA/PLA2G5/ADRA1A/PRKCE/PRKX/AVPR1B/PRKACA/MYLK2/CALD1/KCNMB2/ADRA1B/ACTA2/ADCY5/ADORA2B/MYL9/CALML3/CACNA1D/ROCK2/PLCB1/ADCY1/PPP1CC/AGTR1/ADCY3/RAMP3/ADCY9/MAP2K2/NPR2/GNA13/GUCY1A2/ARHGEF11/ARHGEF12/PLA2G3/ITPR2/CALM3
methylGSA_methylRRA_GSEA	KEGG	hypermethylated	05110	05110	Vibrio cholerae infection	52	0.513389119238199	1.25516655115472	0.02997002997003	0.178107606679035	tags=56%, list=33%, signal=37%	GNAS/KCNQ1/PRKCB/PRKCG/CFTR/PRKX/PRKACA/ARF1/ATP6V0A1/ATP6V1B2/MUC2/PDIA4/PLCG1/ATP6V1B1/ATP6V0D1/ATP6V0C/ADCY3/TJP2/ADCY9/TJP1/ATP6V0E2/SEC61A1/KDELR3/TCIRG1/ATP6V0A4/KDELR1/ATP6V1C2/PLCG2/ATP6V1G2
methylGSA_methylRRA_GSEA	KEGG	hypermethylated	04060	04060	Cytokine-cytokine receptor interaction	231	0.430239366842499	1.12868784280452	0.031968031968032	0.184704184704185	tags=43%, list=38%, signal=27%	BMP2/BMP7/CD40/CXCL1/CXCL6/EGFR/EPO/FLT1/LEP/LEPR/PDGFRA/TGFB2/TNFRSF10D/TNFRSF8/TNFSF11/TNFSF13B/CX3CL1/LTB/PDGFRB/IFNGR2/CXCL14/NGFR/TSLP/CD70/VEGFA/KIT/CXCL12/IL12B/FLT4/TNFRSF1B/AMH/CTF1/CSF1/ACVR2A/GDF5/PDGFA/TNFSF13/IL23A/IL11RA/IL21R/KDR/IL2RB/TNFSF9/ACVR1/TGFBR2/IL15RA/IL12RB2/TGFBR1/IL6R/IL7/TNFRSF11B/CCR1/IFNGR1/MET/TNFRSF19/FLT3/HGF/IL1B/CSF2RB/PDGFC/FAS/LTBR/CCL28/TNFRSF1A/TNFRSF10C/CCR7/EPOR/CSF1R/TGFB1/BMPR1A/CXCL2/TNFSF12/IL1A/IL1RAP/VEGFC/CSF3/IL17RA/CNTF/RELT/OSMR/INHBC/IL1R2/CCL2/PF4V1/CXCR4/BMPR1B/CXCL3/CCR10/IL4R/PDGFB/INHBB/CNTFR/TPO/PLEKHO2/BMPR2/EDAR/IL19/IL12A/OSM
methylGSA_methylRRA_GSEA	KEGG	hypermethylated	04520	04520	Adherens junction	68	0.487595472074622	1.21318205202906	0.035964035964036	0.202176202176202	tags=53%, list=27%, signal=39%	ACTN1/ACTN2/CREBBP/CTNNA2/EGFR/FGFR1/TCF7L1/ACTN3/CDC42/PTPRM/CSNK2B/PTPRF/BAIAP2/WASF3/TCF7L2/SORBS1/CTNND1/TCF7/LEF1/FYN/PARD3/CTNNA3/SNAI2/SRC/CTNNA1/TGFBR2/SMAD3/TGFBR1/PTPRJ/MET/TJP1/ERBB2/FER/CSNK2A2/IGF1R/LMO7
methylGSA_methylRRA_GSEA	KEGG	hypermethylated	04940	04940	Type I diabetes mellitus	41	0.51390087786622	1.23835433340026	0.041958041958042	0.229665071770335	tags=24%, list=15%, signal=21%	GAD1/GAD2/HLA-DPB1/HLA-G/PTPRN/PTPRN2/IL12B/HLA-DOA/HLA-F/HLA-E
methylGSA_methylRRA_GSEA	KEGG	hypermethylated	04930	04930	Type II diabetes mellitus	47	0.509182409157245	1.2371339866121	0.044955044955045	0.238200823566677	tags=47%, list=24%, signal=36%	CACNA1A/CACNA1E/CACNA1G/PDX1/PKLR/PRKCZ/SLC2A2/PIK3CD/ABCC8/CACNA1C/PIK3R5/CACNA1B/PRKCE/SOCS2/PIK3R1/GCK/CACNA1D/MAPK10/IRS2/PIK3CA/MAFA/SLC2A4
methylGSA_methylRRA_GSEA	KEGG	hypermethylated	03450	03450	Non-homologous end-joining	12	-0.423148661591975	-1.23439361185865	0.0460668931394537	0.238200823566677	tags=100%, list=58%, signal=42%	RAD50/LIG4/POLL/XRCC6/DCLRE1C/PRKDC/XRCC5/POLM/FEN1/DNTT/XRCC4
methylGSA_methylRRA_GSEA	KEGG	hypermethylated	04972	04972	Pancreatic secretion	97	0.460691518606873	1.16245794245432	0.046953046953047	0.238200823566677	tags=46%, list=37%, signal=29%	ADCY4/ADCY8/CPA1/CPA2/GNAS/KCNQ1/PRKCB/PRKCG/RYR2/SCTR/ATP1B2/CFTR/BST1/KCNMA1/ATP2A3/CD38/PLA2G5/SLC4A4/ADCY5/TRPC1/ATP1A3/ATP2A1/PLCB1/CTRL/ADCY1/ADCY3/ATP2B4/TPCN2/ADCY9/SLC9A1/ATP2B2/PLA2G3/RAB8A/ITPR2/SLC4A2/PLCB3/ATP1A1/RAC1/ADCY6/ITPR3/PLA2G4A/ITPR1/RAP1A/FXYD2/PRKCA
methylGSA_methylRRA_GSEA	KEGG	hypermethylated	04810	04810	Regulation of actin cytoskeleton	206	0.427596413587067	1.11682549457381	0.0529470529470529	0.262213976499691	tags=64%, list=44%, signal=36%	ACTN1/ACTN2/APC/APC2/ARHGEF4/ARHGEF7/BCAR1/CHRM2/EGFR/FGF10/FGF12/FGF14/FGF2/FGF3/FGF5/FGFR1/ITGA4/ITGA8/MYH9/MYLK/PDGFRA/PXN/PIK3CD/ACTN3/ITGAM/LIMK1/ITGA7/PDGFRB/FGF4/CDC42/SSH1/GNA12/FGF11/MOS/ITGA11/FGF9/MYH14/PDGFD/ITGB3/VAV2/PIK3R5/GSN/FGF19/PFN3/ITGA9/FGF8/BAIAP2/CFL2/CYFIP1/MYLK2/PIK3R1/FGF18/FGF20/PDGFA/GNG12/ITGA1/ITGA5/MYL9/ITGAE/ITGB4/GIT1/F2R/MYH10/PIP5K1C/ROCK2/PAK4/ITGB5/ITGAL/PIK3CA/PPP1CC/ITGB1/FGF1/FGF17/MAP2K2/FGF22/GNA13/ITGA2B/DOCK1/PDGFC/SLC9A1/ARHGEF12/ITGA3/PAK1/ARPC1B/DIAPH2/FGFR2/PIP4K2B/FGD1/MYL5/FGFR3/MRAS/NRAS/PAK6/RRAS2/ARPC5/CSK/RAC1/PAK2/DIAPH1/PPP1CA/PDGFB/WASF2/CD14/BDKRB2/ITGB7/TIAM2/VAV1/ABI2/MYL7/ENAH/RAC2/BRAF/ITGAX/MAPK1/PIK3R2/PAK3/PIKFYVE/SSH3/FGF13/LIMK2/MAPK3/ARPC2/IQGAP3/EGF/ARHGEF1/FN1/TIAM1/PFN4/MAP2K1/HRAS/SSH2/VAV3
methylGSA_methylRRA_GSEA	KEGG	hypermethylated	05320	05320	Autoimmune thyroid disease	39	0.506739006248714	1.21615246639648	0.0649350649350649	0.314104500151012	tags=21%, list=21%, signal=16%	CD40/HLA-DPB1/HLA-G/TSHR/HLA-DOA/HLA-F/HLA-E/TG
methylGSA_methylRRA_GSEA	KEGG	hypermethylated	04330	04330	Notch signaling pathway	47	0.491826128807503	1.19496433598066	0.0719280719280719	0.340023612750886	tags=60%, list=36%, signal=38%	CREBBP/CTBP1/DLL3/MAML3/NCOR2/CTBP2/DTX1/HES5/NOTCH4/NOTCH1/LFNG/MAML2/DTX4/NOTCH3/RBPJL/JAG2/PTCRA/DLL4/DLL1/DTX3/JAG1/NOTCH2/DVL3/DVL2/RBPJ/KAT2A/KAT2B/DVL1
methylGSA_methylRRA_GSEA	KEGG	hypermethylated	05213	05213	Endometrial cancer	52	0.483411342218354	1.18187496474729	0.0769230769230769	0.344846642718983	tags=75%, list=45%, signal=41%	APC/APC2/CTNNA2/EGFR/TCF7L1/PIK3CD/PIK3R5/TCF7L2/PIK3R1/TCF7/MLH1/LEF1/AKT1/CTNNA3/CTNNA1/PIK3CA/AXIN2/AKT2/MAP2K2/ILK/TP53/ERBB2/AXIN1/AKT3/FOXO3/PDPK1/GRB2/NRAS/PTEN/BRAF/MAPK1/PIK3R2/MAPK3/CDH1/EGF/MAP2K1/HRAS/BAD/MYC
methylGSA_methylRRA_GSEA	KEGG	hypermethylated	05223	05223	Non-small cell lung cancer	54	0.480852679869505	1.17793019046198	0.0779220779220779	0.344846642718983	tags=74%, list=44%, signal=42%	EGFR/PRKCB/PRKCG/RASSF1/RXRB/PIK3CD/CDK6/PIK3R5/PIK3R1/CDKN2A/RARB/RXRG/PLCG1/AKT1/RXRA/RASSF5/PIK3CA/AKT2/MAP2K2/FHIT/TP53/ERBB2/AKT3/FOXO3/RB1/CDK4/PDPK1/GRB2/E2F3/NRAS/PLCG2/PRKCA/BRAF/MAPK1/PIK3R2/MAPK3/EGF/MAP2K1/HRAS/BAD
methylGSA_methylRRA_GSEA	KEGG	hypermethylated	04730	04730	Long-term depression	66	0.471566375405265	1.17128878417431	0.0779220779220779	0.344846642718983	tags=64%, list=41%, signal=37%	CACNA1A/GNAS/GRID2/GRM1/NOS1/PRKCB/PRKCG/RYR1/GNA11/GNA12/GRIA1/GRIA2/PRKG1/LYN/CRH/PLA2G5/GNAI2/PLCB1/GNAO1/IGF1/CRHR1/PPP2R1A/MAP2K2/GNAI1/GNA13/GRM5/GUCY1A2/GRIA3/IGF1R/PLA2G3/ITPR2/PLCB3/NRAS/PPP2R1B/ITPR3/PLA2G4A/ITPR1/PRKCA/BRAF/MAPK1/PLCB2/MAPK3
methylGSA_methylRRA_GSEA	KEGG	hypermethylated	05120	05120	Epithelial cell signaling in Helicobacter pylori infection	67	0.469571277531439	1.16776910728175	0.0829170829170829	0.359307359307359	tags=51%, list=34%, signal=34%	CXCL1/EGFR/JAM3/CDC42/JAM2/LYN/NOD1/MAP3K14/RELA/ATP6V0A1/ATP6V1B2/PLCG1/ATP6V1B1/ATP6V0D1/GIT1/ATP6V0C/SRC/MAPK10/PTPRZ1/HBEGF/MET/TJP1/ATP6V0E2/MAPK11/PAK1/TCIRG1/ATP6V0A4/PTPN11/ATP6V1C2/PLCG2/ATP6V1G2/CSK/MAP2K4/RAC1
methylGSA_methylRRA_GSEA	KEGG	hypermethylated	00920	00920	Sulfur metabolism	11	0.61821614764388	1.28833919691728	0.0903490759753593	0.375852156057495	tags=64%, list=31%, signal=44%	CHST13/CHST11/SULT2B1/CHST12/SUOX/PAPSS2/SULT1E1
methylGSA_methylRRA_GSEA	KEGG	hypermethylated	04976	04976	Bile secretion	69	0.468025323540808	1.16691536234834	0.0899100899100899	0.375852156057495	tags=48%, list=34%, signal=32%	ABCB1/ADCY4/ADCY8/AQP1/GNAS/KCNN2/SCTR/SLC9A3/ATP1B2/CFTR/ABCG5/PRKX/SLC4A4/ABCG2/PRKACA/ABCB4/ADCY5/ATP1A3/RXRA/EPHX1/ADCY1/SCARB1/ADCY3/ADCY9/ABCC3/ABCC4/SLC9A1/NCEH1/AQP4/SLC4A2/ATP1A1/ADCY6/BAAT
methylGSA_methylRRA_GSEA	KEGG	hypermethylated	00561	00561	Glycerolipid metabolism	43	0.488454352750157	1.17985490875282	0.0969030969030969	0.377104377104377	tags=42%, list=26%, signal=31%	AKR1B1/DGKD/DGKG/DGKZ/LPL/DGKI/MOGAT3/LIPC/AGPAT1/AGPAT3/LIPG/MGLL/GK/ALDH7A1/DGAT1/AGPAT2/AGPAT4/DGKA
methylGSA_methylRRA_GSEA	KEGG	hypermethylated	05322	05322	Systemic lupus erythematosus	51	0.477068516637225	1.16387118271512	0.0979020979020979	0.377104377104377	tags=18%, list=13%, signal=15%	ACTN1/ACTN2/CD40/GRIN2A/HLA-DPB1/ACTN3/C1S/GRIN2B/HLA-DOA
methylGSA_methylRRA_GSEA	KEGG	hypermethylated	04720	04720	Long-term potentiation	69	0.465485414109456	1.16058267224517	0.0949050949050949	0.377104377104377	tags=70%, list=44%, signal=39%	ADCY8/CREBBP/GRIN1/GRIN2A/GRIN2C/GRM1/PRKCB/PRKCG/CACNA1C/GRIA1/GRIA2/GRIN2D/RPS6KA2/GRIN2B/PRKX/CAMK2B/CHP2/CAMK2D/PRKACA/RAPGEF3/CAMK4/CALML3/PLCB1/ADCY1/PPP1CC/CAMK2G/MAP2K2/GRM5/PPP3CA/ITPR2/CALM3/PLCB3/NRAS/ITPR3/PPP1CA/ITPR1/RAP1A/RPS6KA3/PRKCA/PRKACB/BRAF/MAPK1/PPP3CC/PLCB2/MAPK3/RPS6KA1/MAP2K1/HRAS
methylGSA_methylRRA_GSEA	KEGG	hypermethylated	05214	05214	Glioma	65	0.465257623993134	1.15491469098751	0.0969030969030969	0.377104377104377	tags=72%, list=45%, signal=40%	EGFR/PDGFRA/PRKCB/PRKCG/PIK3CD/PDGFRB/CDK6/PIK3R5/CAMK2B/SHC1/CAMK2D/PIK3R1/CDKN2A/PDGFA/PLCG1/AKT1/CALML3/SHC3/SHC4/CDKN1A/IGF1/PIK3CA/CAMK2G/AKT2/MAP2K2/TP53/AKT3/IGF1R/RB1/CDK4/CALM3/GRB2/E2F3/NRAS/PLCG2/MTOR/PDGFB/PRKCA/PTEN/BRAF/MAPK1/PIK3R2/MAPK3/EGF/MAP2K1/HRAS/SHC2
methylGSA_methylRRA_GSEA	KEGG	hypermethylated	00910	00910	Nitrogen metabolism	23	0.53611038888929	1.22656020684542	0.100899100899101	0.37847866419295	tags=35%, list=19%, signal=28%	CA3/CA4/CA7/CA9/CA5B/CA13/AMT/CA5A
methylGSA_methylRRA_GSEA	KEGG	hypermethylated	05144	05144	Malaria	48	0.479391311809428	1.16533537907227	0.101898101898102	0.37847866419295	tags=46%, list=35%, signal=30%	CD40/CD81/GYPC/LRP1/TGFB2/THBS2/THBS4/COMP/SDC3/ITGAL/CR1/VCAM1/MET/HGF/IL1B/SDC1/SDC2/TLR9/TGFB1/CSF3/CCL2/TLR2
methylGSA_methylRRA_GSEA	KEGG	hypermethylated	05222	05222	Small cell lung cancer	85	0.449659844886487	1.13057772907042	0.105894105894106	0.386420596946913	tags=53%, list=34%, signal=35%	COL4A1/LAMA1/PTGS2/RXRB/PIK3CD/LAMA4/LAMA2/CDK6/PIK3R5/LAMB1/COL4A2/PIK3R1/RELA/RARB/RXRG/AKT1/RXRA/PIK3CA/ITGB1/LAMB2/COL4A6/AKT2/FHIT/PIAS1/TRAF4/ITGA2B/TP53/LAMB3/LAMA5/AKT3/ITGA3/RB1/TRAF3/CDK4/CDK2/NOS2/COL4A5/BCL2/LAMC2/E2F3/LAMC3/TRAF6/BIRC2/PIAS3/LAMA3
methylGSA_methylRRA_GSEA	KEGG	hypermethylated	00760	00760	Nicotinate and nicotinamide metabolism	22	0.531882378242128	1.21180079283283	0.110889110889111	0.39093110279551	tags=32%, list=13%, signal=28%	AOX1/NMNAT2/NT5E/BST1/CD38/NT5C1A/NNMT
methylGSA_methylRRA_GSEA	KEGG	hypermethylated	04973	04973	Carbohydrate digestion and absorption	38	0.494064120871291	1.18299494868514	0.110889110889111	0.39093110279551	tags=58%, list=41%, signal=34%	PRKCB/SLC2A2/PIK3CD/ATP1B2/SLC2A5/PIK3R5/PIK3R1/AKT1/ATP1A3/CACNA1D/PIK3CA/AKT2/SLC37A4/AKT3/TAS1R3/HK3/ATP1A1/HK1/FXYD2/SLC5A1/PIK3R2/PLCB2
methylGSA_methylRRA_GSEA	KEGG	hypermethylated	04960	04960	Aldosterone-regulated sodium reabsorption	41	0.482195550592091	1.1619535504617	0.128871128871129	0.43234185169669	tags=66%, list=41%, signal=39%	PRKCB/PRKCG/SGK1/PIK3CD/ATP1B2/SCNN1B/PIK3R5/PIK3R1/NR3C2/SCNN1A/ATP1A3/NEDD4L/IRS2/IGF1/PIK3CA/SCNN1G/HSD11B1/PDPK1/ATP1A1/IRS4/SFN/FXYD2/PRKCA/INSR/MAPK1/PIK3R2/MAPK3
methylGSA_methylRRA_GSEA	KEGG	hypermethylated	05142	05142	Chagas disease	100	0.439393585831685	1.11093997262222	0.127872127872128	0.43234185169669	tags=62%, list=44%, signal=35%	CD247/GNAL/GNAS/PPP2R2B/TGFB2/PIK3CD/GNA11/IFNGR2/PPP2R2C/PIK3R5/IL12B/PIK3R1/RELA/AKT1/GNAI2/FADD/TGFBR2/SMAD3/MAPK10/PLCB1/ADCY1/TGFBR1/GNAO1/PIK3CA/AKT2/IFNGR1/PPP2R1A/GNAI1/IL1B/SERPINE1/FAS/TNFRSF1A/MAPK11/AKT3/TLR9/TGFB1/NOS2/C3/PLCB3/TRAF6/CCL2/MAP2K4/PPP2R1B/TLR2/GNA15/FOS/TICAM1/CASP8/BDKRB2/PPP2R2D/IL12A/ACE/C1QA/IRAK1/MAPK1/PIK3R2/TLR4/PLCB2/MAPK3/MAPK14/CALR/GNA14
methylGSA_methylRRA_GSEA	KEGG	hypermethylated	04650	04650	Natural killer cell mediated cytotoxicity	112	0.435385107076257	1.10638917966566	0.128871128871129	0.43234185169669	tags=56%, list=45%, signal=31%	CD247/HLA-G/PRKCB/PRKCG/TNFRSF10D/PIK3CD/ULBP1/IFNGR2/NFATC3/VAV2/PIK3R5/CHP2/SHC1/ICAM2/PIK3R1/HLA-E/ULBP3/PLCG1/FYN/SHC3/NFATC2/SHC4/NFATC1/ITGAL/PIK3CA/ZAP70/RAET1L/IFNGR1/ULBP2/MAP2K2/SH3BP2/PPP3CA/NFATC4/FAS/TNFRSF10C/PAK1/LCK/GRB2/PTPN11/NRAS/PLCG2/RAC1/LAT/RAET1E/BID/VAV1/PRKCA/RAC2/BRAF/MAPK1/PIK3R2/PPP3CC/MAPK3/ICAM1/HCST/MICB/RAET1G/MAP2K1/HRAS/VAV3/SHC2/NFAT5/TYROBP
methylGSA_methylRRA_GSEA	KEGG	hypermethylated	04966	04966	Collecting duct acid secretion	27	0.506526933078761	1.17731176424325	0.145854145854146	0.474025974025974	tags=59%, list=40%, signal=36%	ATP4A/SLC12A7/ATP6V0A1/ATP6V1B2/ATP6V1B1/ATP6V0D1/ATP6V0C/ATP6V0E2/TCIRG1/ATP6V0A4/ATP4B/CLCNKB/ATP6V1C2/ATP6V1G2/ATP6V0E1/ATP6V1C1
methylGSA_methylRRA_GSEA	KEGG	hypermethylated	05323	05323	Rheumatoid arthritis	85	0.44057225244678	1.10772883620164	0.145854145854146	0.474025974025974	tags=47%, list=42%, signal=28%	CXCL1/CXCL6/FLT1/HLA-DPB1/TGFB2/TNFSF11/TNFSF13B/LTB/VEGFA/CXCL12/PGF/HLA-DOA/CSF1/ATP6V0A1/ATP6V1B2/TNFSF13/IL23A/ATP6V1B1/ATP6V0D1/ATP6V0C/ANGPT1/ITGAL/ACP5/IL1B/ATP6V0E2/TCIRG1/ATP6V0A4/TGFB1/IL1A/ATP6V1C2/CCL2/CTSK/ATP6V1G2/TLR2/FOS/HLA-DRB1/ATP6V0E1/ATP6V1C1/TLR4/ICAM1
methylGSA_methylRRA_GSEA	KEGG	hypermethylated	05143	05143	African trypanosomiasis	35	0.485458244383154	1.15365660977587	0.156843156843157	0.501898101898102	tags=51%, list=43%, signal=30%	PRKCB/PRKCG/LAMA4/IL12B/APOA1/PLCB1/THOP1/VCAM1/IL1B/IDO2/FAS/TLR9/PLCB3/PRKCA/IL12A/PLCB2/ICAM1/F2RL1
methylGSA_methylRRA_GSEA	KEGG	hypermethylated	00830	00830	Retinol metabolism	52	0.459152874598487	1.1225663117242	0.163836163836164	0.508625702655553	tags=13%, list=9%, signal=12%	ALDH1A2/CYP1A1/CYP26B1/CYP26C1/LRAT/CYP26A1/DHRS3
methylGSA_methylRRA_GSEA	KEGG	hypermethylated	05416	05416	Viral myocarditis	68	0.446481478320639	1.11088668185808	0.163836163836164	0.508625702655553	tags=46%, list=42%, signal=27%	CAV1/CD40/HLA-DPB1/HLA-G/MYH9/MYH11/LAMA2/MYH14/EIF4G1/HLA-DOA/SGCD/HLA-F/ABL1/HLA-E/SGCB/FYN/MYH10/ITGAL/DMD/CD55/RAC1/MYH7B/BID/CASP8/HLA-DRB1/RAC2/MYH6/DAG1/EIF4G3/ICAM1/ABL2
methylGSA_methylRRA_GSEA	KEGG	hypermethylated	05221	05221	Acute myeloid leukemia	57	0.453620803206991	1.11551354950869	0.166833166833167	0.510313216195569	tags=70%, list=46%, signal=38%	CCNA1/STAT5A/TCF7L1/PIK3CD/RARA/PIK3R5/KIT/TCF7L2/STAT5B/PIK3R1/TCF7/RELA/PML/LEF1/AKT1/PIK3CA/ZBTB16/AKT2/JUP/MAP2K2/FLT3/RUNX1/AKT3/GRB2/RUNX1T1/NRAS/PIM1/MTOR/CEBPA/STAT3/BRAF/MAPK1/PIK3R2/MAPK3/PPARD/MAP2K1/HRAS/BAD/MYC/EIF4EBP1
methylGSA_methylRRA_GSEA	KEGG	hypermethylated	04614	04614	Renin-angiotensin system	17	0.529714771461468	1.17397785156121	0.171859296482412	0.513543599257885	tags=53%, list=43%, signal=30%	MME/CTSA/ANPEP/AGTR1/THOP1/ENPEP/AGT/ACE/NLN
methylGSA_methylRRA_GSEA	KEGG	hypermethylated	05310	05310	Asthma	28	0.495107242767814	1.15383309071235	0.172827172827173	0.513543599257885	tags=11%, list=13%, signal=9%	CD40/HLA-DPB1/HLA-DOA
methylGSA_methylRRA_GSEA	KEGG	hypermethylated	04920	04920	Adipocytokine signaling pathway	67	0.446094001158274	1.10938385378877	0.176823176823177	0.518017194073532	tags=49%, list=34%, signal=33%	CPT1C/LEP/LEPR/NPY/POMC/RXRB/PRKCQ/CPT1B/CPT1A/TNFRSF1B/RELA/RXRG/PRKAG2/AKT1/RXRA/CAMKK2/ACSL5/MAPK10/IRS2/STK11/ACSL6/AKT2/SLC2A4/TRADD/TNFRSF1A/AKT3/PRKAG3/PPARGC1A/ACACB/PTPN11/IRS4/MTOR/CAMKK1
methylGSA_methylRRA_GSEA	KEGG	hypermethylated	05220	05220	Chronic myeloid leukemia	73	0.438139752059596	1.09448852452351	0.186813186813187	0.53968253968254	tags=67%, list=45%, signal=37%	CTBP1/MECOM/STAT5A/TGFB2/PIK3CD/CTBP2/CDK6/PIK3R5/SHC1/STAT5B/ABL1/PIK3R1/CDKN2A/RELA/AKT1/SHC3/SHC4/CDKN1A/TGFBR2/SMAD3/TGFBR1/PIK3CA/AKT2/MAP2K2/BCR/TP53/RUNX1/AKT3/RB1/CDK4/GRB2/TGFB1/PTPN11/GAB2/E2F3/NRAS/CBL/BRAF/MAPK1/PIK3R2/HDAC2/MAPK3/SMAD4/MAP2K1/HRAS/BAD/SHC2/MYC/CDKN1B
methylGSA_methylRRA_GSEA	KEGG	hypermethylated	00533	00533	Glycosaminoglycan biosynthesis - keratan sulfate	14	0.540661307585218	1.1664145314298	0.204660587639311	0.573696602758157	tags=71%, list=32%, signal=49%	CHST2/B3GNT7/CHST4/ST3GAL2/B4GALT3/CHST6/B4GALT2/ST3GAL3/B4GALT1/ST3GAL1
methylGSA_methylRRA_GSEA	KEGG	hypermethylated	00604	00604	Glycosphingolipid biosynthesis - ganglio series	15	0.530989525522812	1.15474513955811	0.20686175580222	0.573696602758157	tags=67%, list=32%, signal=45%	ST6GALNAC3/ST8SIA5/B4GALNT1/ST6GALNAC5/ST8SIA1/ST3GAL2/ST6GALNAC6/ST3GAL5/B3GALT4/ST3GAL1
methylGSA_methylRRA_GSEA	KEGG	hypermethylated	05014	05014	Amyotrophic lateral sclerosis	52	0.451721759951211	1.10439824739729	0.201798201798202	0.573696602758157	tags=29%, list=13%, signal=25%	GRIN1/GRIN2A/GRIN2C/NEFH/NEFL/NEFM/NOS1/GRIA1/GRIA2/DAXX/GRIN2D/GRIN2B/SLC1A2/TNFRSF1B/CHP2
methylGSA_methylRRA_GSEA	KEGG	hypermethylated	04350	04350	TGF-beta signaling pathway	84	0.429355007077914	1.07936711647055	0.213786213786214	0.585099111414901	tags=44%, list=30%, signal=31%	BMP2/BMP4/BMP7/CREBBP/GDF6/GDF7/ID4/PITX2/TGFB2/THBS2/THBS4/BMP6/COMP/NODAL/SMURF1/SMAD6/AMH/ACVR2A/GDF5/FST/SMAD7/BMP8B/ACVR1/ROCK2/TGFBR2/SMAD3/TGFBR1/PPP2R1A/SMAD9/LEFTY2/ACVR1C/CUL1/ID1/BMP8A/TGFB1/BMPR1A/TFDP1
methylGSA_methylRRA_GSEA	KEGG	hypermethylated	04320	04320		24	0.49219841335667	1.12987660811733	0.221778221778222	0.599089222465846	tags=33%, list=13%, signal=29%	CPEB1/EGFR/ETS1/FMN2/NOTCH4/NOTCH1/PIWIL1/NOTCH3
methylGSA_methylRRA_GSEA	KEGG	hypermethylated	04062	04062	Chemokine signaling pathway	179	0.407020836449771	1.05683304063075	0.225774225774226	0.602064602064602	tags=49%, list=41%, signal=29%	ADCY4/ADCY8/BCAR1/CXCL1/CXCL6/GNG4/GNG7/JAK3/PRKCB/PRKCZ/PXN/RASGRP2/PIK3CD/HCK/CX3CL1/ELMO1/CDC42/CXCL14/GRK5/VAV2/LYN/PIK3R5/GNG11/CXCL12/DOCK2/PRKX/SHC1/PRKACA/STAT5B/PIK3R1/ARRB1/RELA/GNB4/GNG12/ADCY5/AKT1/PARD3/SHC3/SHC4/GNAI2/ROCK2/PLCB1/ADCY1/PIK3CA/FGR/ADCY3/CCR1/AKT2/ADCY9/GNAI1/GNB1/CCL28/AKT3/FOXO3/PAK1/GNB5/CCR7/GRB2/CXCL2/PLCB3/NRAS/CCL2/GRK4/PF4V1/CSK/CXCR4/CXCL3/RAC1/ADCY6/CCR10/GRK6/GNB2/TIAM2/STAT3/RAP1A/VAV1/RAC2/PRKACB/BRAF/CCL26/CXCR2/MAPK1/CCL19/PIK3R2/GNG2/PLCB2/MAPK3
methylGSA_methylRRA_GSEA	KEGG	hypermethylated	00140	00140	Steroid hormone biosynthesis	46	0.455114023400788	1.10428674100557	0.231768231768232	0.610225217820154	tags=28%, list=31%, signal=20%	CYP11A1/CYP1A1/CYP7B1/SRD5A2/CYP1B1/COMT/SULT2B1/HSD17B8/HSD11B1/CYP19A1/HSD17B12/HSD17B6/SULT1E1
methylGSA_methylRRA_GSEA	KEGG	hypermethylated	04672	04672	Intestinal immune network for IgA production	45	0.453111027401286	1.0981955941321	0.242757242757243	0.623376623376623	tags=38%, list=37%, signal=24%	CD40/HLA-DPB1/ITGA4/MADCAM1/TNFSF13B/CXCL12/HLA-DOA/MAP3K14/TNFSF13/IL15RA/LTBR/CCL28/TGFB1/CXCR4/CCR10/ITGB7/HLA-DRB1
methylGSA_methylRRA_GSEA	KEGG	hypermethylated	04012	04012	ErbB signaling pathway	86	0.426795727000721	1.07340060136828	0.241758241758242	0.623376623376623	tags=70%, list=47%, signal=37%	EGFR/NRG1/PRKCB/PRKCG/STAT5A/PIK3CD/NRG2/PIK3R5/CAMK2B/SHC1/CAMK2D/STAT5B/EREG/ABL1/PIK3R1/PLCG1/AKT1/NRG3/NCK2/SHC3/SRC/SHC4/CDKN1A/MAPK10/PAK4/PIK3CA/CAMK2G/AKT2/HBEGF/MAP2K2/ERBB2/AKT3/PAK1/NCK1/GRB2/NRAS/PAK6/GAB1/PLCG2/MTOR/MAP2K4/PAK2/CBL/PRKCA/BRAF/MAPK1/PIK3R2/PAK3/MAPK3/ABL2/EGF/MAP2K1/HRAS/BAD/SHC2/MYC/CDKN1B/EIF4EBP1/TGFA/ERBB4
methylGSA_methylRRA_GSEA	KEGG	hypermethylated	00590	00590	Arachidonic acid metabolism	57	0.437257951586774	1.07527513327666	0.260739260739261	0.638044308632544	tags=26%, list=19%, signal=21%	ALOX12/ALOX5/GPX7/PTGS2/LTC4S/GPX3/ALOX15/PLA2G5/ALOX15B/ALOX12B/CYP2U1/PTGDS/CBR1/PTGIS/GPX1
methylGSA_methylRRA_GSEA	KEGG	hypermethylated	05215	05215	Prostate cancer	88	0.424491215704142	1.06814185124996	0.258741258741259	0.638044308632544	tags=48%, list=33%, signal=32%	CREB3L1/CREBBP/EGFR/FGFR1/GSTP1/PDGFRA/TCF7L1/PIK3CD/PDGFRB/SRD5A2/PDGFD/PIK3R5/CREB5/TCF7L2/PIK3R1/TCF7/RELA/PDGFA/LEF1/AKT1/CDKN1A/IGF1/PIK3CA/CREB3L2/AKT2/MAP2K2/TP53/ERBB2/PDGFC/AKT3/IGF1R/RB1/PDPK1/GRB2/FGFR2/CDK2/BCL2/NKX3-1/FOXO1/E2F3/NRAS/MTOR
methylGSA_methylRRA_GSEA	KEGG	hypermethylated	04370	04370	VEGF signaling pathway	74	0.427270877565786	1.06787568257562	0.255744255744256	0.638044308632544	tags=65%, list=46%, signal=35%	PRKCB/PRKCG/PTGS2/PXN/PIK3CD/CDC42/NFATC3/PIK3R5/SPHK2/VEGFA/PLA2G5/CHP2/PIK3R1/KDR/PLCG1/AKT1/NOS3/NFATC2/SRC/NFATC1/PIK3CA/SPHK1/AKT2/MAP2K2/PPP3CA/NFATC4/MAPK11/AKT3/PLA2G3/MAPKAPK2/NRAS/SH2D2A/PLCG2/RAC1/PLA2G4A/PRKCA/RAC2/MAPK1/PIK3R2/PPP3CC/MAPK3/MAPK14/MAP2K1/HRAS/BAD/SHC2/NFAT5/MAPK12
methylGSA_methylRRA_GSEA	KEGG	hypermethylated	04910	04910	Insulin signaling pathway	137	0.412509103785516	1.05690198875442	0.254745254745255	0.638044308632544	tags=61%, list=47%, signal=33%	PDE3A/PKLR/PRKAR1B/PRKCZ/RPTOR/TSC2/PIK3CD/PIK3R5/PTPRF/SH2B2/SOCS2/PRKX/SHC1/PRKACA/SORBS1/PIK3R1/GCK/PRKAG2/AKT1/LIPE/CALML3/TRIP10/SHC3/SHC4/PPP1R3C/MAPK10/IRS2/PIK3CA/PPP1CC/PDE3B/PRKAR1A/GYS1/AKT2/PYGM/MAP2K2/PYGL/SLC2A4/RHOQ/INPP5K/RAPGEF1/AKT3/FLOT2/MKNK2/CALM3/PDPK1/GRB2/PRKAG3/FOXO1/SREBF1/HK3/PPARGC1A/ACACB/PHKG1/IRS4/NRAS/HK1/MTOR/CBL/PPP1CA/EXOC7/SOCS1/FLOT1/INSR/PRKACB/BRAF/PHKG2/PCK2/MAPK1/PIK3R2/ACACA/SOCS3/MAPK3/MAP2K1/HRAS/BAD/SHC2/PRKAA1/EIF4EBP1/PTPN1/IRS1/INS/PRKAR2A/INPP5D/FBP1
methylGSA_methylRRA_GSEA	KEGG	hypermethylated	04666	04666	Fc gamma R-mediated phagosome formation	87	0.422354383248913	1.06265956507361	0.274725274725275	0.664451827242525	tags=60%, list=44%, signal=34%	ASAP2/DNM3/PRKCB/PRKCG/MARCKS/PIK3CD/HCK/LIMK1/CDC42/VAV2/LYN/PIK3R5/SPHK2/GSN/PRKCE/DOCK2/CFL2/WASF3/PIK3R1/PLCG1/AKT1/MARCKSL1/PIP5K1C/PIK3CA/SPHK1/MYO10/AKT2/ASAP1/DNM2/AKT3/PAK1/ARPC1B/GAB2/PLCG2/ARPC5/RAC1/LAT/WASF2/PLA2G4A/VAV1/PRKCA/ASAP3/RAC2/MAPK1/PIK3R2/LIMK2/MAPK3/AMPH/ARPC2/PLA2G4D/MAP2K1/VAV3
methylGSA_methylRRA_GSEA	KEGG	hypermethylated	00430	00430	Taurine and hypotaurine metabolism	10	0.548319793940825	1.1217809287946	0.290123456790123	0.681745221071064	tags=30%, list=2%, signal=29%	CDO1/GAD1/GAD2
methylGSA_methylRRA_GSEA	KEGG	hypermethylated	00052	00052	Galactose metabolism	26	0.471004513503668	1.09070038127869	0.291708291708292	0.681745221071064	tags=62%, list=47%, signal=33%	AKR1B1/PFKP/GCK/GALT/B4GALT2/HK3/B4GALT1/HK1/GANC/GALE/PFKL/UGP2/GAA/GALK2/GALK1/PGM1
methylGSA_methylRRA_GSEA	KEGG	hypermethylated	05216	05216	Thyroid cancer	29	0.46636436799749	1.08824756355633	0.287712287712288	0.681745221071064	tags=86%, list=49%, signal=44%	NTRK1/RXRB/TCF7L1/TCF7L2/TCF7/RXRG/LEF1/RXRA/PAX8/PPARG/MAP2K2/TP53/RET/NRAS/BRAF/NCOA4/MAPK1/MAPK3/CDH1/MAP2K1/HRAS/MYC/TPM3/CCDC6/TFG
methylGSA_methylRRA_GSEA	KEGG	hypermethylated	01040	01040	Biosynthesis of unsaturated fatty acids	18	0.49041631303599	1.09050943953551	0.310552763819095	0.712430426716141	tags=61%, list=34%, signal=40%	ACOT7/ACOX3/TECR/FADS2/SCD5/FADS1/HSD17B12/ELOVL2/HADHA/SCD/BAAT
methylGSA_methylRRA_GSEA	KEGG	hypermethylated	00250	00250	Alanine, aspartate and glutamate metabolism	30	0.459821189996711	1.07542843537922	0.311688311688312	0.712430426716141	tags=43%, list=34%, signal=28%	GAD1/GAD2/GPT/ALDH5A1/IL4I1/GFPT2/ABAT/DDO/GPT2/ASS1/ALDH4A1/CAD/GLS2
methylGSA_methylRRA_GSEA	KEGG	hypermethylated	05219	05219	Bladder cancer	40	0.441613199695841	1.06152552263879	0.332667332667333	0.744957170489085	tags=70%, list=45%, signal=39%	EGFR/MMP9/RASSF1/MMP2/VEGFA/PGF/CDKN2A/CDKN1A/DAPK3/DAPK1/MAP2K2/TP53/ERBB2/RB1/CDK4/VEGFC/DAPK2/E2F3/FGFR3/NRAS/BRAF/MAPK1/MAPK3/CDH1/EGF/MAP2K1/HRAS/MYC
methylGSA_methylRRA_GSEA	KEGG	hypermethylated	04610	04610	Complement and coagulation cascades	67	0.422390009600661	1.0504347860226	0.336663336663337	0.744957170489085	tags=42%, list=38%, signal=26%	SERPING1/PROC/C1S/F7/PLAU/PLAT/VWF/THBD/F10/A2M/CR2/F2R/CFD/CR1/CFI/CD59/C1R/SERPINF2/SERPINE1/TFPI/F3/C3/CD55/F5/PLAUR/BDKRB2/CFH/C1QA
methylGSA_methylRRA_GSEA	KEGG	hypermethylated	04630	04630	JAK-STAT signaling pathway	129	0.405567857817653	1.03605780209555	0.334665334665335	0.744957170489085	tags=53%, list=45%, signal=29%	CCND2/CREBBP/EPO/JAK3/LEP/LEPR/STAT5A/PIK3CD/IFNGR2/SPRY2/PIK3R5/TSLP/IL12B/SPRY1/SOCS2/CTF1/STAT5B/PIK3R1/IL23A/IL11RA/IL21R/AKT1/IL2RB/CCND3/IL15RA/IL12RB2/PIK3CA/IL6R/IL7/AKT2/IFNGR1/PIAS1/CSF2RB/AKT3/SPRY4/GRB2/EPOR/CSF3/JAK1/CNTF/SPRED2/PTPN11/OSMR/PIM1/PIAS3/CBL/PIAS4/STAT4/IL4R/CNTFR/TPO/SOCS7/SOCS1/STAT3/IL19/IL12A/OSM/GHR/PIK3R2/CISH/IRF9/SOCS3/IL6ST/LIFR/IL20RA/IL22RA1/MYC/STAT1
methylGSA_methylRRA_GSEA	KEGG	hypermethylated	00514	00514	Other types of O-glycan biosynthesis	33	0.44472733106352	1.05210459181073	0.35964035964036	0.779220779220779	tags=39%, list=32%, signal=27%	FUT9/MGAT5B/ST6GAL2/LFNG/POFUT2/FUT4/ST6GAL1/POMGNT1/B4GALT3/GXYLT2/B4GALT2/ST3GAL3/B4GALT1
methylGSA_methylRRA_GSEA	KEGG	hypermethylated	05210	05210	Colorectal cancer	62	0.421596922627141	1.04316988662005	0.356643356643357	0.779220779220779	tags=63%, list=45%, signal=35%	APC/APC2/DCC/TCF7L1/TGFB2/PIK3CD/RALGDS/PIK3R5/TCF7L2/PIK3R1/TCF7/BIRC5/MLH1/LEF1/AKT1/TGFBR2/SMAD3/MAPK10/TGFBR1/PIK3CA/AXIN2/AKT2/TP53/AXIN1/AKT3/TGFB1/BCL2/RAC1/FOS/APPL1/RAC2/BRAF/MAPK1/PIK3R2/MAPK3/SMAD4/MAP2K1/BAD/MYC
methylGSA_methylRRA_GSEA	KEGG	hypermethylated	04977	04977	Vitamin digestion and absorption	22	0.465139939275725	1.05973984145785	0.380619380619381	0.803882985701168	tags=50%, list=40%, signal=30%	LRAT/SLC19A3/SLC46A1/TCN2/APOA1/SCARB1/ABCC1/LMBRD1/SLC19A1/SLC23A1/PLB1
methylGSA_methylRRA_GSEA	KEGG	hypermethylated	04070	04070	Phosphatidylinositol signaling system	78	0.411726997449244	1.03103088142803	0.380619380619381	0.803882985701168	tags=47%, list=35%, signal=31%	DGKD/DGKG/DGKZ/ITPKA/PRKCB/PRKCG/PIK3CD/DGKI/PIK3R5/INPP5A/INPP5B/INPP1/PLCD1/ITPKB/PIK3R1/SYNJ2/PLCG1/CALML3/ITPK1/PIP5K1C/PI4KB/PLCB1/PIK3CA/INPP5E/INPP4B/DGKA/INPP5K/ITPR2/CALM3/PLCE1/PIP4K2B/PLCB3/DGKQ/PLCG2/OCRL/ITPR3/PIK3C2B
methylGSA_methylRRA_GSEA	KEGG	hypermethylated	05100	05100	Bacterial invasion of epithelial cells	68	0.414047858876442	1.03018887548875	0.382617382617383	0.803882985701168	tags=50%, list=34%, signal=33%	BCAR1/CAV1/CAV2/CTNNA2/DNM3/PXN/PIK3CD/ELMO1/CDC42/PIK3R5/SHC1/PIK3R1/MAD2L2/ITGA5/CTNNA3/ARHGAP10/SHC3/SRC/SHC4/CTNNA1/PIK3CA/ITGB1/MET/DNM2/ILK/DOCK1/CLTCL1/ARPC1B/CLTB/CTTN/GAB1/ARPC5/RAC1/CBL
methylGSA_methylRRA_GSEA	KEGG	hypermethylated	05332	05332	Graft-versus-host disease	35	0.43574365477214	1.03551346240813	0.401598401598402	0.827054133984827	tags=23%, list=30%, signal=16%	HLA-DPB1/HLA-G/HLA-DOA/HLA-F/HLA-E/IL1B/FAS/IL1A
methylGSA_methylRRA_GSEA	KEGG	hypermethylated	00900	00900	Terpenoid backbone biosynthesis	15	-0.263083593828779	-0.79804236445668	0.401236511986449	0.827054133984827	tags=100%, list=74%, signal=26%	MVK/DHDDS/ACAT2/PDSS2/ACAT1/FDPS/GGPS1/HMGCR/IDI2/PDSS1/IDI1/PMVK/HMGCS1/HMGCS2
methylGSA_methylRRA_GSEA	KEGG	hypermethylated	00120	00120	Primary bile acid biosynthesis	16	0.470626952431621	1.03502101627821	0.421529175050302	0.843058350100604	tags=69%, list=50%, signal=34%	CYP7B1/CH25H/ACOX2/CYP27A1/SCP2/BAAT/HSD17B4/CYP39A1/CYP46A1/HSD3B7/SLC27A5
methylGSA_methylRRA_GSEA	KEGG	hypermethylated	04150	04150	mTOR signaling pathway	51	0.420132069280229	1.02496725589118	0.414585414585415	0.843058350100604	tags=67%, list=46%, signal=36%	RPTOR/TSC2/PIK3CD/RPS6KA2/PIK3R5/VEGFA/PGF/ULK1/PIK3R1/AKT1/IGF1/PIK3CA/STK11/AKT2/ULK2/MLST8/AKT3/PDPK1/VEGFC/MTOR/CAB39L/ULK3/RPS6KA3/BRAF/DDIT4/MAPK1/PIK3R2/CAB39/MAPK3/RPS6KA1/HIF1A/PRKAA1/EIF4EBP1/INS
methylGSA_methylRRA_GSEA	KEGG	hypermethylated	05140	05140	Leishmaniasis	64	0.412314433342833	1.02242639177315	0.420579420579421	0.843058350100604	tags=48%, list=41%, signal=28%	HLA-DPB1/ITGA4/PRKCB/PTGS2/TGFB2/ITGAM/IFNGR2/IL12B/CYBA/HLA-DOA/RELA/MARCKSL1/ITGB1/IFNGR1/CR1/IL1B/MAPK11/TGFB1/NOS2/C3/IL1A/JAK1/TRAF6/TLR2/FOS/HLA-DRB1/IL12A/IRAK1/MAPK1/TLR4/MAPK3
methylGSA_methylRRA_GSEA	KEGG	hypermethylated	05212	05212	Pancreatic cancer	69	0.408500301610119	1.01850317385917	0.431568431568432	0.854916512059369	tags=64%, list=45%, signal=35%	EGFR/TGFB2/PIK3CD/CDC42/CDK6/RALGDS/PIK3R5/VEGFA/PGF/PIK3R1/CDKN2A/RELA/AKT1/TGFBR2/SMAD3/MAPK10/TGFBR1/PIK3CA/AKT2/TP53/ERBB2/AKT3/RALBP1/RB1/CDK4/TGFB1/VEGFC/JAK1/E2F3/BRCA2/RAC1/STAT3/RALB/RAC2/BRAF/MAPK1/PIK3R2/MAPK3/EGF/SMAD4/MAP2K1/BAD/RALA/STAT1
methylGSA_methylRRA_GSEA	KEGG	hypermethylated	04964	04964	Proximal tubule bicarbonate reclamation	23	0.44732367553409	1.02342620355982	0.456543456543457	0.873108542833314	tags=52%, list=42%, signal=30%	AQP1/SLC9A3/ATP1B2/CA4/SLC4A4/ATP1A3/SLC25A10/ATP1A1/GLS2/FXYD2/PCK2/SLC38A3
methylGSA_methylRRA_GSEA	KEGG	hypermethylated	00512	00512	Mucin type O-glycan biosynthesis	26	0.441608274493362	1.02262780834685	0.446553446553447	0.873108542833314	tags=46%, list=32%, signal=31%	GALNT13/GALNT9/GALNT5/GALNTL6/ST3GAL2/GALNT7/GALNT10/GALNT14/GALNT12/GALNT2/B3GNT6/ST3GAL1
methylGSA_methylRRA_GSEA	KEGG	hypermethylated	05340	05340	Primary immunodeficiency	35	0.429131024204497	1.01979902136066	0.451548451548452	0.873108542833314	tags=29%, list=29%, signal=20%	CD40/CD8A/JAK3/AIRE/TAP2/CD19/ZAP70/CIITA/LCK/CD4
methylGSA_methylRRA_GSEA	KEGG	hypermethylated	05145	05145	Toxoplasmosis	127	0.394061083857845	1.00577386626208	0.457542457542458	0.873108542833314	tags=48%, list=41%, signal=28%	ALOX5/CD40/HLA-DPB1/LAMA1/TGFB2/PIK3CD/LAMA4/IFNGR2/LAMA2/PIK3R5/PLA2G5/IL12B/LAMB1/HLA-DOA/PIK3R1/RELA/AKT1/HSPA2/GNAI2/MAPK10/GNAO1/PIK3CA/ITGB1/LAMB2/AKT2/IFNGR1/GNAI1/CIITA/LAMB3/LAMA5/TNFRSF1A/MAPK11/AKT3/HSPA1A/PLA2G3/PPIF/TGFB1/NOS2/JAK1/BCL2/LAMC2/MAP2K6/LAMC3/TRAF6/BIRC2/LAMA3/TLR2/PLA2G4A/CASP8/SOCS1/STAT3/HLA-DRB1/IL12A/MAP2K3/LAMC1/IRAK1/MAPK1/PIK3R2/HSPA1L/TLR4/MAPK3
methylGSA_methylRRA_GSEA	KEGG	hypermethylated	04914	04914	Progesterone-mediated oocyte maturation	86	0.400297925499405	1.00675805022015	0.466533466533467	0.882172373081464	tags=59%, list=46%, signal=32%	ADCY4/ADCY8/CCNA1/CPEB1/MAD1L1/PDE3A/PIK3CD/MOS/RPS6KA2/PIK3R5/PRKX/PRKACA/SPDYA/PIK3R1/MAD2L2/ADCY5/AKT1/GNAI2/MAPK10/ADCY1/IGF1/PIK3CA/PDE3B/ADCY3/AKT2/ADCY9/GNAI1/CDC25A/MAPK11/AKT3/BUB1/IGF1R/CDK2/PGR/ADCY6/ANAPC7/ANAPC2/CDC25B/RPS6KA3/PKMYT1/PRKACB/BRAF/MAPK1/PIK3R2/MAPK3/RPS6KA1/MAPK14/MAP2K1/ADCY2/MAPK12/INS
methylGSA_methylRRA_GSEA	KEGG	hypermethylated	04710	04710	Circadian rhythm	21	0.444842979850576	1.01187294365076	0.49	0.9004329004329	tags=71%, list=45%, signal=39%	CRY2/RORA/PER1/CSNK1E/CSNK1D/RORB/BHLHE41/CUL1/PER2/PER3/NR1D1/NPAS2/FBXW11/BTRC/CLOCK
methylGSA_methylRRA_GSEA	KEGG	hypermethylated	05020	05020	Prion disease	35	0.422917626013292	1.00503332734807	0.484515484515485	0.9004329004329	tags=51%, list=44%, signal=29%	NOTCH1/NCAM1/PRKX/PRKACA/NCAM2/FYN/EGR1/MAP2K2/IL1B/HSPA1A/IL1A/PRNP/C1QA/LAMC1/PRKACB/MAPK1/MAPK3/MAP2K1
methylGSA_methylRRA_GSEA	KEGG	hypermethylated	04210	04210	Apoptosis	85	0.398336625109047	1.00153598802012	0.486513486513487	0.9004329004329	tags=51%, list=41%, signal=30%	IRAK3/NTRK1/PRKAR1B/TNFRSF10D/PIK3CD/PIK3R5/NGF/PRKX/CAPN2/CHP2/PRKACA/IRAK2/MAP3K14/PIK3R1/RELA/AKT1/CAPN1/FADD/PIK3CA/PRKAR1A/AKT2/IL1B/CSF2RB/TRADD/TP53/PPP3CA/FAS/TNFRSF1A/AKT3/TNFRSF10C/IL1A/IL1RAP/BCL2/ENDOD1/BIRC2/BID/CASP8/ATM/PRKACB/IRAK1/RIPK1/PIK3R2/PPP3CC
methylGSA_methylRRA_GSEA	KEGG	hypermethylated	00620	00620	Pyruvate metabolism	38	0.418043837373815	1.00097077899532	0.506493506493506	0.9004329004329	tags=53%, list=45%, signal=29%	AKR1B1/LDHB/PKLR/PC/ME3/ACSS1/LDHD/ALDH7A1/LDHAL6A/GRHPR/ME1/ACACB/HAGHL/LDHC/PCK2/ACAT2/ACACA/ACSS2/PDHB/ACYP2
methylGSA_methylRRA_GSEA	KEGG	hypermethylated	05211	05211	Renal cell carcinoma	66	0.402417181731517	0.999534224882094	0.496503496503497	0.9004329004329	tags=67%, list=45%, signal=36%	CREBBP/ETS1/TGFB2/PIK3CD/CDC42/PIK3R5/VEGFA/PGF/PIK3R1/AKT1/PAK4/PIK3CA/EGLN1/AKT2/FLCN/MET/EPAS1/MAP2K2/HGF/RAPGEF1/AKT3/PAK1/GRB2/TGFB1/ARNT2/VEGFC/PTPN11/NRAS/PAK6/GAB1/RAC1/PAK2/PDGFB/RAP1A/BRAF/MAPK1/PIK3R2/PAK3/MAPK3/MAP2K1/HRAS/EGLN3/HIF1A/EGLN2
methylGSA_methylRRA_GSEA	KEGG	hypermethylated	04380	04380	Osteoclast differentiation	119	0.392147646885325	0.998241609176609	0.500499500499501	0.9004329004329	tags=43%, list=35%, signal=28%	CALCR/TGFB2/TNFSF11/PIK3CD/IFNGR2/ITGB3/PIK3R5/CYBA/SQSTM1/CAMK4/CSF1/MAP3K14/PIK3R1/RELA/SIRPA/AKT1/FYN/NFATC2/FOSL2/TGFBR2/MAPK10/TREM2/NFATC1/PPARG/TGFBR1/PIK3CA/TNFRSF11B/AKT2/IFNGR1/ACP5/IL1B/FHL2/RELB/FOSL1/PPP3CA/TNFRSF1A/MAPK11/AKT3/LCK/GRB2/CSF1R/TGFB1/IL1A/JAK1/GAB2/MAP2K6/TRAF6/CTSK/PLCG2/RAC1/OSCAR
methylGSA_methylRRA_GSEA	KEGG	hypermethylated	00562	00562	Inositol phosphate metabolism	57	0.404952245733498	0.995831129935111	0.504495504495505	0.9004329004329	tags=60%, list=47%, signal=32%	ITPKA/PIK3CD/INPP5A/INPP5B/INPP1/PLCD1/ITPKB/SYNJ2/PLCG1/ITPK1/PIP5K1C/PI4KB/PLCB1/PIK3CA/MINPP1/ISYNA1/INPP5E/INPP4B/INPP5K/PLCE1/PIP4K2B/PLCB3/PLCG2/OCRL/PIP5KL1/PIK3C2B/PTEN/PIKFYVE/PLCB2/TPI1/INPP4A/INPPL1/INPP5J/PIP4K2A
methylGSA_methylRRA_GSEA	KEGG	hypermethylated	04660	04660	T cell receptor signaling pathway	106	0.392825734437743	0.994865750588956	0.514485514485514	0.906889720449042	tags=51%, list=44%, signal=29%	CARD11/CD247/CD8A/PIK3CD/CDC42/NFATC3/PRKCQ/VAV2/PIK3R5/PDCD1/CHP2/MAP3K14/PIK3R1/RELA/PLCG1/AKT1/FYN/NCK2/NFATC2/MAP3K8/PAK4/NFATC1/PIK3CA/ZAP70/AKT2/MAP2K2/PPP3CA/NFATC4/MAPK11/AKT3/PAK1/LCK/CDK4/NCK1/CD4/GRB2/GRAP2/NRAS/PAK6/PAK2/CBL/LAT/FOS/VAV1/RASGRP1/MAPK1/PIK3R2/PAK3/PPP3CC/MAPK3/MAPK14/MAP2K1/HRAS/VAV3
methylGSA_methylRRA_GSEA	KEGG	hypermethylated	00260	00260	Glycine, serine and threonine metabolism	31	0.420316132719877	0.987319383036677	0.527472527472527	0.921968787515006	tags=65%, list=45%, signal=36%	PSAT1/BHMT/AMT/ALDH7A1/DMGDH/GAMT/AOC3/MAOB/PIPOX/SDS/SARDH/PHGDH/ALAS1/AOC2/SHMT2/GNMT/GATM/GLDC/GLYCTK/SHMT1
methylGSA_methylRRA_GSEA	KEGG	hypermethylated	00601	00601	Glycosphingolipid biosynthesis - lacto and neolacto series	23	0.430377796953238	0.984655941374883	0.53946053946054	0.935064935064935	tags=70%, list=46%, signal=38%	FUT9/GCNT2/ABO/ST8SIA1/FUT4/B4GALT3/B4GALT2/B3GNT4/B3GNT3/ST3GAL3/B4GALT1/B3GALT2/ST3GAL6/FUT2/FUT3/B3GNT2
methylGSA_methylRRA_GSEA	KEGG	hypermethylated	00531	00531	Glycosaminoglycan degradation	19	0.439905747232711	0.985311839448887	0.549196787148594	0.944073815924856	tags=63%, list=44%, signal=35%	HPSE2/HYAL2/IDUA/HYAL1/NAGLU/GALNS/HGSNAT/SGSH/ARSB/HPSE/HYAL3/HEXA
methylGSA_methylRRA_GSEA	KEGG	hypermethylated	00770	00770	Pantothenate and CoA biosynthesis	16	0.438511009989353	0.964390392142511	0.571428571428571	0.97423887587822	tags=56%, list=43%, signal=32%	BCAT1/DPYS/PANK4/PPCDC/PPCS/PANK3/BCAT2/COASY/PANK2
methylGSA_methylRRA_GSEA	KEGG	hypermethylated	02010	02010	ABC transporters	44	0.395734506223873	0.957856339559191	0.606393606393606	1	tags=36%, list=28%, signal=26%	ABCB1/CFTR/ABCC8/ABCG5/ABCG2/TAP2/ABCB4/ABCG1/ABCB6/ABCG4/ABCC1/ABCC3/ABCC4/ABCA3/ABCA4/ABCA7
methylGSA_methylRRA_GSEA	KEGG	hypermethylated	04912	04912	GnRH signaling pathway	100	0.37801025851217	0.955741548770112	0.67032967032967	1	tags=54%, list=46%, signal=29%	ADCY4/ADCY8/EGFR/GNAS/MMP14/PRKCB/GNA11/CDC42/CACNA1C/MMP2/PLA2G5/PRKX/CAMK2B/CAMK2D/PRKACA/ADCY5/CALML3/SRC/CACNA1D/MAPK10/PLCB1/ADCY1/ADCY3/CAMK2G/ADCY9/HBEGF/MAP2K2/MAPK11/PLA2G3/ITPR2/CALM3/GRB2/PLCB3/MAP2K6/NRAS/MAP2K4/ADCY6/ITPR3/PLA2G4A/ITPR1/PRKCA/MAP2K3/PRKACB/MAPK1/GNRH2/PLCB2/MAPK3/MAPK14/MAPK7/MAP2K1/HRAS/PLD2/ADCY2/MAPK12
methylGSA_methylRRA_GSEA	KEGG	hypermethylated	04145	04145	Phagocytosis	140	0.371198641231036	0.952668668162994	0.696303696303696	1	tags=37%, list=35%, signal=24%	HLA-DPB1/HLA-G/NOS1/THBS2/THBS4/ITGAM/MRC2/DYNC1H1/COMP/ITGB3/COLEC12/CYBA/DYNC1I1/HLA-DOA/HLA-F/TUBB6/HGS/ATP6V0A1/HLA-E/TAP2/ATP6V1B2/ITGA5/ATP6V1B1/ATP6V0D1/TUBB2B/ATP6V0C/ITGB5/RILP/SCARB1/ITGB1/FCAR/TUBB2A/MPO/ATP6V0E2/COLEC11/C1R/CTSS/RAB5C/SEC61A1/LAMP1/TCIRG1/PLA2R1/ATP6V0A4/DYNC1LI2/C3/TUBA1A/ATP6V1C2/ATP6V1G2/RAC1/TUBB3/TLR2/STX18
methylGSA_methylRRA_GSEA	KEGG	hypermethylated	00380	00380	Tryptophan metabolism	37	0.398671531599769	0.951899215696122	0.623376623376623	1	tags=49%, list=41%, signal=29%	AOX1/CYP1A1/HAAO/OGDHL/AADAT/CYP1B1/IL4I1/TPH2/ALDH7A1/IDO2/MAOB/HADHA/EHHADH/ACMSD/OGDH/ACAT2/KYNU/WARS2
methylGSA_methylRRA_GSEA	KEGG	hypermethylated	04962	04962	Vasopressin-regulated water reabsorption	43	0.39101685112107	0.944495936217483	0.642357642357642	1	tags=63%, list=50%, signal=32%	CREB3L1/GNAS/DYNC1H1/CREB5/DYNC1I1/PRKX/PRKACA/RAB11B/DCTN1/ADCY3/CREB3L2/AQP2/ADCY9/AVP/RAB5C/AQP4/DYNC1LI2/ADCY6/ARHGDIA/PRKACB/DCTN6/DCTN2/DYNC1LI1/CREB1/DCTN4/DYNC1I2/VAMP2
methylGSA_methylRRA_GSEA	KEGG	hypermethylated	04722	04722	Neurotrophin signaling pathway	126	0.36720380964951	0.936828925563315	0.77022977022977	1	tags=60%, list=47%, signal=32%	BDNF/IRAK3/NTF3/NTRK1/TP73/PIK3CD/CDC42/ZNF274/NTRK3/NGFR/RPS6KA2/PIK3R5/NGF/NTRK2/SH2B2/CAMK2B/SHC1/CAMK2D/CAMK4/IRAK2/ABL1/PIK3R1/RELA/SH2B3/PLCG1/AKT1/CALML3/SHC3/SHC4/MAPK10/IRS2/PIK3CA/CAMK2G/AKT2/MAP2K2/SH2B1/TP53/RAPGEF1/MAPK11/AKT3/YWHAG/FOXO3/CALM3/GRB2/MAPKAPK2/BCL2/PTPN11/IRS4/NRAS/TRAF6/GAB1/PLCG2/CSK/RAC1/NTF4/RAP1A/RPS6KA3/ARHGDIA/BRAF/IRAK1/MAPK1/PIK3R2/MAP2K5/MAPK3/RPS6KA1/MAPK14/MAPK7/YWHAQ/MAP2K1/HRAS/BAD/SHC2/MAPK12/IRS1/MAGED1/KIDINS220
methylGSA_methylRRA_GSEA	KEGG	hypermethylated	05160	05160	Hepatitis C	119	0.365884680140176	0.931387233296356	0.777222777222777	1	tags=55%, list=46%, signal=30%	CD81/CLDN10/CLDN11/CLDN5/CLDN6/EGFR/PPP2R2B/PIK3CD/PPP2R2C/PIK3R5/CLDN9/CLDN19/CLDN14/CLDN15/PIK3R1/RELA/NR1H3/AKT1/RXRA/CDKN1A/PSME3/MAPK10/PIK3CA/EIF2AK2/SCARB1/AKT2/PPP2R1A/PIAS1/TRADD/TP53/TNFRSF1A/MAPK11/AKT3/TRAF3/CLDN1/GRB2/JAK1/NRAS/TRAF6/PIAS3/PPP2R1B/PIAS4/TICAM1/PPP2R2D/STAT3/IRF7/EIF2AK4/MAVS/BRAF/EIF3E/RIPK1/MAPK1/PIK3R2/IRF9/SOCS3/MAPK3/EGF/MAPK14/OAS2/HRAS/BAD/EIF2S1/STAT1/OAS3/MAPK12/IFIT1
methylGSA_methylRRA_GSEA	KEGG	hypermethylated	00564	00564	Glycerophospholipid metabolism	70	0.370214390590773	0.923132536045757	0.739260739260739	1	tags=41%, list=36%, signal=27%	CHAT/DGKD/DGKG/DGKZ/DGKI/PLA2G5/PCYT2/AGPAT1/ACHE/PCYT1B/PEMT/AGPAT3/LPCAT1/GPD2/PGS1/MBOAT7/AGPAT2/ETNK2/AGPAT4/PHOSPHO1/PTDSS2/DGKA/PLA2G3/DGKQ/PTDSS1/PISD/ETNK1/LPCAT2/PLA2G4A
methylGSA_methylRRA_GSEA	KEGG	hypermethylated	04115	04115	p53 signaling pathway	65	0.370651499102491	0.920072749965999	0.749250749250749	1	tags=42%, list=38%, signal=26%	CCND2/IGFBP3/TP73/TSC2/RPRM/CDK6/SESN3/CDKN2A/TP53AIP1/SESN2/CCND3/CDKN1A/CD82/IGF1/BBC3/TP53I3/TP53/SERPINE1/FAS/CDK4/CDK2/GADD45A/BID/SFN/CASP8/ATM/PTEN
methylGSA_methylRRA_GSEA	KEGG	hypermethylated	00010	00010	Glycolysis / Gluconeogenesis	63	0.369364351161451	0.914741236962129	0.761238761238761	1	tags=48%, list=47%, signal=25%	LDHB/PKLR/ALDOC/GAPDHS/ALDH3A1/PFKP/ACSS1/GCK/ALDH7A1/LDHAL6A/ALDH1A3/PGAM2/BPGM/ENO3/ADPGK/HK3/HK1/LDHC/ENO1/AKR1A1/PFKL/ALDH3B1/GALM/PCK2/ACSS2/TPI1/PDHB/ADH5/FBP1/PGM1
methylGSA_methylRRA_GSEA	KEGG	hypermethylated	04662	04662	B cell receptor signaling pathway	74	0.365714028721065	0.91402699915549	0.775224775224775	1	tags=53%, list=45%, signal=29%	CARD11/CD81/PRKCB/PIK3CD/NFATC3/VAV2/LYN/PIK3R5/CD72/CHP2/PIK3R1/RELA/AKT1/CR2/NFATC2/NFATC1/CD19/PIK3CA/AKT2/MAP2K2/CD79B/PPP3CA/NFATC4/AKT3/GRB2/NRAS/PLCG2/RAC1/FOS/VAV1/RAC2/MAPK1/PIK3R2/PPP3CC/MAPK3/MAP2K1/HRAS/VAV3/NFAT5
methylGSA_methylRRA_GSEA	KEGG	hypermethylated	00650	00650	Butanoate metabolism	27	0.392393896719862	0.912034327607437	0.704295704295704	1	tags=59%, list=53%, signal=28%	GAD1/GAD2/ALDH5A1/ACADS/ABAT/ACSM5/BDH1/OXCT1/HADHA/EHHADH/ACAT2/PDHB/BDH2/ACAT1/HADH/AACS
methylGSA_methylRRA_GSEA	KEGG	hypermethylated	00520	00520	Amino sugar and nucleotide sugar metabolism	45	0.375755987965162	0.910711824469981	0.726273726273726	1	tags=71%, list=52%, signal=34%	GMDS/CYB5R3/GFPT2/GCK/CHI3L1/UGDH/GALT/UAP1L1/PMM2/MPI/GNPNAT1/HK3/HK1/GNE/GALE/GMPPA/CYB5R1/GNPDA1/PGM3/NAGK/AMDHD2/UGP2/GALK2/UXS1/HEXA/GALK1/PGM1/GMPPB/CMAS/GNPDA2/HEXB/GFPT1
methylGSA_methylRRA_GSEA	KEGG	hypermethylated	00071	00071	Fatty acid degradation	40	0.377931836404612	0.908451763755153	0.74025974025974	1	tags=28%, list=22%, signal=21%	ACADL/CPT1C/CPT1B/CPT1A/ACOX3/CPT2/ACADS/ACSL5/ACADVL/ACSL6/ALDH7A1
methylGSA_methylRRA_GSEA	KEGG	hypermethylated	04744	04744	Phototransduction	29	0.387103678417522	0.90329507095583	0.739260739260739	1	tags=34%, list=33%, signal=23%	GUCY2D/CNGB1/PDE6B/ARRB1/GUCA1A/CALML3/GNAT1/GNB1/CALM3/GUCA1B
methylGSA_methylRRA_GSEA	KEGG	hypermethylated	04612	04612	Antigen processing and presentation	63	0.364548181861458	0.902813857806448	0.8001998001998	1	tags=43%, list=46%, signal=23%	CD8A/HLA-DPB1/HLA-G/TAPBP/HLA-DOA/HLA-F/HLA-E/TAP2/HSPA2/NFYC/PSME3/B2M/CIITA/PDIA3/CTSS/HSPA1A/CD4/CD74/HSPA4/NFYB/HLA-DRB1/HSPA1L/CTSB/CALR/NFYA/CREB1/LGMN
methylGSA_methylRRA_GSEA	KEGG	hypermethylated	00310	00310	Lysine degradation	37	0.377764336617719	0.901979567744436	0.746253746253746	1	tags=51%, list=41%, signal=30%	OGDHL/EHMT2/AADAT/DOT1L/NSD1/SETD1B/ALDH7A1/AASS/EHMT1/PLOD2/PLOD1/PIPOX/HADHA/EHHADH/SETD1A/OGDH/SETMAR/ACAT2/DLST
methylGSA_methylRRA_GSEA	KEGG	hypermethylated	00790	00790	Folate biosynthesis	10	0.440647210040829	0.901498800540652	0.666666666666667	1	tags=80%, list=56%, signal=35%	ALPL/GCH1/QDPR/FPGS/PTS/GGH/ALPI/SPR
methylGSA_methylRRA_GSEA	KEGG	hypermethylated	04664	04664	Fc epsilon RI signaling pathway	78	0.358369429262837	0.897414915268633	0.831168831168831	1	tags=49%, list=44%, signal=27%	PRKCB/PIK3CD/VAV2/LYN/PIK3R5/PLA2G5/PRKCE/PIK3R1/PLCG1/AKT1/FYN/MAPK10/PIK3CA/AKT2/MAP2K2/MAPK11/AKT3/PLA2G3/GRB2/GAB2/MAP2K6/NRAS/PLCG2/MAP2K4/RAC1/LAT/PLA2G4A/VAV1/PRKCA/RAC2/MAP2K3/MAPK1/PIK3R2/MAPK3/MAPK14/MAP2K1/HRAS/VAV3
methylGSA_methylRRA_GSEA	KEGG	hypermethylated	00270	00270	Cysteine and methionine metabolism	35	0.377284617198153	0.896589763246198	0.751248751248751	1	tags=46%, list=41%, signal=27%	CDO1/DNMT3A/LDHB/MAT2B/BHMT/IL4I1/LDHAL6A/SMS/MAT1A/SDS/TRDMT1/LDHC/ADI1/TAT/MRI1/MPST
methylGSA_methylRRA_GSEA	KEGG	hypermethylated	05010	05010	Alzheimer disease	146	0.34666416055487	0.891144790035369	0.887112887112887	1	tags=40%, list=41%, signal=24%	COX6B2/GRIN1/GRIN2A/GRIN2C/LPL/LRP1/MME/NOS1/RYR3/SNCA/NDUFS2/CACNA1C/GRIN2D/ATP2A3/GRIN2B/COX4I2/COX7A1/CAPN2/APBB1/CHP2/NDUFA4L2/CALML3/MAPT/ERN1/CDK5R1/ATP2A1/CACNA1D/CAPN1/FADD/PLCB1/IL1B/PPP3CA/NDUFA3/FAS/TNFRSF1A/NDUFS5/ITPR2/CALM3/COX5A/NDUFA11/UQCRB/PLCB3/COX6A2/APOE/ITPR3/BID/CASP8/UQCRC1/ITPR1/BACE2/NDUFS6/NDUFV1/NDUFS7/MAPK1/NDUFS4/NDUFB7/PPP3CC/PLCB2/MAPK3
methylGSA_methylRRA_GSEA	KEGG	hypermethylated	00051	00051	Fructose and mannose metabolism	32	0.374755712062884	0.884381821991299	0.772227772227772	1	tags=50%, list=42%, signal=29%	AKR1B1/GMDS/ALDOC/PFKP/PFKFB3/PHPT1/PFKFB2/PMM2/MPI/HK3/HK1/GMPPA/PFKL/MTMR7/TPI1/KHK
methylGSA_methylRRA_GSEA	KEGG	hypermethylated	00360	00360	Phenylalanine metabolism	17	0.398695277534384	0.88360651913869	0.72462311557789	1	tags=65%, list=46%, signal=35%	ALDH3A1/IL4I1/HPD/AOC3/ALDH1A3/MAOB/AOC2/ALDH3B1/TAT/PRDX6/DDC
methylGSA_methylRRA_GSEA	KEGG	hypermethylated	05016	05016	Huntington disease	160	0.339484979273516	0.87654162293384	0.937062937062937	1	tags=46%, list=46%, signal=25%	BDNF/COX6B2/CREB3L1/CREBBP/GRIN1/GRM1/UCP1/AP2A2/NDUFS2/DLG4/GRIN2B/CREB5/DNAH1/COX4I2/COX7A1/AP2M1/NDUFA4L2/GPX1/PLCB1/DCTN1/PPARG/POLR2A/CREB3L2/BBC3/HIP1/TBPL2/DNALI1/GRM5/TP53/CLTCL1/NDUFA3/NDUFS5/CLTB/COX5A/DNAH2/TAF4/NDUFA11/HAP1/UQCRB/PPARGC1A/PLCB3/COX6A2/AP2A1/RCOR1/HTT/SIN3A/CASP8/AP2S1/UQCRC1/ITPR1/AP2B1/DNAL1/NDUFS6/NDUFV1/NDUFS7/POLR2C/TAF4B/TGM2/NDUFS4/HDAC2/VDAC1/NDUFB7/PLCB2/POLR2L/VDAC2/VDAC3/CLTA/DCTN2/NDUFC2/CLTC/POLR2E/CREB1/COX7C/NDUFA5
methylGSA_methylRRA_GSEA	KEGG	hypermethylated	00350	00350	Tyrosine metabolism	39	0.364772588323148	0.875438988300989	0.803196803196803	1	tags=49%, list=46%, signal=27%	AOX1/ALDH3A1/COMT/TH/IL4I1/HPD/AOC3/ALDH1A3/MAOB/AOC2/TPO/PNMT/ALDH3B1/HEMK1/GSTZ1/TAT/DBH/ADH5/DDC
methylGSA_methylRRA_GSEA	KEGG	hypermethylated	04142	04142	Lysosome biogenesis	118	0.34326550537486	0.873472927350668	0.919080919080919	1	tags=59%, list=52%, signal=28%	IDUA/LAMP3/MAN2B1/NEU1/AP1M2/PPT2/SCARB2/AP3B2/AP3D1/CD63/ATP6V0A1/CTSA/ATP6V0D1/CTSZ/ATP6V0C/HYAL1/NAGLU/IGF2R/GALNS/ACP5/GGA2/PSAP/CLTCL1/CTSS/NAPSA/LIPA/LAMP1/ARSG/TCIRG1/CLTB/ATP6V0A4/GALC/AP3M2/LAPTM4A/CTNS/AP1M1/ENTPD4/CTSK/LAPTM4B/HGSNAT/AP3M1/SUMF1/SGSH/GNPTG/ABCA2/GAA/AP3B1/SLC11A2/ARSB/NPC2/ABCB9/CTSB/CLTA/ASAH1/AP4M1/HEXA/CLTC/LGMN/AP1S1/CLN3/CLN5/ATP6V0A2/MFSD8/ARSA/AP1G1/AP1S2/CTSW/HEXB/SLC11A1/GGA1
methylGSA_methylRRA_GSEA	KEGG	hypermethylated	00603	00603	Glycosphingolipid biosynthesis - globo and isoglobo series	14	0.403710268218595	0.870958429484745	0.734549138804458	1	tags=79%, list=55%, signal=35%	FUT9/GBGT1/ST8SIA1/ST3GAL2/ST3GAL1/A4GALT/FUT2/HEXA/B3GALNT1/HEXB/FUT1
methylGSA_methylRRA_GSEA	KEGG	hypermethylated	04620	04620	Toll-like receptor signaling pathway	85	0.346318694667126	0.870747539065294	0.897102897102897	1	tags=51%, list=46%, signal=28%	CD40/PIK3CD/TOLLIP/PIK3R5/IL12B/PIK3R1/RELA/AKT1/FADD/MAP3K8/MAPK10/PIK3CA/AKT2/MAP2K2/IL1B/MAPK11/AKT3/TLR9/TRAF3/TIRAP/MAP2K6/TRAF6/CTSK/MAP2K4/RAC1/TLR2/FOS/CD14/TICAM1/CASP8/IRF7/IL12A/MAP2K3/IRAK1/RIPK1/MAPK1/PIK3R2/TLR4/MAPK3/MAPK14/MAP2K1/STAT1/MAPK12
methylGSA_methylRRA_GSEA	KEGG	hypermethylated	04114	04114	Oocyte meiosis	110	0.34278056033504	0.869620493522976	0.926073926073926	1	tags=51%, list=46%, signal=28%	ADCY4/ADCY8/CPEB1/STAG3/PPP2R5C/MOS/RPS6KA2/PRKX/CAMK2B/CHP2/CAMK2D/PRKACA/SPDYA/MAD2L2/ADCY5/CALML3/ADCY1/IGF1/PPP1CC/ADCY3/CAMK2G/ADCY9/PPP2R1A/PPP3CA/BUB1/CUL1/IGF1R/YWHAG/ITPR2/CALM3/REC8/CDK2/PGR/PPP2R5D/PPP2R1B/ADCY6/ITPR3/ANAPC7/ANAPC2/PPP1CA/ITPR1/SMC1B/RPS6KA3/PKMYT1/PRKACB/MAPK1/FBXW11/PPP3CC/MAPK3/RPS6KA1/YWHAQ/MAP2K1/BTRC/ADCY2/MAPK12/INS
methylGSA_methylRRA_GSEA	KEGG	hypermethylated	00330	00330	Arginine and proline metabolism	49	0.355385598548465	0.865491212933353	0.847152847152847	1	tags=35%, list=34%, signal=23%	CKM/NOS1/P4HA3/SAT1/CKB/NOS3/ODC1/NAGS/ALDH7A1/ASS1/GAMT/P4HA2/SMS/MAOB/NOS2/ALDH4A1/GLS2
methylGSA_methylRRA_GSEA	KEGG	hypermethylated	00511	00511	Other glycan degradation	15	0.395879588138171	0.860920994256373	0.752774974772957	1	tags=13%, list=4%, signal=13%	MAN2B1/NEU1
methylGSA_methylRRA_GSEA	KEGG	hypermethylated	00640	00640	Propanoate metabolism	31	0.365489967399017	0.85853313976646	0.813186813186813	1	tags=71%, list=53%, signal=33%	LDHB/ACSS3/ACSS1/ABAT/ALDH7A1/LDHAL6A/PCCA/PCCB/ACACB/HADHA/LDHC/EHHADH/ACAT2/ACACA/SUCLA2/ACSS2/ACADM/HIBCH/SUCLG2/ALDH3A2/ACAT1/MCEE
methylGSA_methylRRA_GSEA	KEGG	hypermethylated	00230	00230	Purine metabolism	148	0.332952921049201	0.856304653267495	0.962037962037962	1	tags=49%, list=48%, signal=26%	ADCY4/ADCY8/GDA/NT5E/PDE1C/PDE3A/PDE4B/PDE4C/PDE4D/PKLR/PDE10A/NPR1/POLE2/GUCY2D/AK5/PDE4A/PDE9A/NT5C1A/AMPD2/PDE6B/ADCY5/PDE8B/ENTPD3/ENTPD2/POLD2/NME5/POLR2A/ADCY1/PDE3B/ADCY3/PDE1B/ADCY9/NPR2/ADK/FHIT/PDE2A/GUCY1A2/PAPSS2/POLE/PDE1A/CANT1/POLR3D/ENTPD4/ADCY6/POLR1D/POLR1A/AMPD3/ENTPD1/GUK1/NT5C/DCK/POLR2C/PDE11A/PDE7B/POLR2L/PDE5A/PDE6G/AK1/ENTPD8/POLD1/NT5C1B/POLR2E/ADCY2/PAPSS1/IMPDH1/POLA2/PGM1/POLR3GL/PDE6A/PDE8A/NT5C2/PRPS2/NME3
methylGSA_methylRRA_GSEA	KEGG	hypermethylated	00280	00280	Valine, leucine and isoleucine degradation	42	0.35426209417179	0.855374815264523	0.851148851148851	1	tags=62%, list=53%, signal=29%	AOX1/BCAT1/IL4I1/ACADS/ABAT/ALDH7A1/PCCA/ACAA2/PCCB/OXCT1/HADHA/ACAD8/EHHADH/ACAT2/AUH/IVD/BCAT2/ACADM/HADHB/ACAA1/HIBCH/BCKDHB/ALDH3A2/ACAT1/HADH/MCEE
methylGSA_methylRRA_GSEA	KEGG	hypermethylated	00480	00480	Glutathione metabolism	47	0.351121097833528	0.853100648675911	0.862137862137862	1	tags=62%, list=53%, signal=29%	GPX7/GSTP1/GSTM2/GPX3/GSTA4/OPLAH/ANPEP/ODC1/GPX1/GGT1/SMS/GGT7/GSS/GSTZ1/GSTM5/GSTM3/GSTM4/GPX4/GSTO2/PGD/GSTK1/GGT5/GGT6/RRM2/MGST1/GCLM/GSR/GSTM1/SRM
methylGSA_methylRRA_GSEA	KEGG	hypermethylated	00410	00410	beta-Alanine metabolism	22	0.373794395658717	0.851625027534749	0.803196803196803	1	tags=45%, list=36%, signal=29%	DPYS/GAD1/GAD2/ABAT/ALDH7A1/SMS/AOC3/HADHA/AOC2/EHHADH
methylGSA_methylRRA_GSEA	KEGG	hypermethylated	05131	05131	Shigellosis	59	0.343792149406384	0.847412918289768	0.905094905094905	1	tags=73%, list=56%, signal=32%	ELMO1/CDC42/PFN3/NOD1/ABL1/RELA/MAD2L2/ITGA5/NOD2/ROCK2/MAPK10/ITGB1/DOCK1/MAPK11/ARPC1B/CTTN/ARPC5/CSK/RAC1/DIAPH1/WASF2/MAPK1/FBXW11/MAPK3/ARPC2/RHOG/MAPK14/PFN4/BTRC/ATG5/MAPK12/ACTB/NFKB1/CD44/PFN2/ARPC1A/WASF1/PFN1/HCLS1/VCL/NFKBIB/ARPC4/CRK
methylGSA_methylRRA_GSEA	KEGG	hypermethylated	00600	00600	Sphingolipid metabolism	36	0.351943735503769	0.837517480116895	0.86013986013986	1	tags=44%, list=43%, signal=26%	NEU1/SMPD3/SPHK2/UGT8/B4GALT6/SGPP2/SPHK1/SGMS2/ACER2/GALC/CERK/ACER3/SGMS1/NEU4/SGPP1/ASAH1
methylGSA_methylRRA_GSEA	KEGG	hypermethylated	00450	00450	Selenocompound metabolism	13	0.382414386132285	0.816576688673756	0.81237322515213	1	tags=54%, list=46%, signal=29%	TXNRD1/PAPSS2/SCLY/SEPHS1/TXNRD2/INMT/PAPSS1
methylGSA_methylRRA_GSEA	KEGG	hypermethylated	05150	05150	Staphylococcus aureus infection	48	0.330837655019519	0.804221550591667	0.94005994005994	1	tags=46%, list=53%, signal=22%	HLA-DPB1/ITGAM/C1S/HLA-DOA/ITGAL/CFD/FCAR/CFI/C1R/C3/HLA-DRB1/CFH/C1QA/ICAM1/MBL2/FPR2/PTAFR/C2/SELPLG/HLA-DQB1/ITGB2/DSG1
methylGSA_methylRRA_GSEA	KEGG	hypermethylated	04975	04975	Fat digestion and absorption	42	0.332928699132427	0.803864791638028	0.923076923076923	1	tags=31%, list=39%, signal=19%	MOGAT3/PLA2G5/ABCG5/AGPAT1/APOA1/SCARB1/DGAT1/AGPAT2/PLA2G3/ABCA1/PLA2G4A/DGAT2/ACAT2
methylGSA_methylRRA_GSEA	KEGG	hypermethylated	03440	03440	Homologous recombination	23	0.350643303367073	0.802232397693178	0.862137862137862	1	tags=43%, list=44%, signal=24%	XRCC3/RPA2/POLD2/RAD52/MUS81/BRCA2/RPA1/EME1/RAD50/POLD1
methylGSA_methylRRA_GSEA	KEGG	hypermethylated	05130	05130	Pathogenic Escherichia coli infection	53	0.325060521513804	0.795721517773603	0.952047952047952	1	tags=64%, list=56%, signal=28%	CDC42/ARHGEF2/ABL1/TUBB6/FYN/NCK2/TUBB2B/ROCK2/ITGB1/TUBB2A/ARPC1B/NCK1/CLDN1/CTTN/TUBA1A/ARPC5/TUBB3/CD14/PRKCA/TLR4/CDH1/ARPC2/NCL/YWHAQ/ACTB/TUBB/TUBB8/RHOA/YWHAZ/ARPC1A/HCLS1/TUBA8/EZR/ARPC4
methylGSA_methylRRA_GSEA	KEGG	hypermethylated	00982	00982	Drug metabolism - cytochrome P450	60	0.319562960776099	0.789603387448316	0.959040959040959	1	tags=40%, list=53%, signal=19%	AOX1/GSTP1/ALDH3A1/GSTM2/GSTA4/FMO1/FMO2/ALDH1A3/MAOB/FMO5/CYP2E1/ALDH3B1/GSTZ1/CYP2B6/GSTM5/GSTM3/GSTM4/ADH5/GSTO2/CYP2A7/GSTK1/MGST1/GSTM1/UGT2B4
methylGSA_methylRRA_GSEA	KEGG	hypermethylated	00980	00980	Metabolism of xenobiotics by cytochrome P450	59	0.313366468565731	0.77241668862993	0.971028971028971	1	tags=10%, list=10%, signal=9%	CYP1A1/GSTP1/ALDH3A1/GSTM2/CYP1B1/GSTA4
methylGSA_methylRRA_GSEA	KEGG	hypermethylated	00240	00240	Pyrimidine metabolism	93	0.305341319419326	0.770136791260752	0.996003996003996	1	tags=57%, list=56%, signal=25%	DPYS/NT5E/TXNRD1/UCKL1/POLE2/NT5C1A/CTPS2/TK2/UCK1/ENTPD3/POLD2/NME5/POLR2A/UCK2/POLE/CANT1/POLR3D/ENTPD4/CDA/CAD/POLR1D/DTYMK/POLR1A/ENTPD1/NT5C/DCK/POLR2C/POLR2L/TXNRD2/ENTPD8/POLD1/NT5C1B/POLR2E/CMPK2/POLA2/UPP2/DCTD/POLR3GL/AK3/NT5C2/NME3/NME4/POLR2G/POLR3H/RRM2/DHODH/POLR2J/TYMP/DUT/POLR2D/POLR2B/POLD3/POLR2F
methylGSA_methylRRA_GSEA	KEGG	hypermethylated	03015	03015	mRNA surveillance pathway	74	0.306731951631713	0.766613428190026	0.985014985014985	1	tags=34%, list=37%, signal=22%	PPP2R2B/PPP2R2C/PPP2R5C/PAPOLB/PABPC5/UPF1/SMG6/DAZAP1/PPP2R3A/MSI2/SYMPK/PABPC4L/PPP2R1A/PABPC1L/MSI1/CPSF1/ACIN1/CPSF4/UPF2/MAGOH/SRRM1/PPP2R5D/PPP2R1B/FIP1L1/PPP2R2D
methylGSA_methylRRA_GSEA	KEGG	hypermethylated	00670	00670	One carbon pool by folate	18	0.343523412204851	0.763872476818173	0.89748743718593	1	tags=11%, list=0%, signal=11%	ALDH1L1/ALDH1L2
methylGSA_methylRRA_GSEA	KEGG	hypermethylated	04621	04621	NOD-like receptor signaling pathway	53	0.31180012782385	0.763261160717302	0.971028971028971	1	tags=32%, list=32%, signal=22%	CXCL1/PYCARD/NOD1/TNFAIP3/RELA/NOD2/PSTPIP1/MAPK10/CARD9/IL1B/NLRP3/MAPK11/TRIP6/CXCL2/TRAF6/BIRC2/CCL2
methylGSA_methylRRA_GSEA	KEGG	hypermethylated	04141	04141	Protein processing in endoplasmic reticulum	156	0.291514759954426	0.751303601002438	1	1	tags=60%, list=57%, signal=26%	ATF6B/CRYAB/SEC31B/SIL1/MAN1C1/CAPN2/FBXO2/YOD1/LMAN1L/PDIA4/HSPA2/P4HB/ERN1/CAPN1/DNAJB2/MAPK10/EIF2AK2/UBE2J2/NFE2L2/UBE4B/MBTPS1/CKAP4/TUSC3/PDIA3/EDEM1/UBE2E3/AMFR/UBE2E2/RNF5/CUL1/SEC61A1/HSPA1A/PREB/PDIA6/PPP1R15A/STT3B/BCL2/NPLOC4/UBE2D1/HYOU1/UBQLN2/UBE2E1/DERL3/BAK1/HSPBP1/EIF2AK4/RRBP1/TRAM1/TXNDC5/MAN1A1/HSPA4L/HERPUD1/HSPA1L/MAN1B1/UBE2G1/SEC23A/SAR1A/SSR3/DNAJC10/SEC13/SEC24C/RPN2/STUB1/CALR/RPN1/BAG2/ERP29/UGGT2/EIF2S1/DNAJB12/DNAJC5/GANAB/TRAF2/BCAP31/SYVN1/NGLY1/SEC63/SAR1B/UBE2J1/MAP3K5/ATF6/UGGT1/UBXN6/FBXO6/RBX1/SEL1L/DNAJC1/ATXN3/SEC24D/LMAN2/CANX/HSPA8/HSP90AA1
methylGSA_methylRRA_GSEA	KEGG	hypermethylated	00190	00190	Oxidative phosphorylation	102	0.296180651064329	0.749571025401843	0.997002997002997	1	tags=39%, list=48%, signal=20%	COX6B2/NDUFS2/ATP4A/COX4I2/COX7A1/NDUFA4L2/ATP6V0A1/ATP6V1B2/ATP6V1B1/ATP6V0D1/ATP6V0C/ATP6V0E2/NDUFA3/NDUFS5/TCIRG1/COX5A/ATP6V0A4/NDUFA11/UQCRB/ATP4B/PPA2/COX6A2/ATP6V1C2/ATP6V1G2/LHPP/UQCRC1/NDUFS6/NDUFV1/ATP6V0E1/NDUFS7/ATP6V1C1/NDUFS4/NDUFB7/ATP12A/NDUFC2/COX7C/NDUFA5/COX17/NDUFB6/ATP6V0A2
methylGSA_methylRRA_GSEA	KEGG	hypermethylated	00510	00510	N-Glycan biosynthesis	49	0.306109716476224	0.745486792052892	0.976023976023976	1	tags=33%, list=33%, signal=22%	MGAT5B/ST6GAL2/MGAT1/MAN1C1/MGAT5/MGAT4B/ST6GAL1/MGAT3/B4GALT3/TUSC3/B4GALT2/STT3B/DOLPP1/B4GALT1/ALG13/MAN2A2
methylGSA_methylRRA_GSEA	KEGG	hypermethylated	04120	04120	Ubiquitin mediated proteolysis	130	0.286001345402122	0.730734323142534	1	1	tags=65%, list=60%, signal=26%	UBE2I/WWP2/AIRE/SMURF1/FBXO2/UBA7/UBE2QL1/PML/NEDD4L/KEAP1/FBXW7/CUL7/UBE2J2/UBE2Q1/UBE4B/UBE2O/PIAS1/MGRN1/UBE2E3/CDC34/UBE2E2/CUL1/UBA1/UBE2L3/UBE3B/HERC1/TRAF6/MID1/BIRC2/PIAS3/NHLRC1/UBE2D1/UBE2F/CBL/ANAPC7/PIAS4/ANAPC2/UBE2E1/FBXW8/HUWE1/SOCS1/RHOBTB1/ITCH/UBE4A/FBXW11/RHOBTB2/UBOX5/SOCS3/UBE2G1/NEDD4/CUL4A/STUB1/BTRC/CUL3/UBE3A/TRIP12/SYVN1/FZR1/UBE2J1/CBLC/ANAPC4/UBE2L6/PPIL2/HERC2/UBE2K/SIAH1/KLHL9/PRPF19/HERC3/RBX1/UBE2S/UBE2H/CUL5/UBE2Z/CDC27/DDB2/PIAS2/UBR5/UBE2D2/UBE2C/UBE3C/BRCA1/SMURF2/KLHL13
methylGSA_methylRRA_GSEA	KEGG	hypermethylated	05012	05012	Parkinson disease	100	0.286684264696547	0.724837638606777	0.999000999000999	1	tags=48%, list=56%, signal=21%	COX6B2/SLC6A3/SNCA/SNCAIP/NDUFS2/SLC18A2/UCHL1/COX4I2/COX7A1/UBA7/NDUFA4L2/TH/UBE2J2/NDUFA3/NDUFS5/UBA1/COX5A/UBE2L3/LRRK2/NDUFA11/UQCRB/COX6A2/UQCRC1/NDUFS6/NDUFV1/NDUFS7/PARK7/NDUFS4/VDAC1/NDUFB7/UBE2G1/VDAC2/VDAC3/NDUFC2/COX7C/NDUFA5/NDUFB6/GPR37/UBE2J1/UBE2L6/NDUFS8/NDUFB4/NDUFA10/PINK1/SDHB/APAF1/NDUFB10/NDUFC1
methylGSA_methylRRA_GSEA	KEGG	hypermethylated	04140	04140	Autophagy - animal	23	0.316654209580977	0.724469178086235	0.942057942057942	1	tags=61%, list=57%, signal=26%	ULK1/ATG7/ATG4B/ULK2/ULK3/GABARAP/ATG5/PRKAA1/INS/PRKAA2/GABARAPL2/ATG4C/ATG4D/GABARAPL1
methylGSA_methylRRA_GSEA	KEGG	hypermethylated	00500	00500	Starch and sucrose metabolism	40	0.300783591174076	0.723007054685282	0.975024975024975	1	tags=32%, list=43%, signal=19%	GCK/GBE1/UGDH/GYS1/PYGM/PYGL/HK3/HK1/GANC/UGP2/GAA/UXS1/AGL
methylGSA_methylRRA_GSEA	KEGG	hypermethylated	04622	04622	RIG-I-like receptor signaling pathway	51	0.293635479662409	0.716362243752272	0.986013986013986	1	tags=59%, list=54%, signal=27%	IL12B/TBKBP1/RELA/FADD/MAPK10/RNF125/TRADD/MAPK11/TRAF3/DHX58/TRAF6/CASP8/OTUD5/IRF7/IL12A/MAVS/RIPK1/NLRX1/MAPK14/ATG5/MAPK12/TANK/TRAF2/CYLD/NFKB1/AZI2/IRF3/CASP10/MAP3K7/NFKBIB
methylGSA_methylRRA_GSEA	KEGG	hypermethylated	04110	04110	Cell cycle	117	0.280573526510976	0.713883379969662	1	1	tags=41%, list=45%, signal=23%	CCNA1/CCND2/CREBBP/MAD1L1/TGFB2/MCM7/CDK6/CDKN1C/ABL1/CDKN2A/MAD2L2/CCND3/CDKN1A/SMAD3/ZBTB17/CDC25A/TP53/CDC14B/BUB1/CUL1/YWHAG/RB1/CDK4/TGFB1/CDK2/TFDP1/E2F3/MCM3/CDC6/MCM2/ANAPC7/ANAPC2/CDC25B/GADD45A/SFN/SMC1B/PKMYT1/ATM/E2F5/STAG1/HDAC2/MCM5/YWHAQ/SMAD4/TTK/CDC14A/MYC/CDKN1B
methylGSA_methylRRA_GSEA	KEGG	hypermethylated	00592	00592	alpha-Linolenic acid metabolism	19	0.311848437838366	0.698485891236236	0.937751004016064	1	tags=68%, list=66%, signal=23%	ACOX3/PLA2G5/FADS2/PLA2G3/PLA2G4A/PLB1/JMJD7-PLA2G4B/PLA2G12A/PLA2G12B/PLA2G6/PLA2G4E/ACOX1/PLA2G2F
methylGSA_methylRRA_GSEA	KEGG	hypermethylated	00340	00340	Histidine metabolism	26	0.298255037875664	0.690666170286586	0.966033966033966	1	tags=54%, list=52%, signal=26%	ALDH3A1/AMDHD1/ALDH7A1/ALDH1A3/MAOB/HDC/ALDH3B1/HEMK1/ASPA/HNMT/DDC/CNDP1/TRMT11/ALDH3A2
methylGSA_methylRRA_GSEA	KEGG	hypermethylated	00565	00565	Ether lipid metabolism	31	0.289719954541926	0.680549958719728	0.986013986013986	1	tags=16%, list=17%, signal=13%	ENPP2/PLA2G5/ENPP6/PLA2G7/LPCAT1
methylGSA_methylRRA_GSEA	KEGG	hypermethylated	00030	00030	Pentose phosphate pathway	26	0.292468550109853	0.67726645917663	0.977022977022977	1	tags=46%, list=50%, signal=23%	ALDOC/PFKP/H6PD/PFKL/RPIA/TKT/FBP1/PGM1/DERA/PGD/PRPS2/RBKS
methylGSA_methylRRA_GSEA	KEGG	hypermethylated	00630	00630	Glyoxylate and dicarboxylate metabolism	17	0.305165433573001	0.676321445762883	0.960804020100502	1	tags=71%, list=65%, signal=25%	GRHPR/PCCA/PCCB/ACAT2/GLYCTK/ACO1/ACAT1/MCEE/CS/HYI/MDH1/HAO1
methylGSA_methylRRA_GSEA	KEGG	hypermethylated	04130	04130	SNARE interactions in vesicular transport	34	0.283711527382496	0.67234102468093	0.988011988011988	1	tags=56%, list=58%, signal=23%	SNAP25/STX1B/STX11/VAMP5/STX18/STX1A/SNAP47/STX2/STX16/VTI1A/VAMP1/VAMP2/BET1L/SNAP23/STX5/VTI1B/STX3/STX8/BNIP1
methylGSA_methylRRA_GSEA	KEGG	hypermethylated	04122	04122	Sulfur relay system	10	0.325278931720527	0.665472423529084	0.94238683127572	1	tags=70%, list=60%, signal=28%	MOCS1/MPST/CTU2/CTU1/NFS1/MOCS2/TRMU
methylGSA_methylRRA_GSEA	KEGG	hypermethylated	03030	03030	DNA replication	35	0.273868305735083	0.65082833544388	0.993006993006993	1	tags=60%, list=62%, signal=23%	MCM7/POLE2/RPA2/POLD2/POLE/MCM3/MCM2/RPA1/LIG1/MCM5/POLD1/POLA2/RNASEH2A/RFC1/RNASEH2B/POLD3/RNASEH2C/PRIM1/RPA3/RFC3/PCNA
methylGSA_methylRRA_GSEA	KEGG	hypermethylated	03018	03018	RNA degradation	62	0.262768514569465	0.650176001861312	1	1	tags=77%, list=67%, signal=25%	PABPC5/BTG3/EDC3/PABPC4L/PABPC1L/BTG1/EDC4/ENO3/LSM2/CNOT1/BTG4/DCPS/ENO1/DCP1A/TOB2/EXOSC2/EXOSC7/LSM6/PATL1/CNOT3/LSM7/DDX6/PARN/CNOT6L/CNOT4/PABPC3/PAN2/DHX36/XRN2/DCP1B/CNOT6/ZCCHC7/LSM4/CNOT7/PABPC4/EXOSC6/LSM3/LSM5/HSPA9/HSPD1/CNOT10/EXOSC10/CNOT2/MPHOSPH6/DCP2/BTG2/EXOSC4/PAN3
methylGSA_methylRRA_GSEA	KEGG	hypermethylated	00100	00100	Steroid biosynthesis	16	0.294708589794518	0.648134541676849	0.966800804828974	1	tags=31%, list=35%, signal=20%	LIPA/TM7SF2/CYP27B1/FDFT1/SOAT1
methylGSA_methylRRA_GSEA	KEGG	hypermethylated	00983	00983	Drug metabolism - other enzymes	41	0.268472708871459	0.646942546218466	0.993006993006993	1	tags=44%, list=61%, signal=17%	DPYS/UCKL1/TK2/UCK1/UCK2/CDA/IMPDH1/UPP2/CYP2A7/UGT2B4/TYMP/HPRT1/GUSB/IMPDH2/UGT2A3/GMPS/DPYD/TPMT
methylGSA_methylRRA_GSEA	KEGG	hypermethylated	04146	04146	Peroxisome	77	0.255957460265463	0.640442664230744	1	1	tags=65%, list=66%, signal=22%	ACOX3/ACOX2/PXMP4/ACSL5/DDO/ACSL6/PEX10/ACOT8/PEX14/SCP2/PIPOX/PEX5/NOS2/EPHX2/MVK/BAAT/ABCD2/PAOX/EHHADH/HSD17B4/PRDX5/DECR2/PEX16/SLC25A17/ACSL3/PHYH/PEX19/PRDX1/ABCD4/GSTK1/ACAA1/ACSL1/PEX6/PEX26/DHRS4/PEX11G/PXMP2/CAT/SLC27A2/MPV17L/NUDT19/MLYCD/HAO1/PEX3/XDH/ACOX1/ABCD3/PEX12/PEX1/FAR1
methylGSA_methylRRA_GSEA	KEGG	hypermethylated	00591	00591	Linoleic acid metabolism	28	0.274536598135489	0.639799591234979	0.99000999000999	1	tags=46%, list=66%, signal=16%	ALOX15/PLA2G5/PLA2G3/CYP2E1/PLA2G4A/PLB1/JMJD7-PLA2G4B/PLA2G12A/PLA2G12B/AKR1B10/PLA2G6/PLA2G4E/PLA2G2F
methylGSA_methylRRA_GSEA	KEGG	hypermethylated	00970	00970	Aminoacyl-tRNA biosynthesis	22	0.276482133142573	0.629916090195718	0.985014985014985	1	tags=68%, list=64%, signal=25%	VARS2/CARS2/FARS2/AARS2/LARS2/WARS2/FARSA/IARS2/YARS2/NARS2/MARS2/FARSB/PARS2/MTFMT/SARS2
methylGSA_methylRRA_GSEA	KEGG	hypermethylated	03420	03420	Nucleotide excision repair	42	0.260876331016868	0.629892520598693	0.995004995004995	1	tags=60%, list=62%, signal=23%	POLE2/RPA2/GTF2H4/POLD2/ERCC4/POLE/ERCC1/ERCC6/RPA1/ERCC2/LIG1/CUL4A/POLD1/CCNH/ERCC3/RFC1/XPC/RBX1/POLD3/DDB2/ERCC5/RPA3/RFC3/MNAT1/PCNA
methylGSA_methylRRA_GSEA	KEGG	hypermethylated	03410	03410	Base excision repair	33	0.264697744008427	0.626203276617222	0.996003996003996	1	tags=61%, list=62%, signal=23%	POLE2/MPG/POLD2/NEIL1/POLE/NTHL1/LIG1/PARP3/UNG/POLD1/NEIL3/OGG1/PARP4/POLD3/POLL/TDG/NEIL2/HMGB1/LIG3/PCNA
methylGSA_methylRRA_GSEA	KEGG	hypermethylated	03040	03040	Spliceosome	109	0.246760013450429	0.625771042871908	1	1	tags=66%, list=66%, signal=22%	SNRPF/PUF60/U2AF2/DHX16/PRPF40B/SART1/HSPA2/USP39/SF3A1/ACIN1/PCBP1/HSPA1A/LSM2/CHERP/PRPF8/MAGOH/PPIL1/PPIE/TRA2B/CCDC12/SNRNP200/ZMAT2/DHX38/SF3A3/HSPA1L/LSM6/AQR/SYF2/RBM17/DDX5/SF3B3/LSM7/SF3B2/PRPF6/HNRNPM/XAB2/SF3B4/PRPF31/RBM22/SF3B5/CDC40/PRPF38B/SLU7/SNRNP70/SNRPB2/HNRNPK/BUD31/SNRPB/DDX42/LSM4/SNRPG/PRPF19/SNW1/HSPA8/LSM3/LSM5/TCERG1/DHX15/RBM25/PLRG1/TXNL4A/EFTUD2/SNRNP40/EIF4A3/SF3A2/DDX46/ISY1/CWC15/THOC1/NCBP2/SNRPA/DHX8
methylGSA_methylRRA_GSEA	KEGG	hypermethylated	03008	03008	Ribosome biogenesis in eukaryotes	64	0.250489650381245	0.621145438299185	1	1	tags=75%, list=72%, signal=21%	CSNK2B/REXO1/RPP25/LSG1/RPP30/RBM28/CSNK2A2/TCOF1/RCL1/NAT10/XPO1/NOB1/TBL3/NOP56/POP4/RRP7A/CSNK2A1/HEATR1/NXT1/GNL3/GNL2/UTP14A/NXF1/DKC1/WDR43/XRN2/RPP38/GTPBP4/POP7/EIF6/UTP18/RIOK2/REXO2/MDN1/FBL/MPHOSPH10/NHP2/NOP10/WDR75/IMP4/NVL/GNL3L/IMP3/RAN/TAF9/UTP14C/NOL6/BMS1
methylGSA_methylRRA_GSEA	KEGG	hypermethylated	03430	03430	Mismatch repair	22	0.268357410772631	0.611405334035714	0.988011988011988	1	tags=64%, list=62%, signal=24%	RPA2/MLH1/POLD2/RPA1/LIG1/POLD1/MLH3/RFC1/POLD3/MSH3/MSH6/RPA3/RFC3/PCNA
methylGSA_methylRRA_GSEA	KEGG	hypermethylated	03013	03013	Nucleocytoplasmic transport	136	0.237652432050745	0.608471032197777	1	1	tags=68%, list=70%, signal=20%	EEF1A2/POM121L2/UBE2I/PABPC5/UPF1/EIF4G1/RPP25/EIF3B/EIF3D/NUP210/PABPC4L/EIF1B/PABPC1L/EIF3G/RPP30/NUP62/ACIN1/EIF2B3/SNUPN/SUMO3/EIF2B5/UPF2/MAGOH/XPO1/GEMIN5/SRRM1/RPP14/GEMIN4/NUP133/PHAX/EIF3E/RPP21/ELAC1/POP4/RAE1/EIF4G3/SEC13/THOC5/EIF2S1/EIF4EBP1/NUP93/TRNT1/NUP155/NXT1/SUMO1/EIF3I/EIF4A1/NXF1/PABPC3/EIF4E1B/GEMIN8/EIF2S2/NUP85/ELAC2/UPF3A/RPP38/RNPS1/POP7/THOC7/EIF5/PABPC4/NUP50/EIF2B4/SEH1L/STRAP/EIF2B1/TACC3/PRMT5/CASC3/EIF3F/EIF4A3/AAAS/EIF3A/SENP2/RANGAP1/THOC1/NCBP2/DDX20/NUP210L/NUP98/UPF3B/PAIP1/EIF2B2/EIF5B/TPR/KPNB1/NUP37/NUP107/SUMO2/GEMIN6/EIF4E2/NCBP1
methylGSA_methylRRA_GSEA	KEGG	hypermethylated	03022	03022	Basal transcription factors	35	0.244331110187278	0.580635314165056	0.998001998001998	1	tags=74%, list=72%, signal=21%	GTF2H4/GTF2IRD1/TAF7L/TBPL2/GTF2I/TAF7/TAF4/GTF2F2/TAF4B/TAF6/GTF2A1/TAF12/TAF10/GTF2E2/TBPL1/TAF6L/GTF2A1L/GTF2B/TAF5L/GTF2F1/GTF2A2/TAF5/GTF2E1/TAF13/TAF9B/TAF9
methylGSA_methylRRA_GSEA	KEGG	hypermethylated	00563	00563	Glycosylphosphatidylinositol (GPI)-anchor biosynthesis	25	0.248917904095339	0.573605429751113	0.995004995004995	1	tags=76%, list=71%, signal=22%	PIGV/PIGG/PIGQ/PIGY/PIGX/PIGZ/PIGN/PIGS/PIGK/PIGO/PIGM/PIGP/PIGA/PIGL/PIGB/PIGT/PIGH/DPM2/PGAP1
methylGSA_methylRRA_GSEA	KEGG	hypermethylated	00020	00020	Citrate cycle (TCA cycle)	30	0.242570296916666	0.567322690988706	0.998001998001998	1	tags=73%, list=71%, signal=21%	OGDHL/PC/IDH3G/OGDH/PCK2/DLST/SUCLA2/PDHB/ACLY/ACO1/SUCLG2/SDHB/SUCLG1/CS/DLAT/MDH1/SDHD/FH/SDHA/IDH3B/IDH3A/IDH1
methylGSA_methylRRA_GSEA	KEGG	hypermethylated	04623	04623	Cytosolic DNA-sensing pathway	40	0.232355310799885	0.558522917577252	1	1	tags=68%, list=71%, signal=20%	PYCARD/RELA/ADAR/IL1B/TREX1/POLR3D/POLR1D/IRF7/MAVS/RIPK1/POLR3GL/CCL5/NFKB1/POLR3H/IRF3/NFKBIB/RIPK3/IL6/IKBKE/CASP1/POLR1C/CXCL10/IKBKB/POLR3C/POLR3A/TBK1/NFKBIA
methylGSA_methylRRA_GSEA	KEGG	hypermethylated	00040	00040	Pentose and glucuronate interconversions	23	0.243434011721423	0.556949609554942	0.999000999000999	1	tags=13%, list=23%, signal=10%	AKR1B1/UGDH/CRYL1
methylGSA_methylRRA_GSEA	KEGG	hypermethylated	03050	03050	Proteasome	43	0.229183811033877	0.553590408054587	1	1	tags=67%, list=71%, signal=20%	PSME3/PSMA8/PSMD4/PSMB8/POMP/PSMA1/PSMD1/PSMC5/PSMD6/PSMA7/PSMD14/PSMB5/PSMA4/PSMB9/PSMC4/PSMD7/PSMD11/PSMB1/PSME4/PSMD13/PSME1/PSMD2/PSMC3/PSMB10/PSMB7/PSMA5/PSMB6/PSMF1/PSMD3
methylGSA_methylRRA_GSEA	KEGG	hypermethylated	03020	03020	RNA polymerase	26	0.238803250386806	0.552994268165225	0.998001998001998	1	tags=54%, list=56%, signal=24%	POLR2A/POLR3D/POLR1D/POLR1A/POLR2C/POLR2L/POLR2E/POLR3GL/POLR2G/POLR3H/POLR2J/POLR2D/POLR2B/POLR2F
methylGSA_methylRRA_GSEA	KEGG	hypermethylated	03010	03010	Ribosome	84	0.204347080662952	0.513713629929368	1	1	tags=51%, list=72%, signal=14%	RPL22/RPL31/RPL15/RPLP1/RPL37/RPL3/RPL8/RPS7/RPS20/RPL5/RPS23/RPL26L1/RPS24/RPS5/RPS16/RPL18/RPLP2/RPL3L/RPL10/RPS11/RPL22L1/RPSA/RPS4X/RPS3/RPL32/RPL27/RPL36/RPL13/RPS15/RPL37A/RPL34/RPL27A/RPL36AL/UBA52/RPL26/RPL9/RPL7/RPS3A/RPS27L/RPS9/RPL41/RPL29/RPL21
