sample_barcode	sample_class	sample_group_label	sample_type	PC1	PC2
TCGA-A1-A0SK-01A	tumor	Basal	Primary Tumor	3.969768108429879	-2.196306471620141
TCGA-A1-A0SO-01A	tumor	Basal	Primary Tumor	3.4081515290304907	1.4022148691124692
TCGA-A1-A0SP-01A	tumor	Basal	Primary Tumor	3.2685644069136743	-0.6694960758271831
TCGA-A2-A0ST-01A	tumor	Basal	Primary Tumor	5.30420971328811	-0.8089890175808804
TCGA-A2-A0SX-01A	tumor	Basal	Primary Tumor	4.953069025403234	-1.417193096144917
TCGA-A2-A0T0-01A	tumor	Basal	Primary Tumor	3.13218204359029	-3.6555982037473966
TCGA-A2-A0T2-01A	tumor	Basal	Primary Tumor	1.9821801404872605	-2.770171953156974
TCGA-A2-A0YE-01A	tumor	Basal	Primary Tumor	1.521349055956367	-4.617831222230078
TCGA-A2-A0YJ-01A	tumor	Basal	Primary Tumor	1.7281259639849862	-6.345303323339249
TCGA-A2-A0YM-01A	tumor	Basal	Primary Tumor	4.840694001954186	1.5276696007567727
TCGA-A2-A1G1-01A	tumor	Basal	Primary Tumor	2.5548167266859014	-1.3207550423513523
TCGA-A2-A25F-01A	tumor	Basal	Primary Tumor	5.718645765386318	0.16928511175969174
TCGA-A2-A3XS-01A	tumor	Basal	Primary Tumor	3.342801912157342	0.33563096077823207
TCGA-A2-A3XT-01A	tumor	Basal	Primary Tumor	3.3504086661178034	-1.8019222645673525
TCGA-A2-A3XU-01A	tumor	Basal	Primary Tumor	3.053906487361787	-3.672781505854003
TCGA-A2-A3XX-01A	tumor	Basal	Primary Tumor	4.230894920630474	-0.47081569470826673
TCGA-A2-A3XY-01A	tumor	Basal	Primary Tumor	4.489239796929719	-1.4430477707544431
TCGA-A2-A3Y0-01A	tumor	Basal	Primary Tumor	3.3651332570765473	-3.930224814506055
TCGA-A2-A4RX-01A	tumor	Basal	Primary Tumor	4.642952579918066	-0.6061077651148191
TCGA-A2-A4S1-01A	tumor	Basal	Primary Tumor	1.9807779781871455	-3.477473498085415
TCGA-A7-A13D-01A	tumor	Basal	Primary Tumor	3.5475608424079836	-0.6637366102841554
TCGA-A7-A13E-01A	tumor	Basal	Primary Tumor	1.7042937471041715	-1.195696492316147
TCGA-A7-A26F-01A	tumor	Basal	Primary Tumor	1.8729876665719771	0.45171687982476516
TCGA-A7-A26F-01B	tumor	Basal	Primary Tumor	2.003318390454372	1.3447212068705952
TCGA-A7-A26G-01A	tumor	Basal	Primary Tumor	3.9717578369733983	-2.788424312077761
TCGA-A7-A26I-01A	tumor	Basal	Primary Tumor	4.336218725400138	-2.474838318341726
TCGA-A7-A4SD-01A	tumor	Basal	Primary Tumor	1.7431853357198352	-7.109888243601972
TCGA-A7-A4SE-01A	tumor	Basal	Primary Tumor	3.4824885669572683	-1.8325987299021351
TCGA-A7-A5ZV-01A	tumor	Basal	Primary Tumor	3.0064856560424125	3.736104496008855
TCGA-A7-A6VV-01A	tumor	Basal	Primary Tumor	3.759876190648132	-2.6410787395983393
TCGA-A7-A6VW-01A	tumor	Basal	Primary Tumor	2.61907409330391	1.4749894846672964
TCGA-A7-A6VY-01A	tumor	Basal	Primary Tumor	2.688223988024605	-1.1218715208658332
TCGA-AC-A2BK-01A	tumor	Basal	Primary Tumor	1.6678244634817554	-2.6894280210047596
TCGA-AC-A2QH-01A	tumor	Basal	Primary Tumor	1.929545237236086	-2.2379504653104165
TCGA-AC-A2QH-01B	tumor	Basal	Primary Tumor	0.9671486557788994	-3.4956643366727738
TCGA-AC-A2QJ-01A	tumor	Basal	Primary Tumor	3.069469740263426	-4.277949909372799
TCGA-AC-A62X-01A	tumor	Basal	Primary Tumor	3.4771824105447964	1.6150971881016147
TCGA-AC-A6IW-01A	tumor	Basal	Primary Tumor	4.4170738531243146	-1.0763439105984176
TCGA-AC-A7VC-01A	tumor	Basal	Primary Tumor	2.5159461760074313	-4.120900894910203
TCGA-AC-A8OQ-01A	tumor	Basal	Primary Tumor	3.2102903597598993	-5.340476735816794
TCGA-AN-A0XU-01A	tumor	Basal	Primary Tumor	4.464643909439257	-0.7996970312505752
TCGA-AO-A0JL-01A	tumor	Basal	Primary Tumor	1.664442209248161	-1.9088211452501276
TCGA-AO-A124-01A	tumor	Basal	Primary Tumor	0.7610833563092824	-9.704824914971455
TCGA-AO-A128-01A	tumor	Basal	Primary Tumor	4.0621604499614055	-0.795510579304002
TCGA-AO-A129-01A	tumor	Basal	Primary Tumor	4.228149596217226	-2.234865267244645
TCGA-AO-A1KR-01A	tumor	Basal	Primary Tumor	2.548176931218325	0.38296734631126
TCGA-AQ-A54N-01A	tumor	Basal	Primary Tumor	4.049754226415625	-1.5136089276612783
TCGA-AR-A0TP-01A	tumor	Basal	Primary Tumor	3.5458648225890044	0.9619858337165045
TCGA-AR-A0TU-01A	tumor	Basal	Primary Tumor	4.501000576254433	1.1869795102216725
TCGA-AR-A0U0-01A	tumor	Basal	Primary Tumor	3.171740446210501	-0.6618574284429232
TCGA-AR-A0U4-01A	tumor	Basal	Primary Tumor	5.444715809341219	0.5382745881182557
TCGA-AR-A1AI-01A	tumor	Basal	Primary Tumor	3.325295626437768	-4.275819071563935
TCGA-AR-A1AJ-01A	tumor	Basal	Primary Tumor	5.4055477489854455	0.15473802386867175
TCGA-AR-A1AQ-01A	tumor	Basal	Primary Tumor	4.8841105264761335	0.06652071295652714
TCGA-AR-A1AR-01A	tumor	Basal	Primary Tumor	4.624359032192123	-0.3812148330961312
TCGA-AR-A1AY-01A	tumor	Basal	Primary Tumor	4.996746654055357	2.239544721278409
TCGA-AR-A24Q-01A	tumor	Basal	Primary Tumor	3.831575667324847	-2.3337118771879917
TCGA-AR-A251-01A	tumor	Basal	Primary Tumor	3.2362563137436013	-3.076155834803897
TCGA-AR-A256-01A	tumor	Basal	Primary Tumor	1.6993293105030756	-5.434293578741483
TCGA-AR-A2LR-01A	tumor	Basal	Primary Tumor	4.630815876108457	-0.4571150552607117
TCGA-AR-A5QQ-01A	tumor	Basal	Primary Tumor	3.6992295942012534	-0.5279606347491765
TCGA-B6-A0I1-01A	tumor	Basal	Primary Tumor	3.005477837158841	-4.582294753742893
TCGA-B6-A0RE-01A	tumor	Basal	Primary Tumor	3.374853748792176	-0.9529861475267006
TCGA-B6-A0RT-01A	tumor	Basal	Primary Tumor	6.0945136873567884	0.9050159349699753
TCGA-B6-A0RU-01A	tumor	Basal	Primary Tumor	4.170426341028807	-0.23187083471298295
TCGA-B6-A0WX-01A	tumor	Basal	Primary Tumor	3.469457666373929	0.6218087308680849
TCGA-B6-A0X1-01A	tumor	Basal	Primary Tumor	4.01227174498913	-1.5950533529140747
TCGA-B6-A1KF-01A	tumor	Basal	Primary Tumor	2.1437077504529363	-0.1483760527277006
TCGA-B6-A3ZX-01A	tumor	Basal	Primary Tumor	5.8980602224653165	-0.12945788219798554
TCGA-B6-A400-01A	tumor	Basal	Primary Tumor	4.0010378934049715	-2.8220097725314095
TCGA-B6-A402-01A	tumor	Basal	Primary Tumor	4.312922540459426	-2.7041486482839807
TCGA-B6-A409-01A	tumor	Basal	Primary Tumor	3.1463441501960396	-2.450548686417971
TCGA-BH-A0B3-01A	tumor	Basal	Primary Tumor	3.2772669948090583	-1.9929416538696156
TCGA-BH-A0B9-01A	tumor	Basal	Primary Tumor	5.27709186357104	-1.8984651618762767
TCGA-BH-A0E0-01A	tumor	Basal	Primary Tumor	2.811272942153378	-1.9874099746075216
TCGA-BH-A0RX-01A	tumor	Basal	Primary Tumor	4.831501052690629	-1.1234278443480707
TCGA-BH-A0WA-01A	tumor	Basal	Primary Tumor	3.2886929638080207	-3.050914761931654
TCGA-BH-A1F0-01A	tumor	Basal	Primary Tumor	4.574449063469914	-2.0763554759401828
TCGA-BH-A1F6-01A	tumor	Basal	Primary Tumor	4.120307765459857	1.7551588145503996
TCGA-BH-A1FC-01A	tumor	Basal	Primary Tumor	3.9390737730072845	2.2566956693797344
TCGA-BH-A5IZ-01A	tumor	Basal	Primary Tumor	3.0261672638665345	-1.4072616227634458
TCGA-C8-A1HJ-01A	tumor	Basal	Primary Tumor	3.612068568820904	-3.174715476997505
TCGA-C8-A27B-01A	tumor	Basal	Primary Tumor	3.727244546391329	-1.7984992251611018
TCGA-D8-A1JK-01A	tumor	Basal	Primary Tumor	-1.3494387384316038	-5.855421853916258
TCGA-D8-A1JL-01A	tumor	Basal	Primary Tumor	4.984424429491565	-0.9664549042675036
TCGA-D8-A1JM-01A	tumor	Basal	Primary Tumor	3.9977594933293377	4.055649991275399
TCGA-D8-A1XK-01A	tumor	Basal	Primary Tumor	6.06058914145995	0.31674778153431943
TCGA-D8-A1XQ-01A	tumor	Basal	Primary Tumor	1.1811227865347267	-3.908161660727542
TCGA-D8-A27F-01A	tumor	Basal	Primary Tumor	4.06959159395621	-3.5422706360914846
TCGA-D8-A27H-01A	tumor	Basal	Primary Tumor	3.107590088949203	-0.777478855166014
TCGA-D8-A27M-01A	tumor	Basal	Primary Tumor	3.409630044073726	-2.4140151987235434
TCGA-E2-A14N-01A	tumor	Basal	Primary Tumor	5.114699887939715	-0.3067092163511912
TCGA-E2-A1AZ-01A	tumor	Basal	Primary Tumor	4.319219370653024	-1.4538897451721755
TCGA-E2-A1B6-01A	tumor	Basal	Primary Tumor	5.475438620669616	-1.3622145409430961
TCGA-E2-A1II-01A	tumor	Basal	Primary Tumor	4.039338219793053	-1.2005062501349038
TCGA-E2-A1LG-01A	tumor	Basal	Primary Tumor	2.068573862031156	-6.640557230296412
TCGA-E2-A1LH-01A	tumor	Basal	Primary Tumor	4.500511353934021	-0.47802554646786066
TCGA-E2-A1LI-01A	tumor	Basal	Primary Tumor	4.0050558559947	-2.463401013199841
TCGA-E2-A1LK-01A	tumor	Basal	Primary Tumor	2.4984442245349	2.1887478488159604
TCGA-E2-A1LL-01A	tumor	Basal	Primary Tumor	-0.21865505985732034	-3.901337882729189
TCGA-E2-A1LS-01A	tumor	Basal	Primary Tumor	1.8806285365399147	-2.2462962750331115
TCGA-E2-A573-01A	tumor	Basal	Primary Tumor	4.918617865052737	-1.3869051325668535
TCGA-E2-A574-01A	tumor	Basal	Primary Tumor	1.171679968721233	-4.661825935087331
TCGA-E9-A1N8-01A	tumor	Basal	Primary Tumor	5.032025698053379	-2.487970409184458
TCGA-E9-A1N9-01A	tumor	Basal	Primary Tumor	1.1351741698382782	1.5928503987446938
TCGA-E9-A1NC-01A	tumor	Basal	Primary Tumor	3.92690055588771	-3.236232105099784
TCGA-E9-A1ND-01A	tumor	Basal	Primary Tumor	3.2069600252979593	-0.5412472092514604
TCGA-E9-A22G-01A	tumor	Basal	Primary Tumor	2.55060931668722	-3.4933723393938827
TCGA-E9-A243-01A	tumor	Basal	Primary Tumor	4.369905290473095	-1.9579752639226655
TCGA-E9-A244-01A	tumor	Basal	Primary Tumor	3.02697021770876	-2.8507183565993355
TCGA-E9-A3QA-01A	tumor	Basal	Primary Tumor	5.109013957213491	-1.481659428073035
TCGA-E9-A5FL-01A	tumor	Basal	Primary Tumor	3.994465631340611	-1.9047494951673651
TCGA-EW-A1OW-01A	tumor	Basal	Primary Tumor	2.4039093977211925	-5.850348289843162
TCGA-EW-A1P4-01A	tumor	Basal	Primary Tumor	4.165799054100327	-1.812132789487074
TCGA-EW-A1P8-01A	tumor	Basal	Primary Tumor	4.918070675182382	-2.305304194290994
TCGA-EW-A1PB-01A	tumor	Basal	Primary Tumor	4.28763785918563	0.07178472275643992
TCGA-EW-A1PH-01A	tumor	Basal	Primary Tumor	1.907053357209471	-6.331281130235733
TCGA-EW-A3U0-01A	tumor	Basal	Primary Tumor	3.9899927031473235	-3.45181370618152
TCGA-EW-A6SB-01A	tumor	Basal	Primary Tumor	3.608676744837584	-2.2524668575486695
TCGA-GI-A2C9-01A	tumor	Basal	Primary Tumor	2.911131151533879	-1.5120050750753524
TCGA-GM-A2DF-01A	tumor	Basal	Primary Tumor	3.3885359406481452	-0.844592233385362
TCGA-GM-A3XL-01A	tumor	Basal	Primary Tumor	4.492325918667707	1.459387109326794
TCGA-HN-A2NL-01A	tumor	Basal	Primary Tumor	3.358755175232971	1.6727517462485673
TCGA-LL-A5YP-01A	tumor	Basal	Primary Tumor	4.3728137244081475	-2.8162120793647407
TCGA-LL-A6FR-01A	tumor	Basal	Primary Tumor	3.526015979757809	-3.921462632108714
TCGA-LL-A73Y-01A	tumor	Basal	Primary Tumor	5.0407128669232595	-1.9115398348953412
TCGA-LL-A8F5-01A	tumor	Basal	Primary Tumor	2.5965466842695704	-0.2500583773763172
TCGA-OL-A5D7-01A	tumor	Basal	Primary Tumor	3.686869127083271	2.1090943760044105
TCGA-OL-A5RW-01A	tumor	Basal	Primary Tumor	4.8193546089682915	-0.10936613553449825
TCGA-OL-A5S0-01A	tumor	Basal	Primary Tumor	5.287083806522422	-0.48180394660303427
TCGA-OL-A66I-01A	tumor	Basal	Primary Tumor	5.3180711589207705	1.9159691052063748
TCGA-OL-A6VO-01A	tumor	Basal	Primary Tumor	3.419608509528602	-2.288982376999686
TCGA-PL-A8LV-01A	tumor	Basal	Primary Tumor	3.1854517100430844	-1.872970345946639
TCGA-PL-A8LZ-01A	tumor	Basal	Primary Tumor	4.782012892525305	-0.9042592980505553
TCGA-S3-AA0Z-01A	tumor	Basal	Primary Tumor	4.0767052064558085	0.461614270140575
TCGA-S3-AA10-01A	tumor	Basal	Primary Tumor	3.956478156885815	-3.3504247495775603
TCGA-S3-AA15-01A	tumor	Basal	Primary Tumor	4.336521162966422	-2.5913709544560777
TCGA-3C-AAAU-01A	normal	non_basal	Primary Tumor	-3.158740189876612	-2.311399718487076
TCGA-3C-AALI-01A	normal	non_basal	Primary Tumor	-1.7132041988502202	-1.0729899130407452
TCGA-3C-AALJ-01A	normal	non_basal	Primary Tumor	-1.7610280880202507	1.6916312916194791
TCGA-3C-AALK-01A	normal	non_basal	Primary Tumor	-0.5055107195093907	2.5943385488391
TCGA-4H-AAAK-01A	normal	non_basal	Primary Tumor	-0.5597408685521823	-0.011215151132593438
TCGA-5L-AAT0-01A	normal	non_basal	Primary Tumor	-0.10521971834258424	-0.7718538065598414
TCGA-5L-AAT1-01A	normal	non_basal	Primary Tumor	0.5564682198312144	0.44099783137914794
TCGA-5T-A9QA-01A	normal	non_basal	Primary Tumor	-1.2738753435793517	7.942707640003013
TCGA-A1-A0SB-01A	normal	non_basal	Primary Tumor	4.826494511720357	-3.0990579545319035
TCGA-A1-A0SE-01A	normal	non_basal	Primary Tumor	-0.8546901798323665	0.0939305106587137
TCGA-A1-A0SF-01A	normal	non_basal	Primary Tumor	-0.8785703145255623	-1.2095802636003754
TCGA-A1-A0SG-01A	normal	non_basal	Primary Tumor	-2.5258635487994057	-3.534433970473791
TCGA-A1-A0SH-01A	normal	non_basal	Primary Tumor	0.7586000957050761	0.1729683592424487
TCGA-A1-A0SI-01A	normal	non_basal	Primary Tumor	-1.405422805919237	-2.623173990110819
TCGA-A1-A0SJ-01A	normal	non_basal	Primary Tumor	-0.5825993503747657	2.5520077655662368
TCGA-A1-A0SN-01A	normal	non_basal	Primary Tumor	-0.3598892802050913	3.845702967674965
TCGA-A1-A0SQ-01A	normal	non_basal	Primary Tumor	-5.184779719445696	-3.9084532268374645
TCGA-A2-A04R-01A	normal	non_basal	Primary Tumor	-6.949219139037901	-1.7455293397396876
TCGA-A2-A0CK-01A	normal	non_basal	Primary Tumor	-0.9686389838902737	1.4554826938448393
TCGA-A2-A0CO-01A	normal	non_basal	Primary Tumor	-1.6168161933765444	-0.635054125633051
TCGA-A2-A0CR-01A	normal	non_basal	Primary Tumor	2.661999655785489	0.8150872560752301
TCGA-A2-A0CT-01A	normal	non_basal	Primary Tumor	-3.364783987633391	5.998788826594294
TCGA-A2-A0EN-01A	normal	non_basal	Primary Tumor	1.5873132300665536	0.817431406520164
TCGA-A2-A0EP-01A	normal	non_basal	Primary Tumor	5.252049870604891	0.48778582324580966
TCGA-A2-A0EU-01A	normal	non_basal	Primary Tumor	-3.0831173380101324	-1.9477017916206132
TCGA-A2-A0SU-01A	normal	non_basal	Primary Tumor	1.8777664072865583	-0.8025108397406653
TCGA-A2-A0SV-01A	normal	non_basal	Primary Tumor	-1.3501403147673152	0.18308188298147623
TCGA-A2-A0SW-01A	normal	non_basal	Primary Tumor	-2.483963685232481	-3.53351998106178
TCGA-A2-A0SY-01A	normal	non_basal	Primary Tumor	-0.7741195164338697	4.058913230233036
TCGA-A2-A0T1-01A	normal	non_basal	Primary Tumor	2.351949959608639	-1.546366294214202
TCGA-A2-A0T4-01A	normal	non_basal	Primary Tumor	1.4922185383433997	3.7086398765126023
TCGA-A2-A0T5-01A	normal	non_basal	Primary Tumor	0.3035864771379563	1.5461458283612979
TCGA-A2-A0T6-01A	normal	non_basal	Primary Tumor	0.4145453099014722	3.817089106634398
TCGA-A2-A0T7-01A	normal	non_basal	Primary Tumor	1.1346669437991939	0.4690530242316098
TCGA-A2-A0YC-01A	normal	non_basal	Primary Tumor	-3.0939248559631127	0.9450918246817447
TCGA-A2-A0YD-01A	normal	non_basal	Primary Tumor	0.6887775076006171	2.257538716654276
TCGA-A2-A0YF-01A	normal	non_basal	Primary Tumor	-4.262598174992992	-1.7091166782419032
TCGA-A2-A0YG-01A	normal	non_basal	Primary Tumor	-0.9740855219035159	4.437454563712547
TCGA-A2-A0YH-01A	normal	non_basal	Primary Tumor	-0.9476620665617068	-4.862921801567183
TCGA-A2-A0YI-01A	normal	non_basal	Primary Tumor	0.9576631466795019	1.8465160255201862
TCGA-A2-A0YK-01A	normal	non_basal	Primary Tumor	1.9527367390010826	1.049479467763929
TCGA-A2-A0YL-01A	normal	non_basal	Primary Tumor	0.9015286869840552	-0.6592949725662466
TCGA-A2-A0YT-01A	normal	non_basal	Primary Tumor	-4.9267093762193275	-2.720888549777385
TCGA-A2-A1FV-01A	normal	non_basal	Primary Tumor	-7.246139126439754	0.4591654748503611
TCGA-A2-A1FW-01A	normal	non_basal	Primary Tumor	-4.959857212675769	0.2552285201667098
TCGA-A2-A1FX-01A	normal	non_basal	Primary Tumor	-4.086929267105995	-1.6459278128150692
TCGA-A2-A1FZ-01A	normal	non_basal	Primary Tumor	1.2127432779079268	2.13541311912019
TCGA-A2-A1G0-01A	normal	non_basal	Primary Tumor	-0.47157801756134893	-2.295835822554894
TCGA-A2-A1G4-01A	normal	non_basal	Primary Tumor	-1.4513120637159194	3.1145013499638377
TCGA-A2-A1G6-01A	normal	non_basal	Primary Tumor	4.328868560450083	-0.048815521162395174
TCGA-A2-A259-01A	normal	non_basal	Primary Tumor	2.0993598261042283	0.6107584236628749
TCGA-A2-A25A-01A	normal	non_basal	Primary Tumor	1.1737745676838711	1.5668177528073697
TCGA-A2-A25B-01A	normal	non_basal	Primary Tumor	-4.429336896983719	-2.037621074819135
TCGA-A2-A25C-01A	normal	non_basal	Primary Tumor	0.43296018409979586	1.8158232344855398
TCGA-A2-A25D-01A	normal	non_basal	Primary Tumor	-0.3381584443591145	-0.649705482569984
TCGA-A2-A25E-01A	normal	non_basal	Primary Tumor	-3.1338529186597683	-0.965015978966675
TCGA-A2-A3KC-01A	normal	non_basal	Primary Tumor	0.5961538221550696	2.1667501984279856
TCGA-A2-A3KD-01A	normal	non_basal	Primary Tumor	1.1207365353611596	0.6525485449530796
TCGA-A2-A3XV-01A	normal	non_basal	Primary Tumor	-0.03562560148174374	2.793841919798274
TCGA-A2-A3XW-01A	normal	non_basal	Primary Tumor	3.7708255149597143	0.06513287657507323
TCGA-A2-A3XZ-01A	normal	non_basal	Primary Tumor	4.219239554842141	0.4463865224648391
TCGA-A2-A4RW-01A	normal	non_basal	Primary Tumor	1.9074193853274573	2.903591539531498
TCGA-A2-A4RY-01A	normal	non_basal	Primary Tumor	3.1755356824319474	0.7424324519491159
TCGA-A2-A4S0-01A	normal	non_basal	Primary Tumor	0.30436114065944686	-1.2903618072327363
TCGA-A2-A4S2-01A	normal	non_basal	Primary Tumor	-0.3232433972880238	1.3138993516468063
TCGA-A2-A4S3-01A	normal	non_basal	Primary Tumor	0.6631532791097631	-2.6896566046021313
TCGA-A7-A0D9-01A	normal	non_basal	Primary Tumor	-1.5345783025295583	2.848605078021152
TCGA-A7-A0DC-01B	normal	non_basal	Primary Tumor	-2.769202985032475	-2.425815224072495
TCGA-A7-A13F-01A	normal	non_basal	Primary Tumor	-4.377505312540865	1.6753752665176072
TCGA-A7-A13G-01A	normal	non_basal	Primary Tumor	-0.683634660883901	1.1554957115620743
TCGA-A7-A13G-01B	normal	non_basal	Primary Tumor	0.8293398002236355	1.645704929028284
TCGA-A7-A13H-01A	normal	non_basal	Primary Tumor	1.04777257468103	0.18650578477429877
TCGA-A7-A26E-01A	normal	non_basal	Primary Tumor	-0.9857335719164266	3.49876082097341
TCGA-A7-A26E-01B	normal	non_basal	Primary Tumor	-0.5895627708149387	3.5047617344827255
TCGA-A7-A26H-01A	normal	non_basal	Primary Tumor	-2.0495917698368387	0.5778386453070405
TCGA-A7-A26J-01A	normal	non_basal	Primary Tumor	-3.5335866022696787	1.3629080121609831
TCGA-A7-A26J-01B	normal	non_basal	Primary Tumor	-0.7058296691323548	1.5612289086190714
TCGA-A7-A2KD-01A	normal	non_basal	Primary Tumor	-2.338890953744748	-3.3249854496343496
TCGA-A7-A3IY-01A	normal	non_basal	Primary Tumor	3.6351198434431486	-1.449239112647516
TCGA-A7-A3IZ-01A	normal	non_basal	Primary Tumor	-6.012900024607586	-0.6764652838350549
TCGA-A7-A3J0-01A	normal	non_basal	Primary Tumor	-0.5679268883826353	-3.4229244484305337
TCGA-A7-A3J1-01A	normal	non_basal	Primary Tumor	0.4345471383855371	1.147307746456191
TCGA-A7-A3RF-01A	normal	non_basal	Primary Tumor	-3.860923407375764	-4.002687362947367
TCGA-A7-A425-01A	normal	non_basal	Primary Tumor	-1.042569876145755	-1.5573725312679745
TCGA-A7-A426-01A	normal	non_basal	Primary Tumor	-0.13433929149709076	0.2961605958142346
TCGA-A7-A4SA-01A	normal	non_basal	Primary Tumor	0.9025867134896188	-2.122976063029144
TCGA-A7-A4SB-01A	normal	non_basal	Primary Tumor	-3.0265399685187404	-3.62356327204632
TCGA-A7-A4SC-01A	normal	non_basal	Primary Tumor	1.4088130229585505	2.737586715610555
TCGA-A7-A4SF-01A	normal	non_basal	Primary Tumor	-5.7117478494308545	-7.971076000573649
TCGA-A7-A56D-01A	normal	non_basal	Primary Tumor	-1.5544643310263178	1.140147935919599
TCGA-A7-A5ZW-01A	normal	non_basal	Primary Tumor	2.400313041976402	1.6072989665194983
TCGA-A7-A5ZX-01A	normal	non_basal	Primary Tumor	1.4412178101943405	1.8490723443685322
TCGA-A7-A6VX-01A	normal	non_basal	Primary Tumor	-2.953969169428535	-0.20178513975766998
TCGA-A8-A075-01A	normal	non_basal	Primary Tumor	-0.6114427845555713	-5.143196568738112
TCGA-A8-A08O-01A	normal	non_basal	Primary Tumor	-2.682328428362856	-1.6074910861037983
TCGA-A8-A0A6-01A	normal	non_basal	Primary Tumor	1.0955247898109997	3.433120620987629
TCGA-A8-A0AD-01A	normal	non_basal	Primary Tumor	-4.261307566058016	-5.560265251586014
TCGA-AC-A23C-01A	normal	non_basal	Primary Tumor	0.26774928049848745	0.987563910954784
TCGA-AC-A23E-01A	normal	non_basal	Primary Tumor	-1.8736142872887747	0.1928190208937751
TCGA-AC-A23G-01A	normal	non_basal	Primary Tumor	1.8245974141669627	0.3003417623252925
TCGA-AC-A23H-01A	normal	non_basal	Primary Tumor	-2.7781786691065573	3.3564539546129217
TCGA-AC-A2B8-01A	normal	non_basal	Primary Tumor	-0.4673468857536666	-0.062070638638950806
TCGA-AC-A2BM-01A	normal	non_basal	Primary Tumor	-2.097262795876906	1.2173685075120337
TCGA-AC-A2FB-01A	normal	non_basal	Primary Tumor	3.2893067474247872	1.1440363895198404
TCGA-AC-A2FE-01A	normal	non_basal	Primary Tumor	2.287139566631681	3.028976721925338
TCGA-AC-A2FF-01A	normal	non_basal	Primary Tumor	3.4505177584933304	-0.008412527426563624
TCGA-AC-A2FG-01A	normal	non_basal	Primary Tumor	-0.862179065388059	-1.1847935542964991
TCGA-AC-A2FK-01A	normal	non_basal	Primary Tumor	4.754184825273976	-0.17741763982631434
TCGA-AC-A2FM-01A	normal	non_basal	Primary Tumor	-1.8767209138530867	7.349876263222399
TCGA-AC-A2FO-01A	normal	non_basal	Primary Tumor	0.17491441790936044	-0.6905424657261092
TCGA-AC-A2QI-01A	normal	non_basal	Primary Tumor	-2.595200944802856	-5.232589849476407
TCGA-AC-A3BB-01A	normal	non_basal	Primary Tumor	1.0925734413541783	0.4099849432524972
TCGA-AC-A3EH-01A	normal	non_basal	Primary Tumor	-3.4677880470879847	1.7101984162045514
TCGA-AC-A3HN-01A	normal	non_basal	Primary Tumor	1.5290609000263382	1.3981089888933613
TCGA-AC-A3OD-01A	normal	non_basal	Primary Tumor	2.37351173557599	3.9055898801492543
TCGA-AC-A3OD-01B	normal	non_basal	Primary Tumor	2.427407960369528	4.2924114603275685
TCGA-AC-A3QP-01A	normal	non_basal	Primary Tumor	1.340348855795768	-0.40657731849529244
TCGA-AC-A3QQ-01A	normal	non_basal	Primary Tumor	-4.066600438577583	-1.8656813311109792
TCGA-AC-A3TM-01A	normal	non_basal	Primary Tumor	-0.38970383911662465	1.4251214019293037
TCGA-AC-A3TN-01A	normal	non_basal	Primary Tumor	-2.750711020576099	2.9406749269078327
TCGA-AC-A3W5-01A	normal	non_basal	Primary Tumor	-0.26379582894005926	1.002455887060848
TCGA-AC-A3W6-01A	normal	non_basal	Primary Tumor	1.6544235654297546	0.24628405685212962
TCGA-AC-A3W7-01A	normal	non_basal	Primary Tumor	0.10810848522925834	2.0034972997196667
TCGA-AC-A3YI-01A	normal	non_basal	Primary Tumor	3.668359373067958	1.1926570026093708
TCGA-AC-A3YJ-01A	normal	non_basal	Primary Tumor	-1.028219418905988	0.9950478915062004
TCGA-AC-A4ZE-01A	normal	non_basal	Primary Tumor	-4.86839514922276	2.5633705123522446
TCGA-AC-A5EH-01A	normal	non_basal	Primary Tumor	-1.0411526817993415	-0.3413906959683537
TCGA-AC-A5XS-01A	normal	non_basal	Primary Tumor	0.0010187832002680056	-0.8452841262505257
TCGA-AC-A5XU-01A	normal	non_basal	Primary Tumor	-3.9856196742904193	1.3394147679840824
TCGA-AC-A62Y-01A	normal	non_basal	Primary Tumor	0.6977537446001407	0.056243764999380705
TCGA-AC-A6IV-01A	normal	non_basal	Primary Tumor	1.9458874680518827	-0.11221032160207302
TCGA-AC-A6IX-01A	normal	non_basal	Primary Tumor	1.5041834711214024	2.778165468170482
TCGA-AC-A6NO-01A	normal	non_basal	Primary Tumor	-2.7014699218557396	-2.1098207799049153
TCGA-AC-A7VB-01A	normal	non_basal	Primary Tumor	-6.6539912437581785	5.151670724572887
TCGA-AC-A8OP-01A	normal	non_basal	Primary Tumor	-2.516699596870897	2.0387894684392283
TCGA-AC-A8OR-01A	normal	non_basal	Primary Tumor	0.6484340948015543	-0.3735922666685942
TCGA-AC-A8OS-01A	normal	non_basal	Primary Tumor	-0.46329682630411606	-0.6153555146963375
TCGA-AN-A0XL-01A	normal	non_basal	Primary Tumor	-2.40001831138927	-4.720455373343989
TCGA-AN-A0XN-01A	normal	non_basal	Primary Tumor	0.728964428006419	5.315432526999479
TCGA-AN-A0XO-01A	normal	non_basal	Primary Tumor	-2.3880065072854753	0.6227623594941727
TCGA-AN-A0XP-01A	normal	non_basal	Primary Tumor	-2.8724384296875423	-0.9765823243307368
TCGA-AN-A0XR-01A	normal	non_basal	Primary Tumor	-4.117763308516682	3.144788122028073
TCGA-AN-A0XS-01A	normal	non_basal	Primary Tumor	-1.005819592852814	-0.4527672507224153
TCGA-AN-A0XT-01A	normal	non_basal	Primary Tumor	-2.416935939011007	-6.059286251542934
TCGA-AN-A0XV-01A	normal	non_basal	Primary Tumor	-0.6996733494574249	2.782420594819176
TCGA-AN-A0XW-01A	normal	non_basal	Primary Tumor	0.964697779352316	-0.22609274702783114
TCGA-AO-A03L-01A	normal	non_basal	Primary Tumor	-2.3958299271872145	-0.020066084447838594
TCGA-AO-A03M-01B	normal	non_basal	Primary Tumor	1.3547699799662336	-0.32177788358016596
TCGA-AO-A03N-01B	normal	non_basal	Primary Tumor	-2.4860117537725395	-1.7131231124874726
TCGA-AO-A03U-01B	normal	non_basal	Primary Tumor	4.960184633013718	-0.7065457090629458
TCGA-AO-A0JA-01A	normal	non_basal	Primary Tumor	-1.4913314271221547	2.4898227287523462
TCGA-AO-A0JB-01A	normal	non_basal	Primary Tumor	-2.9454910853142113	-5.514850070460217
TCGA-AO-A0JC-01A	normal	non_basal	Primary Tumor	5.0146923350250425	0.18145879172399706
TCGA-AO-A0JD-01A	normal	non_basal	Primary Tumor	-2.0853217857823156	-3.261746347462349
TCGA-AO-A0JE-01A	normal	non_basal	Primary Tumor	-0.605450909216147	-0.39294572493560503
TCGA-AO-A0JF-01A	normal	non_basal	Primary Tumor	1.3041782201477239	-0.22266904545499464
TCGA-AO-A0JG-01A	normal	non_basal	Primary Tumor	-0.6531706787323941	1.4588490786596826
TCGA-AO-A0JI-01A	normal	non_basal	Primary Tumor	-1.0616939855349605	9.204210135562498
TCGA-AO-A0JJ-01A	normal	non_basal	Primary Tumor	-0.14136867672783765	1.0158492752715342
TCGA-AO-A0JM-01A	normal	non_basal	Primary Tumor	-2.9800666523042003	0.6435975711030621
TCGA-AO-A125-01A	normal	non_basal	Primary Tumor	-5.3539122603166645	1.3634821066095377
TCGA-AO-A126-01A	normal	non_basal	Primary Tumor	-1.097223669422868	3.2375724116197113
TCGA-AO-A12B-01A	normal	non_basal	Primary Tumor	-3.0309242689593785	-0.0030691947083485126
TCGA-AO-A12C-01A	normal	non_basal	Primary Tumor	-2.301525448947808	3.5826686290708167
TCGA-AO-A12E-01A	normal	non_basal	Primary Tumor	-1.5429145285810903	3.7060796188248197
TCGA-AO-A12G-01A	normal	non_basal	Primary Tumor	-1.7921605777623066	2.7296190858649965
TCGA-AO-A1KO-01A	normal	non_basal	Primary Tumor	4.680145201908913	-0.7157371652713459
TCGA-AO-A1KP-01A	normal	non_basal	Primary Tumor	-4.45281969671455	2.6373068515639555
TCGA-AO-A1KS-01A	normal	non_basal	Primary Tumor	-1.1501098430780468	1.9473752324474833
TCGA-AO-A1KT-01A	normal	non_basal	Primary Tumor	-3.925941992678306	-3.632116552726173
TCGA-AQ-A04H-01B	normal	non_basal	Primary Tumor	-5.802781158604388	2.4966426324643907
TCGA-AQ-A04L-01B	normal	non_basal	Primary Tumor	-3.1297637888992003	0.5107791889442616
TCGA-AQ-A0Y5-01A	normal	non_basal	Primary Tumor	-0.3796284443320934	0.941143011181731
TCGA-AQ-A1H2-01A	normal	non_basal	Primary Tumor	-6.335758128398474	-4.107657514360111
TCGA-AQ-A1H3-01A	normal	non_basal	Primary Tumor	0.09721927273781274	2.5901341072711133
TCGA-AQ-A7U7-01A	normal	non_basal	Primary Tumor	2.37417090034203	1.7281063592109036
TCGA-AR-A0TQ-01A	normal	non_basal	Primary Tumor	-0.03367750179111692	2.715625059495933
TCGA-AR-A0TR-01A	normal	non_basal	Primary Tumor	-2.629017581403329	0.5290019718729948
TCGA-AR-A0TT-01A	normal	non_basal	Primary Tumor	0.938136929716437	-0.789870947953231
TCGA-AR-A0TV-01A	normal	non_basal	Primary Tumor	-2.893613153859862	0.44264188027675705
TCGA-AR-A0TW-01A	normal	non_basal	Primary Tumor	-1.8581912851657099	0.3646211883656666
TCGA-AR-A0TX-01A	normal	non_basal	Primary Tumor	2.1254164037725216	0.5102568405404153
TCGA-AR-A0TZ-01A	normal	non_basal	Primary Tumor	-3.023139119092672	7.119673886542507
TCGA-AR-A0U2-01A	normal	non_basal	Primary Tumor	-3.1355000167040035	-2.8729926448687504
TCGA-AR-A0U3-01A	normal	non_basal	Primary Tumor	-4.5206218884886	3.240682160561682
TCGA-AR-A1AK-01A	normal	non_basal	Primary Tumor	0.6743294087763343	1.8991553501578002
TCGA-AR-A1AL-01A	normal	non_basal	Primary Tumor	-0.03156419896556135	-0.9773995314181851
TCGA-AR-A1AM-01A	normal	non_basal	Primary Tumor	0.4152403382553595	-2.0323263257828112
TCGA-AR-A1AN-01A	normal	non_basal	Primary Tumor	0.4775448726679642	-1.529604994825602
TCGA-AR-A1AO-01A	normal	non_basal	Primary Tumor	4.933920919617847	-0.8853467543396345
TCGA-AR-A1AP-01A	normal	non_basal	Primary Tumor	-0.7182912861463492	3.865598586224909
TCGA-AR-A1AS-01A	normal	non_basal	Primary Tumor	-4.424546079710645	-1.522665501177674
TCGA-AR-A1AT-01A	normal	non_basal	Primary Tumor	1.5115788011460454	2.4549293600831796
TCGA-AR-A1AU-01A	normal	non_basal	Primary Tumor	0.6542652398476716	0.22288560808475513
TCGA-AR-A1AW-01A	normal	non_basal	Primary Tumor	3.4591452065056663	2.3687403759181076
TCGA-AR-A1AX-01A	normal	non_basal	Primary Tumor	3.7833739643282316	0.06449875513259076
TCGA-AR-A24H-01A	normal	non_basal	Primary Tumor	-4.475748370229107	-0.7050629604560561
TCGA-AR-A24K-01A	normal	non_basal	Primary Tumor	-2.0537795025229046	2.233121968230508
TCGA-AR-A24L-01A	normal	non_basal	Primary Tumor	-0.7912729161680013	-1.2449761343788703
TCGA-AR-A24M-01A	normal	non_basal	Primary Tumor	-1.4716125298214315	1.2711151577582882
TCGA-AR-A24N-01A	normal	non_basal	Primary Tumor	-2.4383473565662284	4.188809104195383
TCGA-AR-A24O-01A	normal	non_basal	Primary Tumor	1.1048116638070575	-0.7574200761503027
TCGA-AR-A24P-01A	normal	non_basal	Primary Tumor	0.49445224758618356	2.8719920360908024
TCGA-AR-A24R-01A	normal	non_basal	Primary Tumor	-1.8021989466184865	3.3120702972329
TCGA-AR-A24S-01A	normal	non_basal	Primary Tumor	-1.3355972327048669	-5.650643656870045
TCGA-AR-A24T-01A	normal	non_basal	Primary Tumor	0.8864512131969274	4.668435227414631
TCGA-AR-A24U-01A	normal	non_basal	Primary Tumor	2.6501914064625502	-1.5176052364522103
TCGA-AR-A24V-01A	normal	non_basal	Primary Tumor	-3.6452339729335868	-3.5300445722938916
TCGA-AR-A24W-01A	normal	non_basal	Primary Tumor	2.2639961583114974	0.048890070833137615
TCGA-AR-A24X-01A	normal	non_basal	Primary Tumor	-0.4314541832471957	3.4694866659351375
TCGA-AR-A24Z-01A	normal	non_basal	Primary Tumor	-5.729985740670142	-2.3982975244422593
TCGA-AR-A250-01A	normal	non_basal	Primary Tumor	-2.27915819450176	2.578721080789559
TCGA-AR-A252-01A	normal	non_basal	Primary Tumor	3.227583578400339	0.1606595279946581
TCGA-AR-A254-01A	normal	non_basal	Primary Tumor	1.761865878270463	2.191251346788941
TCGA-AR-A255-01A	normal	non_basal	Primary Tumor	-2.090290530387204	1.0015238611374317
TCGA-AR-A2LE-01A	normal	non_basal	Primary Tumor	-2.7505907129554408	-1.7280372587974255
TCGA-AR-A2LH-01A	normal	non_basal	Primary Tumor	3.883917939572508	-0.11057435896009142
TCGA-AR-A2LJ-01A	normal	non_basal	Primary Tumor	2.614472498076934	0.9859736215460811
TCGA-AR-A2LK-01A	normal	non_basal	Primary Tumor	-3.8386986126471534	-0.15593609679851128
TCGA-AR-A2LL-01A	normal	non_basal	Primary Tumor	-1.1429956002936719	2.4743752481258805
TCGA-AR-A2LM-01A	normal	non_basal	Primary Tumor	0.1458634073205214	0.49022133639486265
TCGA-AR-A2LN-01A	normal	non_basal	Primary Tumor	0.5297191987132959	-0.23575320841934783
TCGA-AR-A2LO-01A	normal	non_basal	Primary Tumor	2.4153619710383265	0.9644363041327761
TCGA-AR-A2LQ-01A	normal	non_basal	Primary Tumor	3.751830568086988	0.5181053058555375
TCGA-AR-A5QM-01A	normal	non_basal	Primary Tumor	0.050586858338918565	2.609002670470906
TCGA-AR-A5QN-01A	normal	non_basal	Primary Tumor	0.6228825664543245	4.850540883383038
TCGA-AR-A5QP-01A	normal	non_basal	Primary Tumor	2.030332951109592	2.2547171583438814
TCGA-B6-A0IK-01A	normal	non_basal	Primary Tumor	1.5383093547784774	2.2690938050482554
TCGA-B6-A0RG-01A	normal	non_basal	Primary Tumor	-7.172816904191092	-7.019719079538803
TCGA-B6-A0RI-01A	normal	non_basal	Primary Tumor	-3.212888639799534	-2.668345712940077
TCGA-B6-A0RL-01A	normal	non_basal	Primary Tumor	-3.763912475783855	7.094672166643188
TCGA-B6-A0RM-01A	normal	non_basal	Primary Tumor	-1.8654170765447935	0.32089998098904093
TCGA-B6-A0RN-01A	normal	non_basal	Primary Tumor	-4.0419443828982	1.6229041804409337
TCGA-B6-A0RO-01A	normal	non_basal	Primary Tumor	-1.0994381211105049	1.7658095609253164
TCGA-B6-A0RP-01A	normal	non_basal	Primary Tumor	-3.221443336374449	-1.7817732686170416
TCGA-B6-A0RS-01A	normal	non_basal	Primary Tumor	0.5865781957842379	-2.60251388797978
TCGA-B6-A0RV-01A	normal	non_basal	Primary Tumor	1.5857156491196884	2.705144255483012
TCGA-B6-A0WT-01A	normal	non_basal	Primary Tumor	-3.051571495284214	-2.0248879876857093
TCGA-B6-A0WV-01A	normal	non_basal	Primary Tumor	-4.440705359811576	-0.037788989365065286
TCGA-B6-A0WW-01A	normal	non_basal	Primary Tumor	-3.59619327130678	1.689142886898517
TCGA-B6-A0WY-01A	normal	non_basal	Primary Tumor	1.5405590167580394	1.0835871169991305
TCGA-B6-A0WZ-01A	normal	non_basal	Primary Tumor	-1.8056224804440721	1.5992633185241718
TCGA-B6-A0X4-01A	normal	non_basal	Primary Tumor	-1.979392125441011	-1.0212526730704423
TCGA-B6-A0X5-01A	normal	non_basal	Primary Tumor	-7.401600587438914	-11.106704947589087
TCGA-B6-A0X7-01A	normal	non_basal	Primary Tumor	-0.5406661733071495	1.5161001818100464
TCGA-B6-A1KC-01A	normal	non_basal	Primary Tumor	-3.0650122403025413	0.8143112450489048
TCGA-B6-A1KC-01B	normal	non_basal	Primary Tumor	-3.840722208991392	1.2110635539361612
TCGA-B6-A1KI-01A	normal	non_basal	Primary Tumor	-0.4971074137412223	-0.6425990306264706
TCGA-B6-A1KN-01A	normal	non_basal	Primary Tumor	-2.6334625515586514	0.6220771610598178
TCGA-B6-A2IU-01A	normal	non_basal	Primary Tumor	-3.411983731282041	-1.5047060688408331
TCGA-B6-A401-01A	normal	non_basal	Primary Tumor	1.0929683184952907	0.5566259257188765
TCGA-B6-A408-01A	normal	non_basal	Primary Tumor	-2.6903412451091895	-1.5670855407564805
TCGA-B6-A40B-01A	normal	non_basal	Primary Tumor	-1.8279206090964797	2.1635932921208947
TCGA-B6-A40C-01A	normal	non_basal	Primary Tumor	-2.280946516108225	1.7009657101115687
TCGA-BH-A0AU-01A	normal	non_basal	Primary Tumor	-0.31760687646111646	1.2439174296411302
TCGA-BH-A0AW-01A	normal	non_basal	Primary Tumor	-0.12654239258429292	0.5609844873731213
TCGA-BH-A0AZ-01A	normal	non_basal	Primary Tumor	-0.4900478654935724	-1.3773795391239163
TCGA-BH-A0B2-01A	normal	non_basal	Primary Tumor	1.3062610177392942	1.2260778497616802
TCGA-BH-A0B5-01A	normal	non_basal	Primary Tumor	-2.7328308278934053	1.6390479434307947
TCGA-BH-A0B6-01A	normal	non_basal	Primary Tumor	1.2052388983567994	0.43664214885429836
TCGA-BH-A0B8-01A	normal	non_basal	Primary Tumor	-5.144402624782699	1.862342265327775
TCGA-BH-A0BA-01A	normal	non_basal	Primary Tumor	-2.6399134465403975	0.4758672520461349
TCGA-BH-A0BC-01A	normal	non_basal	Primary Tumor	0.10505279196987151	0.6972916950323824
TCGA-BH-A0BF-01A	normal	non_basal	Primary Tumor	0.6604524414620314	-0.3444767110262128
TCGA-BH-A0BJ-01A	normal	non_basal	Primary Tumor	1.5824494879361277	0.2672125629636338
TCGA-BH-A0BM-01A	normal	non_basal	Primary Tumor	0.18704287530790273	0.6821552837510245
TCGA-BH-A0BS-01A	normal	non_basal	Primary Tumor	-3.057826458576423	-1.9488132329335848
TCGA-BH-A0BT-01A	normal	non_basal	Primary Tumor	-3.3439120078494637	-2.750196063592788
TCGA-BH-A0BZ-01A	normal	non_basal	Primary Tumor	-1.7103181198568878	2.2955754402112434
TCGA-BH-A0C0-01A	normal	non_basal	Primary Tumor	2.2924531031740423	1.291207048445418
TCGA-BH-A0C3-01A	normal	non_basal	Primary Tumor	1.3764496405333397	-0.4429259903679099
TCGA-BH-A0DG-01A	normal	non_basal	Primary Tumor	1.5311201501174314	1.4147939908005498
TCGA-BH-A0DH-01A	normal	non_basal	Primary Tumor	-5.138503410829473	0.0895615247947048
TCGA-BH-A0DI-01A	normal	non_basal	Primary Tumor	2.3822143448764317	2.3708457291460046
TCGA-BH-A0DK-01A	normal	non_basal	Primary Tumor	-0.39969487030032164	3.568430061275602
TCGA-BH-A0DP-01A	normal	non_basal	Primary Tumor	-0.5922487054937603	2.0393989260659557
TCGA-BH-A0DQ-01A	normal	non_basal	Primary Tumor	-3.40732064760306	-3.9626517575320523
TCGA-BH-A0DS-01A	normal	non_basal	Primary Tumor	-2.0591100672404083	3.7576885172601697
TCGA-BH-A0DV-01A	normal	non_basal	Primary Tumor	2.0168594799567763	0.24454914678585452
TCGA-BH-A0E1-01A	normal	non_basal	Primary Tumor	0.32104826962899574	1.654361044443388
TCGA-BH-A0E2-01A	normal	non_basal	Primary Tumor	-0.9438105298073433	2.8472156269042066
TCGA-BH-A0GY-01A	normal	non_basal	Primary Tumor	-1.0265192470611817	-1.8352594730503138
TCGA-BH-A0GZ-01A	normal	non_basal	Primary Tumor	-0.36903013016047076	3.5725453585926297
TCGA-BH-A0H0-01A	normal	non_basal	Primary Tumor	-3.6309531221314857	-0.003610698349210952
TCGA-BH-A0H3-01A	normal	non_basal	Primary Tumor	0.9094343462485307	1.3956940334213934
TCGA-BH-A0H6-01A	normal	non_basal	Primary Tumor	-1.848724513404519	-1.7938834625449394
TCGA-BH-A0H7-01A	normal	non_basal	Primary Tumor	-4.109425683660294	-0.6416465325073486
TCGA-BH-A0H9-01A	normal	non_basal	Primary Tumor	-1.2488698366505355	-6.179731827565248
TCGA-BH-A0HA-01A	normal	non_basal	Primary Tumor	-0.7785856244928161	3.012649312035825
TCGA-BH-A0HB-01A	normal	non_basal	Primary Tumor	-1.7048757843161468	1.0496814098549023
TCGA-BH-A0HF-01A	normal	non_basal	Primary Tumor	-0.10778438227362137	-0.5279543331113353
TCGA-BH-A0HI-01A	normal	non_basal	Primary Tumor	-0.3798168693172874	1.3466018524860754
TCGA-BH-A0HK-01A	normal	non_basal	Primary Tumor	-3.418732680306328	2.764729927365515
TCGA-BH-A0HN-01A	normal	non_basal	Primary Tumor	-4.127010199080729	1.0427128186743007
TCGA-BH-A0HP-01A	normal	non_basal	Primary Tumor	0.09777541075315767	1.759503772267754
TCGA-BH-A0HX-01A	normal	non_basal	Primary Tumor	-2.44245011488124	0.446555117658102
TCGA-BH-A0HY-01A	normal	non_basal	Primary Tumor	-2.467788544964347	4.324927290736817
TCGA-BH-A0W3-01A	normal	non_basal	Primary Tumor	-3.7963534445416878	0.078673747679778
TCGA-BH-A0W4-01A	normal	non_basal	Primary Tumor	-0.9674992769127125	-0.12489557573320875
TCGA-BH-A0W5-01A	normal	non_basal	Primary Tumor	1.9935566112857803	-0.14005031345957222
TCGA-BH-A1EN-01A	normal	non_basal	Primary Tumor	-2.0957154998831466	4.0275548459661366
TCGA-BH-A1EO-01A	normal	non_basal	Primary Tumor	-1.4371217344275118	1.853874308325453
TCGA-BH-A1ES-01A	normal	non_basal	Primary Tumor	-0.5137787605766255	3.9740985677574177
TCGA-BH-A1ET-01A	normal	non_basal	Primary Tumor	-2.826466026951809	-1.3757765444347894
TCGA-BH-A1EU-01A	normal	non_basal	Primary Tumor	1.9325909313471845	0.650419145367839
TCGA-BH-A1EV-01A	normal	non_basal	Primary Tumor	-0.37309547623476896	2.5548224985025567
TCGA-BH-A1EW-01A	normal	non_basal	Primary Tumor	0.7419116399871984	2.4122572542147176
TCGA-BH-A1EX-01A	normal	non_basal	Primary Tumor	-1.7908699365606313	-2.3541614995214024
TCGA-BH-A1EY-01A	normal	non_basal	Primary Tumor	1.1567171298645977	1.2081717549580597
TCGA-BH-A1F2-01A	normal	non_basal	Primary Tumor	-2.865669564981636	-2.320507252089386
TCGA-BH-A1F5-01A	normal	non_basal	Primary Tumor	-2.547616569452482	0.1374545620841268
TCGA-BH-A1F8-01A	normal	non_basal	Primary Tumor	-2.3872373496957735	0.8239026563938029
TCGA-BH-A1FB-01A	normal	non_basal	Primary Tumor	3.509052203214799	-0.165862697926996
TCGA-BH-A1FD-01A	normal	non_basal	Primary Tumor	-1.4284951051711279	4.301073265228334
TCGA-BH-A1FE-01A	normal	non_basal	Primary Tumor	1.5893462629208328	-0.1027274056452932
TCGA-BH-A1FG-01A	normal	non_basal	Primary Tumor	-0.7069277823472314	1.3523745248868249
TCGA-BH-A1FH-01A	normal	non_basal	Primary Tumor	3.484024029990536	0.1713883337379328
TCGA-BH-A1FJ-01A	normal	non_basal	Primary Tumor	-5.754659609723603	1.1215924805037065
TCGA-BH-A1FL-01A	normal	non_basal	Primary Tumor	-3.6727451688526833	0.5746828016284582
TCGA-BH-A1FM-01A	normal	non_basal	Primary Tumor	-4.1906865330959855	-2.5416396819641176
TCGA-BH-A1FN-01A	normal	non_basal	Primary Tumor	-0.9699646603399947	-4.059776027820126
TCGA-BH-A1FR-01A	normal	non_basal	Primary Tumor	-0.09897926543848283	-1.2279787745590556
TCGA-BH-A1FU-01A	normal	non_basal	Primary Tumor	3.7767681876958896	0.08262302530990094
TCGA-BH-A201-01A	normal	non_basal	Primary Tumor	0.9617867917922798	0.03248954025650532
TCGA-BH-A202-01A	normal	non_basal	Primary Tumor	1.4040747771252926	2.350771423250443
TCGA-BH-A203-01A	normal	non_basal	Primary Tumor	2.5118693346721477	3.8762217061745265
TCGA-BH-A204-01A	normal	non_basal	Primary Tumor	-7.39173776514458	-1.0571580325506438
TCGA-BH-A208-01A	normal	non_basal	Primary Tumor	1.8522936375886754	-5.16611172744239
TCGA-BH-A209-01A	normal	non_basal	Primary Tumor	2.852706563602631	0.030326147046658685
TCGA-BH-A28O-01A	normal	non_basal	Primary Tumor	3.842338202864903	0.09849325232950286
TCGA-BH-A28Q-01A	normal	non_basal	Primary Tumor	-0.9672003854338919	2.9499087402689828
TCGA-BH-A2L8-01A	normal	non_basal	Primary Tumor	2.5395442382263598	0.5894679203497336
TCGA-BH-A42T-01A	normal	non_basal	Primary Tumor	-1.2225836653852744	4.701232410325432
TCGA-BH-A42U-01A	normal	non_basal	Primary Tumor	3.671059563717447	0.3086559002133794
TCGA-BH-A42V-01A	normal	non_basal	Primary Tumor	1.0159945760930766	1.1482042801226333
TCGA-BH-A5J0-01A	normal	non_basal	Primary Tumor	-2.87364367483988	-3.2980516477473043
TCGA-BH-A6R8-01A	normal	non_basal	Primary Tumor	-4.815196147427712	-2.231575715214591
TCGA-BH-A6R9-01A	normal	non_basal	Primary Tumor	3.9764013398801	-0.19772535247453654
TCGA-BH-A8FY-01A	normal	non_basal	Primary Tumor	-6.430877376057802	0.3663176288299816
TCGA-BH-A8FZ-01A	normal	non_basal	Primary Tumor	2.590606626972811	0.9882237492363062
TCGA-BH-A8G0-01A	normal	non_basal	Primary Tumor	2.7627924348901476	0.5864657478009861
TCGA-BH-AB28-01A	normal	non_basal	Primary Tumor	-0.3246252323812563	3.2054027525486277
TCGA-C8-A1HE-01A	normal	non_basal	Primary Tumor	-0.8627115584350314	4.344965716865969
TCGA-C8-A1HF-01A	normal	non_basal	Primary Tumor	0.6708560065988842	1.3685161623476667
TCGA-C8-A1HG-01A	normal	non_basal	Primary Tumor	-1.0054667407296214	-4.074546994605295
TCGA-C8-A1HI-01A	normal	non_basal	Primary Tumor	0.6363215874074699	0.06398367338559437
TCGA-C8-A1HK-01A	normal	non_basal	Primary Tumor	-2.3616661619866903	-1.8740362676209033
TCGA-C8-A1HL-01A	normal	non_basal	Primary Tumor	-5.001323152478673	-3.720242931289886
TCGA-C8-A1HM-01A	normal	non_basal	Primary Tumor	-2.6685034935020417	-1.2612141455332042
TCGA-C8-A1HN-01A	normal	non_basal	Primary Tumor	-3.2508622104655096	-2.2356919683560497
TCGA-C8-A1HO-01A	normal	non_basal	Primary Tumor	-2.5054152115010933	5.10838492961615
TCGA-C8-A26V-01A	normal	non_basal	Primary Tumor	-2.0425180584011424	2.3151763580288796
TCGA-C8-A26W-01A	normal	non_basal	Primary Tumor	-1.7387367572032302	-3.9104025889800926
TCGA-C8-A26X-01A	normal	non_basal	Primary Tumor	1.5293692883182728	1.1441951562634312
TCGA-C8-A26Y-01A	normal	non_basal	Primary Tumor	1.2475088419034626	0.06161060889274502
TCGA-C8-A26Z-01A	normal	non_basal	Primary Tumor	-5.258973203671203	-2.178465799073343
TCGA-C8-A273-01A	normal	non_basal	Primary Tumor	-2.441253330378483	1.5560363475150718
TCGA-C8-A274-01A	normal	non_basal	Primary Tumor	-2.0851419227170744	5.641410570740535
TCGA-C8-A275-01A	normal	non_basal	Primary Tumor	1.6139626437083203	3.1910615038288532
TCGA-C8-A278-01A	normal	non_basal	Primary Tumor	1.5324353683255152	0.8036770623195366
TCGA-C8-A27A-01A	normal	non_basal	Primary Tumor	-4.113946663190052	-1.0322153695490195
TCGA-C8-A3M7-01A	normal	non_basal	Primary Tumor	1.6291340658697868	1.2653648556154815
TCGA-C8-A3M8-01A	normal	non_basal	Primary Tumor	-2.386458168067755	2.7731805227246955
TCGA-C8-A8HP-01A	normal	non_basal	Primary Tumor	3.6205120010593452	-0.2557374419609365
TCGA-C8-A8HQ-01A	normal	non_basal	Primary Tumor	-1.2795256573189269	1.6404748146945862
TCGA-C8-A8HR-01A	normal	non_basal	Primary Tumor	3.2852765469320064	0.3281625338437947
TCGA-D8-A1J8-01A	normal	non_basal	Primary Tumor	-0.24055998971205025	4.682614298156024
TCGA-D8-A1J9-01A	normal	non_basal	Primary Tumor	-1.0348581878106284	3.1431924416143513
TCGA-D8-A1JA-01A	normal	non_basal	Primary Tumor	-2.340514999610433	-1.869620373537548
TCGA-D8-A1JB-01A	normal	non_basal	Primary Tumor	2.887584466628996	0.30524293219256166
TCGA-D8-A1JC-01A	normal	non_basal	Primary Tumor	-3.2168583195740306	-3.237648036580325
TCGA-D8-A1JD-01A	normal	non_basal	Primary Tumor	-2.3449832956726446	-2.2221061512225133
TCGA-D8-A1JE-01A	normal	non_basal	Primary Tumor	-0.7489505153501272	-1.831448982332985
TCGA-D8-A1JF-01A	normal	non_basal	Primary Tumor	-1.5392210891428355	-1.529485309743306
TCGA-D8-A1JG-01B	normal	non_basal	Primary Tumor	1.730419792160079	1.4212122355163674
TCGA-D8-A1JH-01A	normal	non_basal	Primary Tumor	1.7049325246367184	0.6375094225598066
TCGA-D8-A1JI-01A	normal	non_basal	Primary Tumor	-7.176644355507347	-3.43687038741762
TCGA-D8-A1JJ-01A	normal	non_basal	Primary Tumor	0.145036071275976	-0.0912969925261285
TCGA-D8-A1JN-01A	normal	non_basal	Primary Tumor	-4.1156293878043435	2.0919293617872103
TCGA-D8-A1JP-01A	normal	non_basal	Primary Tumor	0.3661455711382697	0.06660237273464596
TCGA-D8-A1JS-01A	normal	non_basal	Primary Tumor	-4.1049984537354405	-0.22625675924442457
TCGA-D8-A1JT-01A	normal	non_basal	Primary Tumor	-5.840631798711806	-3.3391873464934783
TCGA-D8-A1JU-01A	normal	non_basal	Primary Tumor	1.4762958352357725	-0.4095834938372591
TCGA-D8-A1X5-01A	normal	non_basal	Primary Tumor	-2.5490446386553685	0.2085388645089074
TCGA-D8-A1X6-01A	normal	non_basal	Primary Tumor	-5.022542349743582	-4.761077532293135
TCGA-D8-A1X7-01A	normal	non_basal	Primary Tumor	-3.530171504954717	-4.818119317196073
TCGA-D8-A1X8-01A	normal	non_basal	Primary Tumor	-1.4328050172549953	0.19156585407034718
TCGA-D8-A1X9-01A	normal	non_basal	Primary Tumor	-4.429110538609132	0.6907690628048073
TCGA-D8-A1XA-01A	normal	non_basal	Primary Tumor	-5.190230948411269	-1.1581272494473642
TCGA-D8-A1XB-01A	normal	non_basal	Primary Tumor	-0.8294223090836794	2.178928443998585
TCGA-D8-A1XC-01A	normal	non_basal	Primary Tumor	-2.898280027787363	-0.30754875849240426
TCGA-D8-A1XD-01A	normal	non_basal	Primary Tumor	-1.3508618504153191	0.8845989029526308
TCGA-D8-A1XF-01A	normal	non_basal	Primary Tumor	-1.1276257676359793	10.36236241529185
TCGA-D8-A1XG-01A	normal	non_basal	Primary Tumor	0.3889350030902664	-1.1671882334327086
TCGA-D8-A1XJ-01A	normal	non_basal	Primary Tumor	0.9843750017945934	4.899471580287954
TCGA-D8-A1XL-01A	normal	non_basal	Primary Tumor	0.4587368670500534	0.14219939844893403
TCGA-D8-A1XM-01A	normal	non_basal	Primary Tumor	0.9329226037445802	0.39981812437308617
TCGA-D8-A1XO-01A	normal	non_basal	Primary Tumor	0.4022235597391459	0.8567854185785272
TCGA-D8-A1XR-01A	normal	non_basal	Primary Tumor	-3.7769972503754836	-5.102039843416648
TCGA-D8-A1XT-01A	normal	non_basal	Primary Tumor	2.974469600362446	1.7710352785986023
TCGA-D8-A1XU-01A	normal	non_basal	Primary Tumor	-0.1452227658450306	3.131892457359712
TCGA-D8-A1XV-01A	normal	non_basal	Primary Tumor	-2.815363025874119	1.3832561192538448
TCGA-D8-A1XW-01A	normal	non_basal	Primary Tumor	3.1321778953555546	-5.8871497349491255
TCGA-D8-A1XY-01A	normal	non_basal	Primary Tumor	-2.6668277943989405	-6.943227714933916
TCGA-D8-A1XZ-01A	normal	non_basal	Primary Tumor	-3.3634101497425535	-4.705085748073251
TCGA-D8-A1Y0-01A	normal	non_basal	Primary Tumor	-0.4539408973804996	1.4549863803559682
TCGA-D8-A1Y1-01A	normal	non_basal	Primary Tumor	-3.072373537353811	-2.1588842460841726
TCGA-D8-A1Y2-01A	normal	non_basal	Primary Tumor	2.079422509317656	-1.8084506499306057
TCGA-D8-A1Y3-01A	normal	non_basal	Primary Tumor	-2.8186014840169866	1.6832645116552456
TCGA-D8-A27E-01A	normal	non_basal	Primary Tumor	1.4945500726286183	-1.3358209625101651
TCGA-D8-A27G-01A	normal	non_basal	Primary Tumor	-0.6028690033621291	2.811858938993978
TCGA-D8-A27I-01A	normal	non_basal	Primary Tumor	1.7059657050284713	-0.18861110089129207
TCGA-D8-A27K-01A	normal	non_basal	Primary Tumor	1.1840643673133424	2.6950908723568703
TCGA-D8-A27L-01A	normal	non_basal	Primary Tumor	0.3246594892840011	-1.863536009838065
TCGA-D8-A27N-01A	normal	non_basal	Primary Tumor	-0.20259252604125036	1.2893704029831154
TCGA-D8-A27P-01A	normal	non_basal	Primary Tumor	0.19673136510059264	-0.9062720081333939
TCGA-D8-A27R-01A	normal	non_basal	Primary Tumor	1.505404672675482	0.33955902037556995
TCGA-D8-A27T-01A	normal	non_basal	Primary Tumor	-3.187704417382427	-1.7740074076863421
TCGA-D8-A27V-01A	normal	non_basal	Primary Tumor	-3.000299857196564	-2.875004812246926
TCGA-D8-A27W-01A	normal	non_basal	Primary Tumor	-0.6213822971297743	2.1990716693186263
TCGA-D8-A3Z5-01A	normal	non_basal	Primary Tumor	0.033256663544898216	0.27989598271280053
TCGA-D8-A3Z6-01A	normal	non_basal	Primary Tumor	-2.0864578794199824	0.43074935903044115
TCGA-D8-A4Z1-01A	normal	non_basal	Primary Tumor	2.9073246699812274	-0.22458831037807123
TCGA-D8-A73U-01A	normal	non_basal	Primary Tumor	2.6977498850373283	-0.3962723032344175
TCGA-D8-A73W-01A	normal	non_basal	Primary Tumor	-1.4219918698711524	-1.5388404898732138
TCGA-D8-A73X-01A	normal	non_basal	Primary Tumor	-0.2804451700539939	3.298924379544141
TCGA-E2-A105-01A	normal	non_basal	Primary Tumor	-5.198136277839395	2.6155363202697908
TCGA-E2-A106-01A	normal	non_basal	Primary Tumor	-2.975288409650048	0.6248637118192345
TCGA-E2-A107-01A	normal	non_basal	Primary Tumor	-1.9628570814136226	1.6330025317403336
TCGA-E2-A108-01A	normal	non_basal	Primary Tumor	4.340731123611866	0.8330562327758142
TCGA-E2-A109-01A	normal	non_basal	Primary Tumor	-5.395887218233354	1.1010537644026215
TCGA-E2-A10B-01A	normal	non_basal	Primary Tumor	-0.6383882702271172	3.2048737850587963
TCGA-E2-A10C-01A	normal	non_basal	Primary Tumor	-2.542051774169966	-0.7882026112323597
TCGA-E2-A10E-01A	normal	non_basal	Primary Tumor	-1.959540053738594	4.77666073340374
TCGA-E2-A10F-01A	normal	non_basal	Primary Tumor	-0.3922764432777059	2.3011780820857135
TCGA-E2-A14U-01A	normal	non_basal	Primary Tumor	2.839899345827545	0.7123862262256669
TCGA-E2-A15I-01A	normal	non_basal	Primary Tumor	-1.8928876916461574	-3.978105404952365
TCGA-E2-A15J-01A	normal	non_basal	Primary Tumor	-2.2264248519186354	3.321382416152884
TCGA-E2-A15K-01A	normal	non_basal	Primary Tumor	-4.2576488995377675	-6.588071681542343
TCGA-E2-A1B0-01A	normal	non_basal	Primary Tumor	0.5707720896273303	-3.7137537011136246
TCGA-E2-A1B1-01A	normal	non_basal	Primary Tumor	3.3130122688341275	-0.33211927543087977
TCGA-E2-A1B4-01A	normal	non_basal	Primary Tumor	-3.280896900222636	-0.8950188100872303
TCGA-E2-A1B5-01A	normal	non_basal	Primary Tumor	4.257100961935433	1.464855858468607
TCGA-E2-A1BC-01A	normal	non_basal	Primary Tumor	0.32583934067360076	1.309577395912303
TCGA-E2-A1BD-01A	normal	non_basal	Primary Tumor	-1.9842640908811904	3.4522234423633824
TCGA-E2-A1IE-01A	normal	non_basal	Primary Tumor	-3.7772272906158526	0.5538248473100799
TCGA-E2-A1IF-01A	normal	non_basal	Primary Tumor	1.3829834864362383	-1.8811359490360924
TCGA-E2-A1IG-01A	normal	non_basal	Primary Tumor	-4.410984791701814	-1.8152523013122224
TCGA-E2-A1IH-01A	normal	non_basal	Primary Tumor	0.47956413734786746	0.6013591676333773
TCGA-E2-A1IJ-01A	normal	non_basal	Primary Tumor	1.1821125755409205	0.2692162911409399
TCGA-E2-A1IK-01A	normal	non_basal	Primary Tumor	1.4343964572262209	-2.424036263448409
TCGA-E2-A1IL-01A	normal	non_basal	Primary Tumor	-1.192380801014367	-0.3284888970636032
TCGA-E2-A1IN-01A	normal	non_basal	Primary Tumor	-2.8952577433346414	-2.460408032357061
TCGA-E2-A1IO-01A	normal	non_basal	Primary Tumor	0.022895926195369985	-1.5909924340682997
TCGA-E2-A1IU-01A	normal	non_basal	Primary Tumor	-2.1258773975487992	-1.6819676839894542
TCGA-E2-A1L6-01A	normal	non_basal	Primary Tumor	0.384098577925157	0.058844175272548496
TCGA-E2-A1L7-01A	normal	non_basal	Primary Tumor	1.3462068188452587	4.312407462949575
TCGA-E2-A1L8-01A	normal	non_basal	Primary Tumor	-3.0624945601786773	-2.428016137256371
TCGA-E2-A1L9-01A	normal	non_basal	Primary Tumor	-0.5860121400306324	-0.31639339434468533
TCGA-E2-A1LA-01A	normal	non_basal	Primary Tumor	-2.3388747324380184	-4.848630669909245
TCGA-E2-A1LB-01A	normal	non_basal	Primary Tumor	0.9766818415010715	1.432264351320595
TCGA-E2-A1LE-01A	normal	non_basal	Primary Tumor	1.0220443335707494	1.9237226400137233
TCGA-E2-A2P5-01A	normal	non_basal	Primary Tumor	-2.719616850575504	0.6764535954848758
TCGA-E2-A2P6-01A	normal	non_basal	Primary Tumor	-3.86014192204734	0.9040419127820654
TCGA-E2-A3DX-01A	normal	non_basal	Primary Tumor	2.7107836354588803	-0.34769542850938
TCGA-E2-A56Z-01A	normal	non_basal	Primary Tumor	-4.3765443666402115	-0.7440897952530495
TCGA-E2-A570-01A	normal	non_basal	Primary Tumor	-0.5986040903139062	0.30648787980026043
TCGA-E2-A572-01A	normal	non_basal	Primary Tumor	-3.073748049973435	0.07456328902937265
TCGA-E2-A576-01A	normal	non_basal	Primary Tumor	-3.427977573904094	4.060245808029374
TCGA-E2-A9RU-01A	normal	non_basal	Primary Tumor	-2.010508026983689	5.497065266556904
TCGA-E9-A1N3-01A	normal	non_basal	Primary Tumor	-1.7896554640893836	-2.185689898293656
TCGA-E9-A1N4-01A	normal	non_basal	Primary Tumor	-1.3415653511122763	-3.2760248034808925
TCGA-E9-A1N5-01A	normal	non_basal	Primary Tumor	-0.19945207511252047	1.6991262755324186
TCGA-E9-A1N6-01A	normal	non_basal	Primary Tumor	0.051807844539883574	-0.14129727535576586
TCGA-E9-A1NA-01A	normal	non_basal	Primary Tumor	-1.493388657507962	5.524512539463846
TCGA-E9-A1NE-01A	normal	non_basal	Primary Tumor	3.5348094388778795	0.5255800282145361
TCGA-E9-A1NF-01A	normal	non_basal	Primary Tumor	0.028744405594618116	0.879905530367329
TCGA-E9-A1NG-01A	normal	non_basal	Primary Tumor	1.5148454298960377	-2.5739223693749596
TCGA-E9-A1NH-01A	normal	non_basal	Primary Tumor	-0.3364781465342264	2.0356844847896447
TCGA-E9-A1NI-01A	normal	non_basal	Primary Tumor	-3.585959614287622	0.7386883786014634
TCGA-E9-A1QZ-01A	normal	non_basal	Primary Tumor	1.7824998885084948	-1.6144485531051869
TCGA-E9-A1R0-01A	normal	non_basal	Primary Tumor	-1.2277844854833868	-0.8993600212306989
TCGA-E9-A1R2-01A	normal	non_basal	Primary Tumor	0.24817286535378175	2.137934728055756
TCGA-E9-A1R3-01A	normal	non_basal	Primary Tumor	-0.7404987798456745	-3.7502105023134313
TCGA-E9-A1R4-01A	normal	non_basal	Primary Tumor	0.11408354206341187	-1.4347233479990738
TCGA-E9-A1R5-01A	normal	non_basal	Primary Tumor	-0.7176855463220162	3.711855470116278
TCGA-E9-A1R6-01A	normal	non_basal	Primary Tumor	-3.618537414969849	2.9961477657410733
TCGA-E9-A1R7-01A	normal	non_basal	Primary Tumor	-1.724198735647056	1.3934895442142814
TCGA-E9-A1RA-01A	normal	non_basal	Primary Tumor	1.9415551511535578	0.9211562528856198
TCGA-E9-A1RB-01A	normal	non_basal	Primary Tumor	-0.5884622834853993	-2.1827597922691373
TCGA-E9-A1RC-01A	normal	non_basal	Primary Tumor	-1.269745568995627	5.385733551332575
TCGA-E9-A1RD-01A	normal	non_basal	Primary Tumor	-1.4622408179249105	1.0775701953683234
TCGA-E9-A1RE-01A	normal	non_basal	Primary Tumor	-4.799086455885838	1.1987548090577214
TCGA-E9-A1RF-01A	normal	non_basal	Primary Tumor	-1.2092296497829005	1.1267829240753768
TCGA-E9-A1RG-01A	normal	non_basal	Primary Tumor	-3.181761530424368	-5.3133961506224985
TCGA-E9-A1RH-01A	normal	non_basal	Primary Tumor	-0.49479588099461147	-3.2811844718647007
TCGA-E9-A1RI-01A	normal	non_basal	Primary Tumor	0.73416231731752	2.031819243663247
TCGA-E9-A226-01A	normal	non_basal	Primary Tumor	-1.0038424173169997	-0.6037457020307028
TCGA-E9-A227-01A	normal	non_basal	Primary Tumor	-0.01090857389727791	-2.3623202099146585
TCGA-E9-A228-01A	normal	non_basal	Primary Tumor	-1.143654267015979	4.020926165113266
TCGA-E9-A229-01A	normal	non_basal	Primary Tumor	-0.6938483323062242	-0.6739591456267082
TCGA-E9-A22A-01A	normal	non_basal	Primary Tumor	2.197034092841161	1.474286026070118
TCGA-E9-A22B-01A	normal	non_basal	Primary Tumor	-0.4828762042097154	2.8150036437283696
TCGA-E9-A22D-01A	normal	non_basal	Primary Tumor	0.6514096305774112	1.8886577801376438
TCGA-E9-A22E-01A	normal	non_basal	Primary Tumor	-0.31980543186255933	-2.544921369673461
TCGA-E9-A22H-01A	normal	non_basal	Primary Tumor	-1.9897547935317577	0.02388429712748992
TCGA-E9-A245-01A	normal	non_basal	Primary Tumor	-1.7433015947885324	-2.538681117792406
TCGA-E9-A247-01A	normal	non_basal	Primary Tumor	-2.0670816615080327	5.337234340552971
TCGA-E9-A248-01A	normal	non_basal	Primary Tumor	2.412152815985937	-3.6962878727216957
TCGA-E9-A249-01A	normal	non_basal	Primary Tumor	-0.8783557796991888	1.4123503946767682
TCGA-E9-A24A-01A	normal	non_basal	Primary Tumor	1.2985126412384058	-1.257452624621617
TCGA-E9-A295-01A	normal	non_basal	Primary Tumor	-1.5342284425414259	2.4324543699434305
TCGA-E9-A2JS-01A	normal	non_basal	Primary Tumor	-1.189336234304398	4.6559461539249165
TCGA-E9-A2JT-01A	normal	non_basal	Primary Tumor	5.033923679663785	0.2133733894574466
TCGA-E9-A3HO-01A	normal	non_basal	Primary Tumor	-2.149144810540751	0.9034151728486638
TCGA-E9-A3Q9-01A	normal	non_basal	Primary Tumor	-3.79710891747945	-5.578160177859082
TCGA-E9-A3X8-01A	normal	non_basal	Primary Tumor	1.9648608902737712	1.1073322540339672
TCGA-E9-A54X-01A	normal	non_basal	Primary Tumor	-0.5034989915555168	-1.6020518444881904
TCGA-E9-A54Y-01A	normal	non_basal	Primary Tumor	-6.954612183368149	-2.2044647758486144
TCGA-E9-A5FK-01A	normal	non_basal	Primary Tumor	2.221268179931281	1.4567785929464734
TCGA-E9-A5UO-01A	normal	non_basal	Primary Tumor	-6.26961616923811	0.5922641962628438
TCGA-E9-A5UP-01A	normal	non_basal	Primary Tumor	-1.913361279127042	2.146943500406606
TCGA-E9-A6HE-01A	normal	non_basal	Primary Tumor	-0.5865106910826337	2.5043709765673525
TCGA-EW-A1IW-01A	normal	non_basal	Primary Tumor	0.8042592455158588	4.562296267500313
TCGA-EW-A1IX-01A	normal	non_basal	Primary Tumor	-0.15165505640700278	-1.764097846749206
TCGA-EW-A1IY-01A	normal	non_basal	Primary Tumor	2.2981506247449532	1.2739146490060005
TCGA-EW-A1IZ-01A	normal	non_basal	Primary Tumor	1.4333723181245541	0.25827285322937266
TCGA-EW-A1J1-01A	normal	non_basal	Primary Tumor	-3.233632017673229	-4.9143958676425505
TCGA-EW-A1J2-01A	normal	non_basal	Primary Tumor	0.055696802304726595	0.6532807457037206
TCGA-EW-A1J3-01A	normal	non_basal	Primary Tumor	-2.675139583473257	0.0035803358726391133
TCGA-EW-A1J5-01A	normal	non_basal	Primary Tumor	-3.013840536369081	-0.1186055797746424
TCGA-EW-A1J6-01A	normal	non_basal	Primary Tumor	-1.2741988101897879	-2.0298723669132777
TCGA-EW-A1OV-01A	normal	non_basal	Primary Tumor	0.7048410440031806	-0.9036968045626407
TCGA-EW-A1OX-01A	normal	non_basal	Primary Tumor	-4.202354705168609	3.2787975308899284
TCGA-EW-A1OY-01A	normal	non_basal	Primary Tumor	-4.885644040827417	-5.29555565138923
TCGA-EW-A1OZ-01A	normal	non_basal	Primary Tumor	-2.2807768440728613	3.7362098435364457
TCGA-EW-A1P0-01A	normal	non_basal	Primary Tumor	-3.1761170127820995	-1.5904276260398322
TCGA-EW-A1P1-01A	normal	non_basal	Primary Tumor	4.66915399496176	0.8669883139618619
TCGA-EW-A1P3-01A	normal	non_basal	Primary Tumor	-1.653882545338211	0.2768768992880108
TCGA-EW-A1P5-01A	normal	non_basal	Primary Tumor	-1.208014662842715	1.540591672648502
TCGA-EW-A1P6-01A	normal	non_basal	Primary Tumor	-2.7381138836291155	-4.277799757408738
TCGA-EW-A1P7-01A	normal	non_basal	Primary Tumor	5.221866312837321	-1.941765006736599
TCGA-EW-A1PA-01A	normal	non_basal	Primary Tumor	-1.0794188008231982	0.8861175406689841
TCGA-EW-A1PC-01B	normal	non_basal	Primary Tumor	-4.8833574521439695	-0.1274534710391752
TCGA-EW-A1PE-01A	normal	non_basal	Primary Tumor	-0.9558991514584751	-1.3911435678351605
TCGA-EW-A1PF-01A	normal	non_basal	Primary Tumor	1.3584355512194448	0.7459824427971802
TCGA-EW-A1PG-01A	normal	non_basal	Primary Tumor	2.6456887863639276	-0.7941208656441253
TCGA-EW-A2FR-01A	normal	non_basal	Primary Tumor	3.0217465900501415	-0.383926258211034
TCGA-EW-A2FS-01A	normal	non_basal	Primary Tumor	-0.8233202939870119	0.2845395581230213
TCGA-EW-A2FV-01A	normal	non_basal	Primary Tumor	-0.34500777618611006	-0.38679248825835866
TCGA-EW-A2FW-01A	normal	non_basal	Primary Tumor	-3.0751990138686565	-0.484719511006994
TCGA-EW-A3E8-01B	normal	non_basal	Primary Tumor	-0.14183337815486466	1.8881796396666326
TCGA-EW-A423-01A	normal	non_basal	Primary Tumor	-3.534447931246082	2.2601138837109076
TCGA-EW-A424-01A	normal	non_basal	Primary Tumor	-0.9248965199210075	4.120969916587372
TCGA-EW-A6S9-01A	normal	non_basal	Primary Tumor	-0.9702523694342101	0.3950144544218427
TCGA-EW-A6SC-01A	normal	non_basal	Primary Tumor	-3.769917249916152	-3.9615086007423916
TCGA-EW-A6SD-01A	normal	non_basal	Primary Tumor	2.157365096868021	-0.21863088049147203
TCGA-GI-A2C8-01A	normal	non_basal	Primary Tumor	-0.8918808611228184	2.05972865244915
TCGA-GM-A2D9-01A	normal	non_basal	Primary Tumor	-2.4585695051193333	2.4317954519540024
TCGA-GM-A2DA-01A	normal	non_basal	Primary Tumor	-1.968154507644225	-4.991222579545665
TCGA-GM-A2DB-01A	normal	non_basal	Primary Tumor	1.5205823239828387	-2.2117756265084036
TCGA-GM-A2DC-01A	normal	non_basal	Primary Tumor	-2.12682139567328	2.5315258068188657
TCGA-GM-A2DD-01A	normal	non_basal	Primary Tumor	0.29967431745804907	-1.2027822762484215
TCGA-GM-A2DH-01A	normal	non_basal	Primary Tumor	1.9186834362992642	1.2830342556315568
TCGA-GM-A2DI-01A	normal	non_basal	Primary Tumor	3.6726001019639627	-0.5671850203673099
TCGA-GM-A2DK-01A	normal	non_basal	Primary Tumor	0.5550111855102853	0.38635987321887505
TCGA-GM-A2DL-01A	normal	non_basal	Primary Tumor	-0.507214804758018	0.6698590980347132
TCGA-GM-A2DM-01A	normal	non_basal	Primary Tumor	0.7602370641065304	-0.3272850656077665
TCGA-GM-A2DN-01A	normal	non_basal	Primary Tumor	1.9305582524396514	0.5412906117136648
TCGA-GM-A2DO-01A	normal	non_basal	Primary Tumor	2.2806722299699356	-1.1553155096185945
TCGA-GM-A3NW-01A	normal	non_basal	Primary Tumor	-3.3808732124288174	0.8096158433581732
TCGA-GM-A3NY-01A	normal	non_basal	Primary Tumor	-1.586659416542191	2.7817221099736886
TCGA-GM-A3XG-01A	normal	non_basal	Primary Tumor	4.0685072665635165	0.4985689434878371
TCGA-GM-A3XN-01A	normal	non_basal	Primary Tumor	2.0800762823539944	0.9027883986256265
TCGA-GM-A4E0-01A	normal	non_basal	Primary Tumor	2.2566690524876356	-0.04277880051784438
TCGA-GM-A5PV-01A	normal	non_basal	Primary Tumor	-1.4688704025395114	-1.7198346230974761
TCGA-GM-A5PX-01A	normal	non_basal	Primary Tumor	-0.332507176211613	0.12187179040154601
TCGA-HN-A2OB-01A	normal	non_basal	Primary Tumor	1.131221867277985	0.40843760302660465
TCGA-JL-A3YW-01A	normal	non_basal	Primary Tumor	1.794223100575252	1.3611738713318065
TCGA-JL-A3YX-01A	normal	non_basal	Primary Tumor	-2.2949154107133802	-0.18489656179864533
TCGA-LD-A66U-01A	normal	non_basal	Primary Tumor	0.23547093515477632	0.9610032539859363
TCGA-LD-A74U-01A	normal	non_basal	Primary Tumor	1.1727550888613225	0.7221799138983792
TCGA-LD-A7W5-01A	normal	non_basal	Primary Tumor	0.5827249179868211	1.3019435260806942
TCGA-LD-A7W6-01A	normal	non_basal	Primary Tumor	-1.5775634530194398	0.9577089471263114
TCGA-LD-A9QF-01A	normal	non_basal	Primary Tumor	4.419073018608368	0.002351610048508108
TCGA-LL-A440-01A	normal	non_basal	Primary Tumor	3.591577703962777	-0.030888768742199306
TCGA-LL-A441-01A	normal	non_basal	Primary Tumor	4.868375896310709	-0.31204696457836284
TCGA-LL-A442-01A	normal	non_basal	Primary Tumor	-2.67058451610147	-3.942778499453992
TCGA-LL-A50Y-01A	normal	non_basal	Primary Tumor	-1.2896372989346498	3.291038575237296
TCGA-LL-A5YL-01A	normal	non_basal	Primary Tumor	0.8327021111963264	4.810202363932409
TCGA-LL-A5YM-01A	normal	non_basal	Primary Tumor	-3.1552868461287993	3.756439936562479
TCGA-LL-A5YN-01A	normal	non_basal	Primary Tumor	1.2087926416920693	-0.6251914061065366
TCGA-LL-A5YO-01A	normal	non_basal	Primary Tumor	4.993211481983245	0.31766092779671157
TCGA-LL-A6FP-01A	normal	non_basal	Primary Tumor	-9.760435914903601	-6.078971837474343
TCGA-LL-A6FQ-01A	normal	non_basal	Primary Tumor	-6.549960026721072	-1.5687665842797376
TCGA-LL-A73Z-01A	normal	non_basal	Primary Tumor	3.1611658900485775	0.7806590622198659
TCGA-LL-A740-01A	normal	non_basal	Primary Tumor	0.3199247510944688	3.477286010991423
TCGA-LL-A7SZ-01A	normal	non_basal	Primary Tumor	-0.2227261023541788	-2.481968499067151
TCGA-LL-A7T0-01A	normal	non_basal	Primary Tumor	-1.8596270540035553	3.0016920461306844
TCGA-LL-A9Q3-01A	normal	non_basal	Primary Tumor	-1.7726224496540794	2.199716272285564
TCGA-LQ-A4E4-01A	normal	non_basal	Primary Tumor	-3.1626097638865245	2.815305975852698
TCGA-MS-A51U-01A	normal	non_basal	Primary Tumor	1.363383539749083	-0.39796518414218957
TCGA-OK-A5Q2-01A	normal	non_basal	Primary Tumor	2.1486826285973493	1.985264725113916
TCGA-OL-A5D6-01A	normal	non_basal	Primary Tumor	2.052890376792124	2.886705487509592
TCGA-OL-A5D8-01A	normal	non_basal	Primary Tumor	-2.6484337341171593	5.682173352928512
TCGA-OL-A5DA-01A	normal	non_basal	Primary Tumor	-0.7664078861215157	1.8727882283462043
TCGA-OL-A5RU-01A	normal	non_basal	Primary Tumor	1.2694679819361205	-0.7247527358495978
TCGA-OL-A5RV-01A	normal	non_basal	Primary Tumor	1.0622320344859384	0.43823512475127385
TCGA-OL-A5RX-01A	normal	non_basal	Primary Tumor	1.4298557527089502	1.2186169999625553
TCGA-OL-A5RY-01A	normal	non_basal	Primary Tumor	4.63001289013368	0.28430546188552963
TCGA-OL-A5RZ-01A	normal	non_basal	Primary Tumor	-3.099303892489741	-2.4248899021742107
TCGA-OL-A66H-01A	normal	non_basal	Primary Tumor	-1.1134397913149776	-0.7893137601078704
TCGA-OL-A66J-01A	normal	non_basal	Primary Tumor	-3.5473261951966824	-2.9044844058252894
TCGA-OL-A66K-01A	normal	non_basal	Primary Tumor	-1.4719589013531815	2.1969897364188595
TCGA-OL-A66L-01A	normal	non_basal	Primary Tumor	-0.5919611611758362	3.183682167272371
TCGA-OL-A66N-01A	normal	non_basal	Primary Tumor	0.17651773675607577	2.5072360513538743
TCGA-OL-A66O-01A	normal	non_basal	Primary Tumor	-5.28498565432028	2.6552913244914804
TCGA-OL-A66P-01A	normal	non_basal	Primary Tumor	1.9323084583341554	-0.5586701178556678
TCGA-OL-A6VQ-01A	normal	non_basal	Primary Tumor	0.25185503032061746	0.11119106524972924
TCGA-OL-A6VR-01A	normal	non_basal	Primary Tumor	-0.20697829666734308	1.6241837562422081
TCGA-OL-A97C-01A	normal	non_basal	Primary Tumor	3.149238787557625	-2.351371650584529
TCGA-PE-A5DC-01A	normal	non_basal	Primary Tumor	-3.7365353692104755	-1.7600253990579575
TCGA-PE-A5DD-01A	normal	non_basal	Primary Tumor	-2.4678237565725722	5.869303903043469
TCGA-PE-A5DE-01A	normal	non_basal	Primary Tumor	-0.041978623059860574	-0.34594464056813573
TCGA-PL-A8LX-01A	normal	non_basal	Primary Tumor	-0.8338692829943729	-0.24136589559909688
TCGA-PL-A8LY-01A	normal	non_basal	Primary Tumor	5.045323298952216	-1.0201218480721754
TCGA-S3-A6ZF-01A	normal	non_basal	Primary Tumor	-1.0227502098504648	0.7149793489631299
TCGA-S3-A6ZG-01A	normal	non_basal	Primary Tumor	-2.58421536762137	3.4138656971989785
TCGA-S3-A6ZH-01A	normal	non_basal	Primary Tumor	-4.636501023720036	-3.7773960435946763
TCGA-S3-AA11-01A	normal	non_basal	Primary Tumor	-3.114393689608868	2.8520333866086247
TCGA-S3-AA12-01A	normal	non_basal	Primary Tumor	-9.0179797648736	-6.538753359210009
TCGA-S3-AA14-01A	normal	non_basal	Primary Tumor	-0.6574790006611895	0.12952737391037603
TCGA-S3-AA17-01A	normal	non_basal	Primary Tumor	0.3879376800029163	2.1604770840710454
TCGA-UL-AAZ6-01A	normal	non_basal	Primary Tumor	-4.289401783642237	3.609338417719062
TCGA-UU-A93S-01A	normal	non_basal	Primary Tumor	-2.4059525569589537	-3.8228633582016602
TCGA-V7-A7HQ-01A	normal	non_basal	Primary Tumor	-1.625732705992765	-0.5288472088335662
TCGA-W8-A86G-01A	normal	non_basal	Primary Tumor	1.2434075075391164	2.010200510873967
TCGA-WT-AB41-01A	normal	non_basal	Primary Tumor	1.219562089324139	1.449567227118389
TCGA-WT-AB44-01A	normal	non_basal	Primary Tumor	-0.5653637956459373	2.063782514459797
TCGA-XX-A899-01A	normal	non_basal	Primary Tumor	2.1080315067855966	1.6460517522797111
TCGA-XX-A89A-01A	normal	non_basal	Primary Tumor	0.5411568860015606	-2.742556952774774
TCGA-Z7-A8R5-01A	normal	non_basal	Primary Tumor	2.3378609724224733	0.7106395096131142
TCGA-Z7-A8R6-01A	normal	non_basal	Primary Tumor	-3.998183518066467	-3.2053685014214657
