sample_barcode	missing_fraction	retained
TCGA-3C-AAAU-01A	0.1526491715272092	True
TCGA-3C-AALI-01A	0.17604308227329896	True
TCGA-3C-AALJ-01A	0.15802179436317748	True
TCGA-3C-AALK-01A	0.16166192570333668	True
TCGA-4H-AAAK-01A	0.16018266073553866	True
TCGA-5L-AAT0-01A	0.16101197761477493	True
TCGA-5L-AAT1-01A	0.15868229355707303	True
TCGA-5T-A9QA-01A	0.14246735488009724	True
TCGA-A1-A0SB-01A	0.1363667057760971	True
TCGA-A1-A0SE-01A	0.1554853086409332	True
TCGA-A1-A0SF-01A	0.13770669615348904	True
TCGA-A1-A0SG-01A	0.13943285698609786	True
TCGA-A1-A0SH-01A	0.154550480708359	True
TCGA-A1-A0SI-01A	0.13749567404681315	True
TCGA-A1-A0SJ-01A	0.1635020384735505	True
TCGA-A1-A0SK-01A	0.17034548539304978	True
TCGA-A1-A0SN-01A	0.13788606494416356	True
TCGA-A1-A0SO-01A	0.16862565522364123	True
TCGA-A1-A0SP-01A	0.17048898042558938	True
TCGA-A1-A0SQ-01A	0.13935055836449425	True
TCGA-A2-A04R-01A	0.19954883473592694	True
TCGA-A2-A0CK-01A	0.14007225396932582	True
TCGA-A2-A0CO-01A	0.14262984190223768	True
TCGA-A2-A0CR-01A	0.13648698837690237	True
TCGA-A2-A0CT-01A	0.1759227996724937	True
TCGA-A2-A0EN-01A	0.16437778021625546	True
TCGA-A2-A0EP-01A	0.14716892741683618	True
TCGA-A2-A0EU-01A	0.17052063374159077	True
TCGA-A2-A0ST-01A	0.15606350921322518	True
TCGA-A2-A0SU-01A	0.16883034666711685	True
TCGA-A2-A0SV-01A	0.16383967384423193	True
TCGA-A2-A0SW-01A	0.179474301727849	True
TCGA-A2-A0SX-01A	0.15527217631319057	True
TCGA-A2-A0SY-01A	0.15653408851111242	True
TCGA-A2-A0T0-01A	0.18337399025921955	True
TCGA-A2-A0T1-01A	0.17221303103713145	True
TCGA-A2-A0T2-01A	0.1673215386043842	True
TCGA-A2-A0T4-01A	0.19916688472284355	True
TCGA-A2-A0T5-01A	0.15101163997940426	True
TCGA-A2-A0T6-01A	0.15834887862852512	True
TCGA-A2-A0T7-01A	0.17271737387208683	True
TCGA-A2-A0YC-01A	0.16192992377881507	True
TCGA-A2-A0YD-01A	0.1683133425057609	True
TCGA-A2-A0YE-01A	0.19885246178389648	True
TCGA-A2-A0YF-01A	0.1822661241991711	True
TCGA-A2-A0YG-01A	0.1942458491951617	True
TCGA-A2-A0YH-01A	0.20064403946957482	True
TCGA-A2-A0YI-01A	0.16303356939673	True
TCGA-A2-A0YJ-01A	0.18454094250913725	True
TCGA-A2-A0YK-01A	0.21422120181310195	True
TCGA-A2-A0YL-01A	0.1602734002414093	True
TCGA-A2-A0YM-01A	0.1648483595141427	True
TCGA-A2-A0YT-01A	0.17747803259869505	True
TCGA-A2-A1FV-01A	0.14488777844366976	True
TCGA-A2-A1FW-01A	0.15760819103409274	True
TCGA-A2-A1FX-01A	0.14463666213672544	True
TCGA-A2-A1FZ-01A	0.14336841927560331	True
TCGA-A2-A1G0-01A	0.1400574824218585	True
TCGA-A2-A1G1-01A	0.14680174895122014	True
TCGA-A2-A1G4-01A	0.15445763098142162	True
TCGA-A2-A1G6-01A	0.1357652927720708	True
TCGA-A2-A259-01A	0.14969486203374666	True
TCGA-A2-A25A-01A	0.1495176034641389	True
TCGA-A2-A25B-01A	0.16301035696499566	True
TCGA-A2-A25C-01A	0.13530526457951736	True
TCGA-A2-A25D-01A	0.13691747347452118	True
TCGA-A2-A25E-01A	0.1404858572984106	True
TCGA-A2-A25F-01A	0.13742814697267686	True
TCGA-A2-A3KC-01A	0.14592178676638165	True
TCGA-A2-A3KD-01A	0.14877902609077326	True
TCGA-A2-A3XS-01A	0.14472529142152932	True
TCGA-A2-A3XT-01A	0.1483401001088874	True
TCGA-A2-A3XU-01A	0.14241881979556179	True
TCGA-A2-A3XV-01A	0.15669446531218612	True
TCGA-A2-A3XW-01A	0.15202032564931503	True
TCGA-A2-A3XX-01A	0.1599547568603287	True
TCGA-A2-A3XY-01A	0.14554194697436504	True
TCGA-A2-A3XZ-01A	0.14227743498408893	True
TCGA-A2-A3Y0-01A	0.15244659030480034	True
TCGA-A2-A4RW-01A	0.15247613339973495	True
TCGA-A2-A4RX-01A	0.14754032632458577	True
TCGA-A2-A4RY-01A	0.16417519899384658	True
TCGA-A2-A4S0-01A	0.14995019878282448	True
TCGA-A2-A4S1-01A	0.1563652708257717	True
TCGA-A2-A4S2-01A	0.16143613204919346	True
TCGA-A2-A4S3-01A	0.16966810443062016	True
TCGA-A7-A0D9-01A	0.16479560398747373	True
TCGA-A7-A0DC-01B	0.1507098783668577	True
TCGA-A7-A13D-01A	0.16220847295962726	True
TCGA-A7-A13E-01A	0.1652493015168269	True
TCGA-A7-A13F-01A	0.16037891129474724	True
TCGA-A7-A13G-01A	0.13847692684285606	True
TCGA-A7-A13G-01B	0.14757831030378743	True
TCGA-A7-A13H-01A	0.1394771716284998	True
TCGA-A7-A26E-01A	0.13511112424137553	True
TCGA-A7-A26E-01B	0.1538519975352618	True
TCGA-A7-A26F-01A	0.1384895881692566	True
TCGA-A7-A26F-01B	0.15573009428467727	True
TCGA-A7-A26G-01A	0.13974516970397818	True
TCGA-A7-A26H-01A	0.14561369449063483	True
TCGA-A7-A26I-01A	0.13670012070464502	True
TCGA-A7-A26J-01A	0.14684606359362207	True
TCGA-A7-A26J-01B	0.15157295878316213	True
TCGA-A7-A2KD-01A	0.14636915363253455	True
TCGA-A7-A3IY-01A	0.13989710562078483	True
TCGA-A7-A3IZ-01A	0.1577580167298326	True
TCGA-A7-A3J0-01A	0.15137670822395355	True
TCGA-A7-A3J1-01A	0.14818816419208075	True
TCGA-A7-A3RF-01A	0.13737750166707463	True
TCGA-A7-A425-01A	0.14105772720750226	True
TCGA-A7-A426-01A	0.13985490119944965	True
TCGA-A7-A4SA-01A	0.19231499691907725	True
TCGA-A7-A4SB-01A	0.1655468426872399	True
TCGA-A7-A4SC-01A	0.1431236336318593	True
TCGA-A7-A4SD-01A	0.14931924268386357	True
TCGA-A7-A4SE-01A	0.183247376995214	True
TCGA-A7-A4SF-01A	0.18477095660541398	True
TCGA-A7-A56D-01A	0.13422061095120325	True
TCGA-A7-A5ZV-01A	0.15160250187809676	True
TCGA-A7-A5ZW-01A	0.15820538359598552	True
TCGA-A7-A5ZX-01A	0.18393319884191067	True
TCGA-A7-A6VV-01A	0.14059136835174854	True
TCGA-A7-A6VW-01A	0.1468186307197542	True
TCGA-A7-A6VX-01A	0.15367473896565403	True
TCGA-A7-A6VY-01A	0.14941631285293447	True
TCGA-A8-A075-01A	0.18312287395227525	True
TCGA-A8-A08O-01A	0.1650952553789535	True
TCGA-A8-A0A6-01A	0.17943209730651383	True
TCGA-A8-A0AD-01A	0.17383579103746907	True
TCGA-AC-A23C-01A	0.14831688767715306	True
TCGA-AC-A23E-01A	0.14753610588245225	True
TCGA-AC-A23G-01A	0.15289606739202	True
TCGA-AC-A23H-01A	0.1956027213410877	True
TCGA-AC-A2B8-01A	0.15857678250373508	True
TCGA-AC-A2BK-01A	0.15039967587004416	True
TCGA-AC-A2BM-01A	0.14107249875496958	True
TCGA-AC-A2FB-01A	0.13559225464459657	True
TCGA-AC-A2FE-01A	0.13909522161541643	True
TCGA-AC-A2FF-01A	0.13535590988511956	True
TCGA-AC-A2FG-01A	0.14596399118771683	True
TCGA-AC-A2FK-01A	0.13414675321386668	True
TCGA-AC-A2FM-01A	0.14225844299448812	True
TCGA-AC-A2FO-01A	0.13404124216052873	True
TCGA-AC-A2QH-01A	0.1388251133188713	True
TCGA-AC-A2QH-01B	0.15083860185193002	True
TCGA-AC-A2QI-01A	0.14137003992538258	True
TCGA-AC-A2QJ-01A	0.13879557022393665	True
TCGA-AC-A3BB-01A	0.1410703885339028	True
TCGA-AC-A3EH-01A	0.13745557984654472	True
TCGA-AC-A3HN-01A	0.16125676325851895	True
TCGA-AC-A3OD-01A	0.15468764507769833	True
TCGA-AC-A3OD-01B	0.14232174962649088	True
TCGA-AC-A3QP-01A	0.13926403930075715	True
TCGA-AC-A3QQ-01A	0.14010601750639398	True
TCGA-AC-A3TM-01A	0.13550151513872594	True
TCGA-AC-A3TN-01A	0.14178786369660085	True
TCGA-AC-A3W5-01A	0.13680563175798297	True
TCGA-AC-A3W6-01A	0.1404900777405441	True
TCGA-AC-A3W7-01A	0.1355500502232614	True
TCGA-AC-A3YI-01A	0.14989955347722228	True
TCGA-AC-A3YJ-01A	0.1454765301212955	True
TCGA-AC-A4ZE-01A	0.14978138109748376	True
TCGA-AC-A5EH-01A	0.14154518827392357	True
TCGA-AC-A5XS-01A	0.14342750546547256	True
TCGA-AC-A5XU-01A	0.14586059035544563	True
TCGA-AC-A62X-01A	0.18851026833571086	True
TCGA-AC-A62Y-01A	0.14721746250137163	True
TCGA-AC-A6IV-01A	0.1482219277291489	True
TCGA-AC-A6IW-01A	0.14747490947151623	True
TCGA-AC-A6IX-01A	0.21551476732702518	True
TCGA-AC-A6NO-01A	0.14989111259295523	True
TCGA-AC-A7VB-01A	0.1571481628415393	True
TCGA-AC-A7VC-01A	0.16004971680833285	True
TCGA-AC-A8OP-01A	0.15660372580631546	True
TCGA-AC-A8OQ-01A	0.1603556988630129	True
TCGA-AC-A8OR-01A	0.1523410792514624	True
TCGA-AC-A8OS-01A	0.14233441095289143	True
TCGA-AN-A0XL-01A	0.1704932008677229	True
TCGA-AN-A0XN-01A	0.16892319639405423	True
TCGA-AN-A0XO-01A	0.1661398148069992	True
TCGA-AN-A0XP-01A	0.21822218095567691	True
TCGA-AN-A0XR-01A	0.17485080737058015	True
TCGA-AN-A0XS-01A	0.18250879962184838	True
TCGA-AN-A0XT-01A	0.16451283436452802	True
TCGA-AN-A0XU-01A	0.16873327649804593	True
TCGA-AN-A0XV-01A	0.17950173460171687	True
TCGA-AN-A0XW-01A	0.19314853424044703	True
TCGA-AO-A03L-01A	0.1602522980307417	True
TCGA-AO-A03M-01B	0.1655679448979075	True
TCGA-AO-A03N-01B	0.1754796532484743	True
TCGA-AO-A03U-01B	0.16535903301229837	True
TCGA-AO-A0JA-01A	0.18179554490128386	True
TCGA-AO-A0JB-01A	0.17814064201365734	True
TCGA-AO-A0JC-01A	0.16100142650944113	True
TCGA-AO-A0JD-01A	0.1776025356416338	True
TCGA-AO-A0JE-01A	0.15965932591098245	True
TCGA-AO-A0JF-01A	0.18908213824480252	True
TCGA-AO-A0JG-01A	0.15991044221792675	True
TCGA-AO-A0JI-01A	0.17671835301466182	True
TCGA-AO-A0JJ-01A	0.16885144887778444	True
TCGA-AO-A0JL-01A	0.1823906272421099	True
TCGA-AO-A0JM-01A	0.16598154822699226	True
TCGA-AO-A124-01A	0.18312920461547552	True
TCGA-AO-A125-01A	0.1683449958217623	True
TCGA-AO-A126-01A	0.17043833511998718	True
TCGA-AO-A128-01A	0.17543111816393886	True
TCGA-AO-A129-01A	0.16854335660203762	True
TCGA-AO-A12B-01A	0.1652493015168269	True
TCGA-AO-A12C-01A	0.1551877674705202	True
TCGA-AO-A12E-01A	0.17430214989322282	True
TCGA-AO-A12G-01A	0.16519654599015793	True
TCGA-AO-A1KO-01A	0.13716225911826524	True
TCGA-AO-A1KP-01A	0.14096487748056485	True
TCGA-AO-A1KR-01A	0.13580327675127246	True
TCGA-AO-A1KS-01A	0.14300546125212077	True
TCGA-AO-A1KT-01A	0.1545758033611601	True
TCGA-AQ-A04H-01B	0.17628997813810976	True
TCGA-AQ-A04L-01B	0.17863443374327895	True
TCGA-AQ-A0Y5-01A	0.14325024689586482	True
TCGA-AQ-A1H2-01A	0.14266149521823906	True
TCGA-AQ-A1H3-01A	0.13854867435912585	True
TCGA-AQ-A54N-01A	0.15755543550742376	True
TCGA-AQ-A7U7-01A	0.142880958209182	True
TCGA-AR-A0TP-01A	0.1975715575963738	True
TCGA-AR-A0TQ-01A	0.15345738619577787	True
TCGA-AR-A0TR-01A	0.18756277907673607	True
TCGA-AR-A0TT-01A	0.18944720648935182	True
TCGA-AR-A0TU-01A	0.18035637413375424	True
TCGA-AR-A0TV-01A	0.18412100851685223	True
TCGA-AR-A0TW-01A	0.17802880029711912	True
TCGA-AR-A0TX-01A	0.162385731529235	True
TCGA-AR-A0TZ-01A	0.16101197761477493	True
TCGA-AR-A0U0-01A	0.1924964759308185	True
TCGA-AR-A0U2-01A	0.2049066860244279	True
TCGA-AR-A0U3-01A	0.18538292071477408	True
TCGA-AR-A0U4-01A	0.16753467093212684	True
TCGA-AR-A1AI-01A	0.1413531581568485	True
TCGA-AR-A1AJ-01A	0.17039402047758523	True
TCGA-AR-A1AK-01A	0.16397472799250448	True
TCGA-AR-A1AL-01A	0.17033493428771598	True
TCGA-AR-A1AM-01A	0.13514488777844366	True
TCGA-AR-A1AN-01A	0.15636105038363818	True
TCGA-AR-A1AO-01A	0.15455681137155927	True
TCGA-AR-A1AP-01A	0.14273957339770915	True
TCGA-AR-A1AQ-01A	0.15106439550607323	True
TCGA-AR-A1AR-01A	0.15259852622160697	True
TCGA-AR-A1AS-01A	0.15671767774392045	True
TCGA-AR-A1AT-01A	0.16460357387039867	True
TCGA-AR-A1AU-01A	0.14538579061542486	True
TCGA-AR-A1AW-01A	0.15226511129305906	True
TCGA-AR-A1AX-01A	0.15474462104650083	True
TCGA-AR-A1AY-01A	0.15397861079926733	True
TCGA-AR-A24H-01A	0.13981269677811448	True
TCGA-AR-A24K-01A	0.14012711971706157	True
TCGA-AR-A24L-01A	0.16403381418237375	True
TCGA-AR-A24M-01A	0.14321648335879666	True
TCGA-AR-A24N-01A	0.13547830270699157	True
TCGA-AR-A24O-01A	0.13573574967713617	True
TCGA-AR-A24P-01A	0.1368288441897173	True
TCGA-AR-A24Q-01A	0.14758253074592095	True
TCGA-AR-A24R-01A	0.14505237568687696	True
TCGA-AR-A24S-01A	0.1402073081175984	True
TCGA-AR-A24T-01A	0.13560702619206388	True
TCGA-AR-A24U-01A	0.14000472689518953	True
TCGA-AR-A24V-01A	0.1361092588059525	True
TCGA-AR-A24W-01A	0.13720868398173391	True
TCGA-AR-A24X-01A	0.13877235779220232	True
TCGA-AR-A24Z-01A	0.15015278000523335	True
TCGA-AR-A250-01A	0.15184939774290754	True
TCGA-AR-A251-01A	0.14371027508841827	True
TCGA-AR-A252-01A	0.13614513256408742	True
TCGA-AR-A254-01A	0.15077529521992725	True
TCGA-AR-A255-01A	0.137812207206827	True
TCGA-AR-A256-01A	0.14411121709110247	True
TCGA-AR-A2LE-01A	0.13567666348726692	True
TCGA-AR-A2LH-01A	0.13364452059997806	True
TCGA-AR-A2LJ-01A	0.13598475576301372	True
TCGA-AR-A2LK-01A	0.13680563175798297	True
TCGA-AR-A2LL-01A	0.13521874551578023	True
TCGA-AR-A2LM-01A	0.13444218416321294	True
TCGA-AR-A2LN-01A	0.1338175587274523	True
TCGA-AR-A2LO-01A	0.13403491149732846	True
TCGA-AR-A2LQ-01A	0.13426281537253842	True
TCGA-AR-A2LR-01A	0.13880823155033722	True
TCGA-AR-A5QM-01A	0.13429024824640629	True
TCGA-AR-A5QN-01A	0.14602096715651933	True
TCGA-AR-A5QP-01A	0.13840728954765302	True
TCGA-AR-A5QQ-01A	0.14588380278718	True
TCGA-B6-A0I1-01A	0.1441555317335044	True
TCGA-B6-A0IK-01A	0.18725679702205603	True
TCGA-B6-A0RE-01A	0.18597167239239984	True
TCGA-B6-A0RG-01A	0.1735614622987904	True
TCGA-B6-A0RI-01A	0.17034126495091625	True
TCGA-B6-A0RL-01A	0.16699445433903656	True
TCGA-B6-A0RM-01A	0.15928792700323285	True
TCGA-B6-A0RN-01A	0.16797148669294595	True
TCGA-B6-A0RO-01A	0.17114736939841818	True
TCGA-B6-A0RP-01A	0.17885600695528864	True
TCGA-B6-A0RS-01A	0.16680875488516178	True
TCGA-B6-A0RT-01A	0.1575026799807548	True
TCGA-B6-A0RU-01A	0.16064690937022563	True
TCGA-B6-A0RV-01A	0.1528179892125499	True
TCGA-B6-A0WT-01A	0.17560204607034632	True
TCGA-B6-A0WV-01A	0.21253935562289505	True
TCGA-B6-A0WW-01A	0.1862966464366807	True
TCGA-B6-A0WX-01A	0.19498231634746055	True
TCGA-B6-A0WY-01A	0.20222248482751054	True
TCGA-B6-A0WZ-01A	0.1795059550438504	True
TCGA-B6-A0X1-01A	0.17673101434106236	True
TCGA-B6-A0X4-01A	0.1661862396704679	True
TCGA-B6-A0X5-01A	0.17978450422466258	True
TCGA-B6-A0X7-01A	0.17284609735715914	True
TCGA-B6-A1KC-01A	0.1416612504325953	True
TCGA-B6-A1KC-01B	0.17608317647356736	True
TCGA-B6-A1KF-01A	0.1424631344379637	True
TCGA-B6-A1KI-01A	0.13868372850739843	True
TCGA-B6-A1KN-01A	0.14890352913371205	True
TCGA-B6-A2IU-01A	0.13585814249900818	True
TCGA-B6-A3ZX-01A	0.1499438681196242	True
TCGA-B6-A400-01A	0.14482025136953347	True
TCGA-B6-A401-01A	0.16648800128301441	True
TCGA-B6-A402-01A	0.15721568991567555	True
TCGA-B6-A408-01A	0.14322914468519723	True
TCGA-B6-A409-01A	0.1379451511340328	True
TCGA-B6-A40B-01A	0.14344860767614015	True
TCGA-B6-A40C-01A	0.14798347274860515	True
TCGA-BH-A0AU-01A	0.15268293506427733	True
TCGA-BH-A0AW-01A	0.16946130276607776	True
TCGA-BH-A0AZ-01A	0.16893374749938803	True
TCGA-BH-A0B2-01A	0.18305956732027248	True
TCGA-BH-A0B3-01A	0.16129263701665386	True
TCGA-BH-A0B5-01A	0.14465143368419275	True
TCGA-BH-A0B6-01A	0.14081505178482498	True
TCGA-BH-A0B8-01A	0.18800803572182223	True
TCGA-BH-A0B9-01A	0.1662052316600687	True
TCGA-BH-A0BA-01A	0.1696807657570207	True
TCGA-BH-A0BC-01A	0.1581188645322484	True
TCGA-BH-A0BF-01A	0.150479864270581	True
TCGA-BH-A0BJ-01A	0.1631369702290012	True
TCGA-BH-A0BM-01A	0.17515256898312667	True
TCGA-BH-A0BS-01A	0.1746123523900364	True
TCGA-BH-A0BT-01A	0.19616192992377882	True
TCGA-BH-A0BZ-01A	0.16984958344236142	True
TCGA-BH-A0C0-01A	0.17850993070034016	True
TCGA-BH-A0C3-01A	0.15926260435043174	True
TCGA-BH-A0DG-01A	0.1585134758717323	True
TCGA-BH-A0DH-01A	0.1971600644883558	True
TCGA-BH-A0DI-01A	0.1445923474943235	True
TCGA-BH-A0DK-01A	0.16025018780967495	True
TCGA-BH-A0DP-01A	0.16510369626322052	True
TCGA-BH-A0DQ-01A	0.16913210827966338	True
TCGA-BH-A0DS-01A	0.18033105148095316	True
TCGA-BH-A0DV-01A	0.16043377704248296	True
TCGA-BH-A0E0-01A	0.1722932194376683	True
TCGA-BH-A0E1-01A	0.1601657789670046	True
TCGA-BH-A0E2-01A	0.18870440867385269	True
TCGA-BH-A0GY-01A	0.18666593512336352	True
TCGA-BH-A0GZ-01A	0.15485224232090553	True
TCGA-BH-A0H0-01A	0.17706231904854353	True
TCGA-BH-A0H3-01A	0.1522630010719923	True
TCGA-BH-A0H6-01A	0.17675211655172995	True
TCGA-BH-A0H7-01A	0.18128276118206144	True
TCGA-BH-A0H9-01A	0.1641034514775768	True
TCGA-BH-A0HA-01A	0.15493876138464266	True
TCGA-BH-A0HB-01A	0.1694697436503448	True
TCGA-BH-A0HF-01A	0.17853525335314127	True
TCGA-BH-A0HI-01A	0.18354913860776054	True
TCGA-BH-A0HK-01A	0.161501548902263	True
TCGA-BH-A0HN-01A	0.20362156139477172	True
TCGA-BH-A0HP-01A	0.15534814427159388	True
TCGA-BH-A0HX-01A	0.17155464206430265	True
TCGA-BH-A0HY-01A	0.18999164352457562	True
TCGA-BH-A0RX-01A	0.16598787889019254	True
TCGA-BH-A0W3-01A	0.1665407568096834	True
TCGA-BH-A0W4-01A	0.16898439280499025	True
TCGA-BH-A0W5-01A	0.16941276768154231	True
TCGA-BH-A0WA-01A	0.21961914730187135	True
TCGA-BH-A1EN-01A	0.14203053911927813	True
TCGA-BH-A1EO-01A	0.15166369828903276	True
TCGA-BH-A1ES-01A	0.15055794245005108	True
TCGA-BH-A1ET-01A	0.16299558541752834	True
TCGA-BH-A1EU-01A	0.1691679820377983	True
TCGA-BH-A1EV-01A	0.18847439457757595	True
TCGA-BH-A1EW-01A	0.16834288560069552	True
TCGA-BH-A1EX-01A	0.14038034624507265	True
TCGA-BH-A1EY-01A	0.15148010905622472	True
TCGA-BH-A1F0-01A	0.17374505153159844	True
TCGA-BH-A1F2-01A	0.14505870635007723	True
TCGA-BH-A1F5-01A	0.1479644807590043	True
TCGA-BH-A1F6-01A	0.13629073781769377	True
TCGA-BH-A1F8-01A	0.14367440133028336	True
TCGA-BH-A1FB-01A	0.14911033079825442	True
TCGA-BH-A1FC-01A	0.14825991170835057	True
TCGA-BH-A1FD-01A	0.14997341121455884	True
TCGA-BH-A1FE-01A	0.14543432569996032	True
TCGA-BH-A1FG-01A	0.13985490119944965	True
TCGA-BH-A1FH-01A	0.13822581053591174	True
TCGA-BH-A1FJ-01A	0.13506469937790683	True
TCGA-BH-A1FL-01A	0.1385676663487267	True
TCGA-BH-A1FM-01A	0.170220982350111	True
TCGA-BH-A1FN-01A	0.14486667623300217	True
TCGA-BH-A1FR-01A	0.14215715238328366	True
TCGA-BH-A1FU-01A	0.13534746900085254	True
TCGA-BH-A201-01A	0.14830844679288602	True
TCGA-BH-A202-01A	0.14172666728566485	True
TCGA-BH-A203-01A	0.13830177849431508	True
TCGA-BH-A204-01A	0.14966320871774527	True
TCGA-BH-A208-01A	0.14447839555671851	True
TCGA-BH-A209-01A	0.161028859383309	True
TCGA-BH-A28O-01A	0.1354213267381891	True
TCGA-BH-A28Q-01A	0.13832710114711616	True
TCGA-BH-A2L8-01A	0.13470807201762455	True
TCGA-BH-A42T-01A	0.13990554650505188	True
TCGA-BH-A42U-01A	0.13666635716757689	True
TCGA-BH-A42V-01A	0.1355500502232614	True
TCGA-BH-A5IZ-01A	0.1344084206261448	True
TCGA-BH-A5J0-01A	0.1372297861924015	True
TCGA-BH-A6R8-01A	0.15410522406327287	True
TCGA-BH-A6R9-01A	0.1977002810814461	True
TCGA-BH-A8FY-01A	0.15299946822429117	True
TCGA-BH-A8FZ-01A	0.14004482109545796	True
TCGA-BH-A8G0-01A	0.1403972280136067	True
TCGA-BH-AB28-01A	0.15314296325683077	True
TCGA-C8-A1HE-01A	0.14777667108406276	True
TCGA-C8-A1HF-01A	0.1499755214356256	True
TCGA-C8-A1HG-01A	0.1657177705936474	True
TCGA-C8-A1HI-01A	0.15329911961577095	True
TCGA-C8-A1HJ-01A	0.13990765672611863	True
TCGA-C8-A1HK-01A	0.13983168876771532	True
TCGA-C8-A1HL-01A	0.15210051404985186	True
TCGA-C8-A1HM-01A	0.1912430046171637	True
TCGA-C8-A1HN-01A	0.18529007098783667	True
TCGA-C8-A1HO-01A	0.14292527285158393	True
TCGA-C8-A26V-01A	0.14177942281233383	True
TCGA-C8-A26W-01A	0.1456369069223692	True
TCGA-C8-A26X-01A	0.1378628525124292	True
TCGA-C8-A26Y-01A	0.141882823644605	True
TCGA-C8-A26Z-01A	0.14292949329371746	True
TCGA-C8-A273-01A	0.13556271154966193	True
TCGA-C8-A274-01A	0.13850224949565718	True
TCGA-C8-A275-01A	0.13699344143292452	True
TCGA-C8-A278-01A	0.1438622110052249	True
TCGA-C8-A27A-01A	0.1610858353521115	True
TCGA-C8-A27B-01A	0.1416106051269931	True
TCGA-C8-A3M7-01A	0.13904246608874746	True
TCGA-C8-A3M8-01A	0.1421086172987482	True
TCGA-C8-A8HP-01A	0.1510812772746073	True
TCGA-C8-A8HQ-01A	0.1589671734010855	True
TCGA-C8-A8HR-01A	0.1523199770407948	True
TCGA-D8-A1J8-01A	0.13695123701158934	True
TCGA-D8-A1J9-01A	0.13945817963889898	True
TCGA-D8-A1JA-01A	0.15540301001932963	True
TCGA-D8-A1JB-01A	0.13992664871571947	True
TCGA-D8-A1JC-01A	0.14800035451713922	True
TCGA-D8-A1JD-01A	0.13825113318871285	True
TCGA-D8-A1JE-01A	0.14497429750740687	True
TCGA-D8-A1JF-01A	0.13946028985996572	True
TCGA-D8-A1JG-01B	0.1457804019549088	True
TCGA-D8-A1JH-01A	0.18682842214550396	True
TCGA-D8-A1JI-01A	0.1400933561799934	True
TCGA-D8-A1JJ-01A	0.14389597454229305	True
TCGA-D8-A1JK-01A	0.14184061922326982	True
TCGA-D8-A1JL-01A	0.13624220273315832	True
TCGA-D8-A1JM-01A	0.14199677558221	True
TCGA-D8-A1JN-01A	0.14447628533565177	True
TCGA-D8-A1JP-01A	0.14023474099146627	True
TCGA-D8-A1JS-01A	0.13929780283782528	True
TCGA-D8-A1JT-01A	0.1452254138143512	True
TCGA-D8-A1JU-01A	0.14265938499717232	True
TCGA-D8-A1X5-01A	0.143879092773759	True
TCGA-D8-A1X6-01A	0.14431801875564484	True
TCGA-D8-A1X7-01A	0.14479703893779913	True
TCGA-D8-A1X8-01A	0.13862675253859594	True
TCGA-D8-A1X9-01A	0.1511783474436782	True
TCGA-D8-A1XA-01A	0.1393378970380937	True
TCGA-D8-A1XB-01A	0.1408867993010948	True
TCGA-D8-A1XC-01A	0.13951515560770147	True
TCGA-D8-A1XD-01A	0.13748301272041258	True
TCGA-D8-A1XF-01A	0.13834398291565025	True
TCGA-D8-A1XG-01A	0.13969452439837599	True
TCGA-D8-A1XJ-01A	0.13866262629673085	True
TCGA-D8-A1XK-01A	0.13858454811726076	True
TCGA-D8-A1XL-01A	0.13678030910518185	True
TCGA-D8-A1XM-01A	0.14267626676570638	True
TCGA-D8-A1XO-01A	0.13947084096529952	True
TCGA-D8-A1XQ-01A	0.1441808543863055	True
TCGA-D8-A1XR-01A	0.14965476783347822	True
TCGA-D8-A1XT-01A	0.1365988300934406	True
TCGA-D8-A1XU-01A	0.14216770348861746	True
TCGA-D8-A1XV-01A	0.13873226359193389	True
TCGA-D8-A1XW-01A	0.1444340809143166	True
TCGA-D8-A1XY-01A	0.15116568611727765	True
TCGA-D8-A1XZ-01A	0.15357555857551636	True
TCGA-D8-A1Y0-01A	0.14294637506225152	True
TCGA-D8-A1Y1-01A	0.14999240320415966	True
TCGA-D8-A1Y2-01A	0.14777034042086248	True
TCGA-D8-A1Y3-01A	0.1723649669539381	True
TCGA-D8-A27E-01A	0.14040988934000725	True
TCGA-D8-A27F-01A	0.14410488642790217	True
TCGA-D8-A27G-01A	0.13638147732356443	True
TCGA-D8-A27H-01A	0.14181529657046874	True
TCGA-D8-A27I-01A	0.1357083168032683	True
TCGA-D8-A27K-01A	0.13946451030209925	True
TCGA-D8-A27L-01A	0.14135737859898204	True
TCGA-D8-A27M-01A	0.13503304606190544	True
TCGA-D8-A27N-01A	0.14040355867680698	True
TCGA-D8-A27P-01A	0.13755053979454887	True
TCGA-D8-A27R-01A	0.1457909530602426	True
TCGA-D8-A27T-01A	0.1408867993010948	True
TCGA-D8-A27V-01A	0.14057448658321445	True
TCGA-D8-A27W-01A	0.14309409053692465	True
TCGA-D8-A3Z5-01A	0.13591722868887746	True
TCGA-D8-A3Z6-01A	0.14252222062783299	True
TCGA-D8-A4Z1-01A	0.1477851119683298	True
TCGA-D8-A73U-01A	0.15188527150104245	True
TCGA-D8-A73W-01A	0.1393336765959602	True
TCGA-D8-A73X-01A	0.17491622422364966	True
TCGA-E2-A105-01A	0.17797182432831662	True
TCGA-E2-A106-01A	0.18330646318508326	True
TCGA-E2-A107-01A	0.16094867098277216	True
TCGA-E2-A108-01A	0.16085793147690153	True
TCGA-E2-A109-01A	0.17247680867047632	True
TCGA-E2-A10B-01A	0.17634273366477873	True
TCGA-E2-A10C-01A	0.1962400081032489	True
TCGA-E2-A10E-01A	0.1697588439364908	True
TCGA-E2-A10F-01A	0.16646689907234682	True
TCGA-E2-A14N-01A	0.15086603472579788	True
TCGA-E2-A14U-01A	0.13460045074321986	True
TCGA-E2-A15I-01A	0.15577229870601245	True
TCGA-E2-A15J-01A	0.15043765984924581	True
TCGA-E2-A15K-01A	0.15583771555908196	True
TCGA-E2-A1AZ-01A	0.14224156122595402	True
TCGA-E2-A1B0-01A	0.14324391623266453	True
TCGA-E2-A1B1-01A	0.1492200622937259	True
TCGA-E2-A1B4-01A	0.1562217757932321	True
TCGA-E2-A1B5-01A	0.15660372580631546	True
TCGA-E2-A1B6-01A	0.16833022427429498	True
TCGA-E2-A1BC-01A	0.1570595335567354	True
TCGA-E2-A1BD-01A	0.15687383410286063	True
TCGA-E2-A1IE-01A	0.14836331254062177	True
TCGA-E2-A1IF-01A	0.13776367212229154	True
TCGA-E2-A1IG-01A	0.13721290442386744	True
TCGA-E2-A1IH-01A	0.14356255961374514	True
TCGA-E2-A1II-01A	0.13552683779152705	True
TCGA-E2-A1IJ-01A	0.13578428476167162	True
TCGA-E2-A1IK-01A	0.13475660710216003	True
TCGA-E2-A1IL-01A	0.14157262114779146	True
TCGA-E2-A1IN-01A	0.15045665183884663	True
TCGA-E2-A1IO-01A	0.13912476471035107	True
TCGA-E2-A1IU-01A	0.13792826936549873	True
TCGA-E2-A1L6-01A	0.15240016544133164	True
TCGA-E2-A1L7-01A	0.13698289032759073	True
TCGA-E2-A1L8-01A	0.15071409880899123	True
TCGA-E2-A1L9-01A	0.13911632382608402	True
TCGA-E2-A1LA-01A	0.13651653147183698	True
TCGA-E2-A1LB-01A	0.13790716715483115	True
TCGA-E2-A1LE-01A	0.13974727992504496	True
TCGA-E2-A1LG-01A	0.14076018603708926	True
TCGA-E2-A1LH-01A	0.14008280507465962	True
TCGA-E2-A1LI-01A	0.14078550868989034	True
TCGA-E2-A1LK-01A	0.14261507035477036	True
TCGA-E2-A1LL-01A	0.13640046931316524	True
TCGA-E2-A1LS-01A	0.1815106650572714	True
TCGA-E2-A2P5-01A	0.1425876374809025	True
TCGA-E2-A2P6-01A	0.13873226359193389	True
TCGA-E2-A3DX-01A	0.1446809767791274	True
TCGA-E2-A56Z-01A	0.1661081614909978	True
TCGA-E2-A570-01A	0.15175443779490339	True
TCGA-E2-A572-01A	0.16402326307703996	True
TCGA-E2-A573-01A	0.14872627056410428	True
TCGA-E2-A574-01A	0.1540630196419377	True
TCGA-E2-A576-01A	0.17697368976373964	True
TCGA-E2-A9RU-01A	0.17680276185733218	True
TCGA-E9-A1N3-01A	0.16327835504047403	True
TCGA-E9-A1N4-01A	0.1467046787821492	True
TCGA-E9-A1N5-01A	0.13970718572477653	True
TCGA-E9-A1N6-01A	0.13643634307130015	True
TCGA-E9-A1N8-01A	0.13814773235644165	True
TCGA-E9-A1N9-01A	0.13869850005486575	True
TCGA-E9-A1NA-01A	0.1364743270505018	True
TCGA-E9-A1NC-01A	0.13805699285057102	True
TCGA-E9-A1ND-01A	0.1353643507693866	True
TCGA-E9-A1NE-01A	0.13760962598441812	True
TCGA-E9-A1NF-01A	0.14007647441145935	True
TCGA-E9-A1NG-01A	0.14474217319006338	True
TCGA-E9-A1NH-01A	0.13622532096462425	True
TCGA-E9-A1NI-01A	0.14593866853491572	True
TCGA-E9-A1QZ-01A	0.13774256991162395	True
TCGA-E9-A1R0-01A	0.1398738931890505	True
TCGA-E9-A1R2-01A	0.13906778874154857	True
TCGA-E9-A1R3-01A	0.14867140481636856	True
TCGA-E9-A1R4-01A	0.14099864101763301	True
TCGA-E9-A1R5-01A	0.14128563108271222	True
TCGA-E9-A1R6-01A	0.14509669032927888	True
TCGA-E9-A1R7-01A	0.14139747279925044	True
TCGA-E9-A1RA-01A	0.13728465194013725	True
TCGA-E9-A1RB-01A	0.1484540520464924	True
TCGA-E9-A1RC-01A	0.17850571025820666	True
TCGA-E9-A1RD-01A	0.17278490094622312	True
TCGA-E9-A1RE-01A	0.15561403212600552	True
TCGA-E9-A1RF-01A	0.1734031957187835	True
TCGA-E9-A1RG-01A	0.14355200850841135	True
TCGA-E9-A1RH-01A	0.14549974255302986	True
TCGA-E9-A1RI-01A	0.13349891534637168	True
TCGA-E9-A226-01A	0.17880325142861966	True
TCGA-E9-A227-01A	0.1447463936321969	True
TCGA-E9-A228-01A	0.16859400190763985	True
TCGA-E9-A229-01A	0.14971596424441425	True
TCGA-E9-A22A-01A	0.164154096783179	True
TCGA-E9-A22B-01A	0.18235264326290823	True
TCGA-E9-A22D-01A	0.18319462146854504	True
TCGA-E9-A22E-01A	0.1916376159566476	True
TCGA-E9-A22G-01A	0.18893020232799587	True
TCGA-E9-A22H-01A	0.14247790598543103	True
TCGA-E9-A243-01A	0.1422626634366216	True
TCGA-E9-A244-01A	0.1384283917583206	True
TCGA-E9-A245-01A	0.13568510437153397	True
TCGA-E9-A247-01A	0.14058714790961502	True
TCGA-E9-A248-01A	0.13471018223869133	True
TCGA-E9-A249-01A	0.13806121329270454	True
TCGA-E9-A24A-01A	0.13639413864996497	True
TCGA-E9-A295-01A	0.1425053388592989	True
TCGA-E9-A2JS-01A	0.1370356458542597	True
TCGA-E9-A2JT-01A	0.13449704991094866	True
TCGA-E9-A3HO-01A	0.15415797958994185	True
TCGA-E9-A3Q9-01A	0.1402073081175984	True
TCGA-E9-A3QA-01A	0.1358834651518093	True
TCGA-E9-A3X8-01A	0.1358729140464755	True
TCGA-E9-A54X-01A	0.16161761106093475	True
TCGA-E9-A54Y-01A	0.1772796718184197	True
TCGA-E9-A5FK-01A	0.13513011623097634	True
TCGA-E9-A5FL-01A	0.13398848663385976	True
TCGA-E9-A5UO-01A	0.14606950224105478	True
TCGA-E9-A5UP-01A	0.15324847431016872	True
TCGA-E9-A6HE-01A	0.17450051067349814	True
TCGA-EW-A1IW-01A	0.13972828793544412	True
TCGA-EW-A1IX-01A	0.1352926032531168	True
TCGA-EW-A1IY-01A	0.1366093811987744	True
TCGA-EW-A1IZ-01A	0.13728887238227078	True
TCGA-EW-A1J1-01A	0.13904879675194773	True
TCGA-EW-A1J2-01A	0.1363055093651611	True
TCGA-EW-A1J3-01A	0.13687104861105248	True
TCGA-EW-A1J5-01A	0.14074963493175546	True
TCGA-EW-A1J6-01A	0.13632661157582868	True
TCGA-EW-A1OV-01A	0.13818571633564333	True
TCGA-EW-A1OW-01A	0.14012078905386127	True
TCGA-EW-A1OX-01A	0.13610292814275224	True
TCGA-EW-A1OY-01A	0.14244836289049642	True
TCGA-EW-A1OZ-01A	0.13829122738898128	True
TCGA-EW-A1P0-01A	0.1358222687408733	True
TCGA-EW-A1P1-01A	0.13828489672578098	True
TCGA-EW-A1P3-01A	0.13595732288914586	True
TCGA-EW-A1P4-01A	0.13574841100353674	True
TCGA-EW-A1P5-01A	0.13720446353960042	True
TCGA-EW-A1P6-01A	0.13832710114711616	True
TCGA-EW-A1P7-01A	0.1356829941504672	True
TCGA-EW-A1P8-01A	0.13517232065231152	True
TCGA-EW-A1PA-01A	0.13937166057516184	True
TCGA-EW-A1PB-01A	0.13563445906593175	True
TCGA-EW-A1PC-01B	0.14739894151311292	True
TCGA-EW-A1PE-01A	0.13503937672510571	True
TCGA-EW-A1PF-01A	0.13626119472275916	True
TCGA-EW-A1PG-01A	0.13555638088646166	True
TCGA-EW-A1PH-01A	0.14205797199314601	True
TCGA-EW-A2FR-01A	0.13910366249968348	True
TCGA-EW-A2FS-01A	0.136227431185691	True
TCGA-EW-A2FV-01A	0.13438520819441044	True
TCGA-EW-A2FW-01A	0.14372926707801909	True
TCGA-EW-A3E8-01B	0.13692380413772146	True
TCGA-EW-A3U0-01A	0.13748301272041258	True
TCGA-EW-A423-01A	0.1427163609659748	True
TCGA-EW-A424-01A	0.13594677178381206	True
TCGA-EW-A6S9-01A	0.14585003925011183	True
TCGA-EW-A6SB-01A	0.1755577314279444	True
TCGA-EW-A6SC-01A	0.18804812992209063	True
TCGA-EW-A6SD-01A	0.16404014484557403	True
TCGA-GI-A2C8-01A	0.14114213605017262	True
TCGA-GI-A2C9-01A	0.1415494087160571	True
TCGA-GM-A2D9-01A	0.13593411045741152	True
TCGA-GM-A2DA-01A	0.14492998286500494	True
TCGA-GM-A2DB-01A	0.13759274421588405	True
TCGA-GM-A2DC-01A	0.13507947092537415	True
TCGA-GM-A2DD-01A	0.13707151961239458	True
TCGA-GM-A2DF-01A	0.13394206177039106	True
TCGA-GM-A2DH-01A	0.13431768112027415	True
TCGA-GM-A2DI-01A	0.13579272564593867	True
TCGA-GM-A2DK-01A	0.1351997535261794	True
TCGA-GM-A2DL-01A	0.13695967789585636	True
TCGA-GM-A2DM-01A	0.13504781760937276	True
TCGA-GM-A2DN-01A	0.13501616429337138	True
TCGA-GM-A2DO-01A	0.13460045074321986	True
TCGA-GM-A3NW-01A	0.13703775607532645	True
TCGA-GM-A3NY-01A	0.14041622000320753	True
TCGA-GM-A3XG-01A	0.13626752538595943	True
TCGA-GM-A3XL-01A	0.16247436081403888	True
TCGA-GM-A3XN-01A	0.14183850900220307	True
TCGA-GM-A4E0-01A	0.1524275983151995	True
TCGA-GM-A5PV-01A	0.1442631530079091	True
TCGA-GM-A5PX-01A	0.14606528179892125	True
TCGA-HN-A2NL-01A	0.13506469937790683	True
TCGA-HN-A2OB-01A	0.13399903773919355	True
TCGA-JL-A3YW-01A	0.15478049480463574	True
TCGA-JL-A3YX-01A	0.1427522347241097	True
TCGA-LD-A66U-01A	0.1717466721813777	True
TCGA-LD-A74U-01A	0.16704932008677228	True
TCGA-LD-A7W5-01A	0.14347815077107479	True
TCGA-LD-A7W6-01A	0.14092267305922968	True
TCGA-LD-A9QF-01A	0.15322526187843438	True
TCGA-LL-A440-01A	0.13753576824708155	True
TCGA-LL-A441-01A	0.13967131196664162	True
TCGA-LL-A442-01A	0.13869638983379898	True
TCGA-LL-A50Y-01A	0.143879092773759	True
TCGA-LL-A5YL-01A	0.16856867925483873	True
TCGA-LL-A5YM-01A	0.14543221547889357	True
TCGA-LL-A5YN-01A	0.1475023423453841	True
TCGA-LL-A5YO-01A	0.1418321783390028	True
TCGA-LL-A5YP-01A	0.13883777464527183	True
TCGA-LL-A6FP-01A	0.17431903166175688	True
TCGA-LL-A6FQ-01A	0.1832178339002794	True
TCGA-LL-A6FR-01A	0.17149344565336663	True
TCGA-LL-A73Y-01A	0.14649154645440657	True
TCGA-LL-A73Z-01A	0.2102497657654616	True
TCGA-LL-A740-01A	0.20819019000430486	True
TCGA-LL-A7SZ-01A	0.15578073959027947	True
TCGA-LL-A7T0-01A	0.1386035401068616	True
TCGA-LL-A8F5-01A	0.15232208726186156	True
TCGA-LL-A9Q3-01A	0.15848182255573093	True
TCGA-LQ-A4E4-01A	0.1517185640367685	True
TCGA-MS-A51U-01A	0.16094867098277216	True
TCGA-OK-A5Q2-01A	0.13394628221252458	True
TCGA-OL-A5D6-01A	0.13376480320078332	True
TCGA-OL-A5D7-01A	0.13404124216052873	True
TCGA-OL-A5D8-01A	0.13496762920883593	True
TCGA-OL-A5DA-01A	0.13506891982004035	True
TCGA-OL-A5RU-01A	0.14551029365836365	True
TCGA-OL-A5RV-01A	0.14074330426855516	True
TCGA-OL-A5RW-01A	0.14837386364595556	True
TCGA-OL-A5RX-01A	0.14073275316322137	True
TCGA-OL-A5RY-01A	0.14245047311156317	True
TCGA-OL-A5RZ-01A	0.15153075436182695	True
TCGA-OL-A5S0-01A	0.142233120341687	True
TCGA-OL-A66H-01A	0.1409838694701657	True
TCGA-OL-A66I-01A	0.13953625781836906	True
TCGA-OL-A66J-01A	0.14353090629774376	True
TCGA-OL-A66K-01A	0.22960682361084148	True
TCGA-OL-A66L-01A	0.17396662474360813	True
TCGA-OL-A66N-01A	0.1805737269036304	True
TCGA-OL-A66O-01A	0.18585772045479484	True
TCGA-OL-A66P-01A	0.16853913615990412	True
TCGA-OL-A6VO-01A	0.14669834811894894	True
TCGA-OL-A6VQ-01A	0.1904558921592626	True
TCGA-OL-A6VR-01A	0.15907690489655696	True
TCGA-OL-A97C-01A	0.15123954385461422	True
TCGA-PE-A5DC-01A	0.1387786884554026	True
TCGA-PE-A5DD-01A	0.1340939976871977	True
TCGA-PE-A5DE-01A	0.13399270707599328	True
TCGA-PL-A8LV-01A	0.14385377012095787	True
TCGA-PL-A8LX-01A	0.1445205999780537	True
TCGA-PL-A8LY-01A	0.14087202775362748	True
TCGA-PL-A8LZ-01A	0.16244481771910424	True
TCGA-S3-A6ZF-01A	0.2053498324484473	True
TCGA-S3-A6ZG-01A	0.1984916139814807	True
TCGA-S3-A6ZH-01A	0.1934629571793941	True
TCGA-S3-AA0Z-01A	0.165327379696297	True
TCGA-S3-AA10-01A	0.15509280752251606	True
TCGA-S3-AA11-01A	0.1456516784698365	True
TCGA-S3-AA12-01A	0.1481290780022115	True
TCGA-S3-AA14-01A	0.15421495555874434	True
TCGA-S3-AA15-01A	0.15192536570131088	True
TCGA-S3-AA17-01A	0.14158317225312525	True
TCGA-UL-AAZ6-01A	0.15586303821188308	True
TCGA-UU-A93S-01A	0.15511813017531717	True
TCGA-V7-A7HQ-01A	0.14014822192772916	True
TCGA-W8-A86G-01A	0.15423605776941193	True
TCGA-WT-AB41-01A	0.159969528407796	True
TCGA-WT-AB44-01A	0.16512268825282136	True
TCGA-XX-A899-01A	0.14799402385393895	True
TCGA-XX-A89A-01A	0.16422795452051556	True
TCGA-Z7-A8R5-01A	0.15006626094149622	True
TCGA-Z7-A8R6-01A	0.1483189978982198	True
