probe_id	tumor_mean_beta	normal_mean_beta	tumor_mean_m	normal_mean_m	delta_beta	delta_m	tumor_n	normal_n	test_statistic	p_value	fdr	abs_delta_beta	direction	gene	chrom	chromStart	chromEnd	strand	probe_missing_fraction
cg00428457	0.8234605228199678	0.1871576502015394	2.847299	-2.549045	0.6363028726184284	5.396344	136	643	28.838463989587	2.997269065125013e-67	5.345887282197924e-65	0.6363028726184284	hypermethylated		chr2	119130103	119130105	+	0.001282051282051282
cg23440816	0.9262104452091412	0.34098070776481093	3.974559	-1.1061525	0.5852297374443303	5.0807114	137	643	46.087105436686656	9.355484545078648e-144	3.119614794770308e-140	0.5852297374443303	hypermethylated	CAPN2	chr1	223761207	223761209	+	0.0
cg03441279	0.9075269138111788	0.34110775926663944	3.5083482	-1.0959574	0.5664191545445394	4.6043057	136	593	48.893766393895795	1.891008529507177e-164	1.2721875996818364e-160	0.5664191545445394	hypermethylated	BCL9	chr1	147612149	147612151	-	0.06538461538461539
cg17219660	0.8760309149749088	0.3285838110770525	3.4776661	-1.2940955	0.5474471038978563	4.771762	137	641	29.064420650634954	1.7436326136930254e-83	6.416819021165817e-81	0.5474471038978563	hypermethylated	GPR37L1	chr1	202122751	202122753	+	0.002564102564102564
cg08960448	0.9297313272517963	0.3993722016852158	4.911057	-0.63162225	0.5303591255665805	5.5426793	137	643	33.42674995884896	4.023078491655042e-74	9.889320078675965e-72	0.5303591255665805	hypermethylated	AC020663.4,SEPTIN12;SMIM22	chr16	4788656	4788658	+	0.0
cg03228065	0.8943526553411554	0.3651281804726988	3.2783504	-0.8851775	0.5292244748684566	4.163528	137	643	49.257114867012845	1.322788983152399e-134	3.092995208283131e-131	0.5292244748684566	hypermethylated	E4F1	chr16	2226768	2226770	+	0.0
cg05327192	0.8870982706111713	0.36958873030928024	3.192122	-0.8666973	0.517509540301891	4.0588193	137	643	45.78873403290425	4.5631663127083365e-123	7.414821006744508e-120	0.517509540301891	hypermethylated	KLHL35	chr11	75422548	75422550	-	0.0
cg23703633	0.903153245466469	0.39411656856536864	3.630854	-0.7052692	0.5090366769011003	4.336123	137	640	38.193835873561845	4.04509375613004e-101	3.041521858346946e-98	0.5090366769011003	hypermethylated	ANK3	chr10	60375782	60375784	+	0.0038461538461538464
cg20776543	0.9448965030865077	0.439660720469236	4.805335	-0.35784328	0.5052357826172718	5.1631784	137	643	43.28414969585991	2.0560486228488293e-98	1.3905379567062849e-95	0.5052357826172718	hypermethylated	AC073957.3,GET4;SUN1	chr7	881518	881520	+	0.0
cg20035127	0.9169069833128992	0.4163933897170777	3.7497067	-0.57846755	0.5005135935958216	4.328174	137	626	42.50473921830134	1.0856200538713813e-138	2.973598626272232e-135	0.5005135935958216	hypermethylated	AC036214.4	chr8	79907241	79907243	+	0.021794871794871794
cg07222900	0.9009296946281934	0.4007411262666456	3.561601	-0.6307184	0.5001885683615478	4.1923194	137	643	37.40635874101902	3.7123159651405944e-97	2.3965749418660418e-94	0.5001885683615478	hypermethylated	HDAC4	chr2	239358280	239358282	-	0.0
cg20415486	0.8934467065073278	0.3947231494749075	3.5902734	-0.76379716	0.49872355703242033	4.3540707	137	642	29.638691814280158	2.5997386256577566e-92	1.3750680972684214e-89	0.49872355703242033	hypermethylated		chr10	3907013	3907015	+	0.001282051282051282
cg00955911	0.5462771784650148	0.04960254710718039	0.18138288	-4.595944	0.4966746313578344	4.7773266	137	643	23.513915693026547	2.4038104036606474e-51	1.855024049600587e-49	0.4966746313578344	hypermethylated	FOXA1	chr14	37592782	37592784	+	0.0
cg10505610	0.8907822440652287	0.3955946903021117	3.5559123	-0.69072884	0.49518755376311696	4.246641	136	643	30.390283448238534	2.2124334171761102e-82	7.884796049423235e-80	0.49518755376311696	hypermethylated	SH3PXD2B	chr5	172355202	172355204	+	0.001282051282051282
cg09322899	0.9343947807367701	0.4414553249234545	4.244791	-0.3284588	0.49293945581331555	4.57325	137	643	43.33101072337499	1.9743481148909277e-119	2.8250195744975335e-116	0.49293945581331555	hypermethylated	HDAC4	chr2	239358521	239358523	+	0.0
cg14800014	0.8919968987903456	0.3991278712152508	3.4188404	-0.6289674	0.4928690275750948	4.0478077	137	643	36.25866461504191	7.048998173027975e-86	2.8940967648920888e-83	0.4928690275750948	hypermethylated	AC093535.1,GRAMD2B	chr5	126465071	126465073	+	0.0
cg10970143	0.7262520509607652	0.23531960908685956	1.6541102	-1.912261	0.4909324418739056	3.5663712	136	627	26.63392416323683	4.4886293523732367e-63	6.564680344713644e-61	0.4909324418739056	hypermethylated	CFAP45	chr1	159896767	159896769	+	0.021794871794871794
cg12047425	0.8826738343621693	0.3917492381521554	4.0503635	-0.6984559	0.4909245962100139	4.7488194	137	643	25.945349540151287	4.083375524941921e-59	4.787086811143392e-57	0.4909245962100139	hypermethylated	ALPL	chr1	21551082	21551084	-	0.0
cg16373000	0.8749749956339815	0.38845488220499613	3.4369297	-0.72788495	0.4865201134289854	4.1648145	137	643	29.441342226961584	2.6193133433053725e-70	5.377038046416779e-68	0.4865201134289854	hypermethylated	C7orf50,GPR146	chr7	1046583	1046585	-	0.0
cg13723853	0.8851169112825046	0.39927523836933804	3.4578154	-0.5702836	0.48584167291316654	4.028099	137	643	29.20495689735353	3.765503919813557e-75	9.691017138488754e-73	0.48584167291316654	hypermethylated		chr14	68855530	68855532	+	0.0
cg00602115	0.8813109571916343	0.40062231766550166	3.2649903	-0.69240403	0.48068863952613267	3.9573944	137	608	32.574300224587134	3.395627838175484e-94	1.9290737818266533e-91	0.48068863952613267	hypermethylated	DTNA	chr18	34819022	34819024	-	0.04487179487179487
cg12911556	0.9204445720589074	0.44051307690087965	3.6545053	-0.36502638	0.47993149515802774	4.0195317	137	643	57.32634156719075	1.8903818204927137e-196	5.177904336329724e-192	0.47993149515802774	hypermethylated	SNX10	chr7	26364159	26364161	+	0.0
cg20995304	0.850429562756615	0.3708208743656907	2.6918573	-0.8745604	0.47960868839092424	3.5664177	137	642	38.09354991597423	3.555645677111526e-111	3.895677152707526e-108	0.47960868839092424	hypermethylated	HDAC7	chr12	47802383	47802385	-	0.001282051282051282
cg06886374	0.8916499009772912	0.4135420227050781	3.5673077	-0.5556719	0.4781078782722131	4.1229796	134	600	28.98786019349647	3.1348997366151407e-80	1.0179027408124848e-77	0.4781078782722131	hypermethylated	IGFALS,SPSB3	chr16	1794150	1794152	+	0.05897435897435897
cg13985135	0.9347867199974339	0.45715898858571724	4.0592866	-0.2614724	0.47762773141171666	4.320759	137	603	47.96976027975099	5.773352441091853e-174	5.534783084844835e-170	0.47762773141171666	hypermethylated	YY1AP1	chr1	155672035	155672037	+	0.05128205128205128
cg15023858	0.8632231663613423	0.3867863600816184	2.913832	-0.74994963	0.47643680627972396	3.6637816	137	615	33.26966965110777	4.924469977380678e-97	3.1684419911009157e-94	0.47643680627972396	hypermethylated	MITF	chr3	69763282	69763284	-	0.035897435897435895
cg07700920	0.9268050924704893	0.45047335624694823	3.9808195	-0.23712881	0.476331736223541	4.2179484	137	640	35.77511494811555	3.491606984818248e-139	9.63259008687222e-136	0.476331736223541	hypermethylated	USP10	chr16	84747119	84747121	+	0.0038461538461538464
cg02693150	0.9163519354427562	0.441631833968624	3.745423	-0.37649804	0.4747201014741322	4.121921	136	620	38.744799193097585	2.1318984983720762e-128	4.171026780965502e-125	0.4747201014741322	hypermethylated	NDUFAF6	chr8	95027893	95027895	+	0.03076923076923077
cg21386863	0.8282322570355269	0.35461829201800643	2.4820604	-0.95071656	0.4736139650175205	3.432777	137	643	35.84589515293111	1.0683260473576703e-90	5.2997678875329e-88	0.4736139650175205	hypermethylated		chr2	150120507	150120509	+	0.0
cg19755714	0.8757310755112592	0.4021780483258037	3.1165822	-0.64751834	0.47355302718545544	3.7641006	136	626	34.79067482035794	1.859685069003703e-87	8.150117635381932e-85	0.47355302718545544	hypermethylated	MAML3	chr4	139921747	139921749	-	0.023076923076923078
cg19320820	0.7784489638932789	0.3049774922822651	2.0776682	-1.5620836	0.47347147161101377	3.639752	131	608	25.033185728243367	2.3602569072324675e-69	4.617806512619089e-67	0.47347147161101377	hypermethylated	AFF1	chr4	87045173	87045175	-	0.052564102564102565
cg19171161	0.873806640179488	0.40100005619109624	3.0737484	-0.6708665	0.4728065839883917	3.7446148	137	630	35.94971875995441	2.804198139172624e-100	2.056077752632247e-97	0.4728065839883917	hypermethylated		chr17	79829860	79829862	+	0.016666666666666666
cg03190578	0.8992281168916799	0.42666160856398233	3.3392153	-0.4538511	0.4725665083276976	3.7930665	137	643	46.69322593556344	3.539152080006263e-128	6.854354481172129e-125	0.4725665083276976	hypermethylated		chr3	13476396	13476398	-	0.0
cg17463633	0.9028524134280907	0.4309068202972412	3.7952762	-0.41819534	0.47194559313084955	4.2134714	137	640	26.173904740777427	2.154929633426766e-84	8.397896559550766e-82	0.47194559313084955	hypermethylated	AL359924.1	chr1	237861162	237861164	-	0.0038461538461538464
cg04557423	0.9479775533188869	0.47674641230985126	4.3677692	-0.054920275	0.4712311410090356	4.4226894	137	643	48.21899609995793	1.755983170186311e-206	1.1222810370908581e-201	0.4712311410090356	hypermethylated	CASC8	chr8	127482482	127482484	+	0.0
cg25979244	0.8188862487347457	0.3478220795769343	2.3763258	-0.97571856	0.4710641691578114	3.3520443	137	643	36.07481357367258	7.868530060577924e-88	3.52494519960266e-85	0.4710641691578114	hypermethylated	DISC1	chr1	231855968	231855970	-	0.0
cg08435683	0.9278508207223711	0.4571211364079563	3.9397182	-0.1380937	0.4707296843144148	4.0778117	137	641	33.523874178903355	4.1130112816738474e-141	1.2419059442478363e-137	0.4707296843144148	hypermethylated	SLC23A2	chr20	4855691	4855693	-	0.002564102564102564
cg26607528	0.9276143094919024	0.45945571258687307	3.8829048	-0.23306394	0.4681585969050293	4.1159687	137	643	50.19780014118127	2.24901478820015e-150	9.582577220509997e-147	0.4681585969050293	hypermethylated		chr2	69441171	69441173	-	0.0
cg18948877	0.9205920969256918	0.45323314575777524	3.8730235	-0.17026895	0.46735895116791654	4.0432925	131	629	32.03954580212587	1.1331210813992518e-117	1.546331224929724e-114	0.46735895116791654	hypermethylated	LINC01237	chr2	241962586	241962588	-	0.02564102564102564
cg26308909	0.8761375594313128	0.4094883632345168	3.1985598	-0.5733049	0.46664919619679596	3.7718647	137	606	28.073652073552662	1.0226555940997234e-76	2.807149343772477e-74	0.46664919619679596	hypermethylated	AC069288.1,MAD1L1	chr7	2193454	2193456	-	0.047435897435897434
cg10371483	0.8874888733355668	0.4226216094542219	3.272949	-0.5010452	0.4648672638813449	3.7739942	137	641	36.30293149487099	5.789310257139713e-104	4.87919251344093e-101	0.4648672638813449	hypermethylated	ADCY9	chr16	4102043	4102045	+	0.002564102564102564
cg04807036	0.8462138489215043	0.3846784149691996	2.629938	-0.7303304	0.46153543395230473	3.3602684	137	643	40.15778524154737	1.3665151911240758e-101	1.0459460017076656e-98	0.46153543395230473	hypermethylated		chr6	33714010	33714012	-	0.0
cg06411879	0.8278057348989222	0.3663939243156469	2.5649319	-0.87806004	0.4614118105832753	3.442992	137	643	30.2366865084746	1.5164592570383202e-74	3.8007722075538676e-72	0.4614118105832753	hypermethylated	NEBL	chr10	21167109	21167111	-	0.0
cg14181111	0.8462342867886063	0.3869110866801735	2.9627907	-0.7216454	0.45932320010843286	3.684436	137	643	26.5428672659311	8.542435715683406e-64	1.2917099236312427e-61	0.45932320010843286	hypermethylated	AL135926.1	chr1	168804074	168804076	-	0.0
cg25950520	0.920333082658531	0.46104836945956457	3.8700013	-0.17626327	0.4592847131989664	4.0462646	137	643	39.43793055945062	4.658367651543213e-115	5.689009241098496e-112	0.4592847131989664	hypermethylated	RALB	chr2	120279183	120279185	-	0.0
cg18095824	0.8801013361798585	0.4213419401664673	3.1293557	-0.5128562	0.4587593960133912	3.642212	137	627	37.65659038583218	6.678714573572547e-103	5.369168461724189e-100	0.4587593960133912	hypermethylated	FNIP2	chr4	158783140	158783142	-	0.020512820512820513
cg26823144	0.8771316082808223	0.41850185691381914	3.1266222	-0.5021829	0.4586297513670031	3.6288052	137	642	33.50045836103075	1.895683611293137e-95	1.1429869341292304e-92	0.4586297513670031	hypermethylated	WDR64	chr1	241801424	241801426	+	0.001282051282051282
cg11197206	0.9246695059317129	0.46609544836956524	3.730016	-0.19005999	0.4585740575621477	3.920076	135	575	43.25041032218176	2.9877531221481185e-193	7.160729234395382e-189	0.4585740575621477	hypermethylated	EVL	chr14	100038428	100038430	+	0.08974358974358974
cg17939040	0.8976768776222511	0.4391582827024822	3.572288	-0.4203033	0.45851859491976893	3.9925914	135	632	29.917161242172625	1.3225668910527446e-80	4.368355282333222e-78	0.45851859491976893	hypermethylated	ACACA	chr17	37147031	37147033	+	0.016666666666666666
cg19437852	0.8429701867764884	0.38575005457037337	2.8496478	-0.75136465	0.457220132206115	3.6010125	137	642	26.8987774615074	5.042903771130718e-64	7.707482471180819e-62	0.457220132206115	hypermethylated	EPN1	chr19	55684098	55684100	+	0.001282051282051282
cg19870898	0.881563172723255	0.42464393627587965	3.0401528	-0.49247995	0.45691923644737537	3.5326328	137	643	40.72686945103989	2.40380944043215e-146	9.037168724823108e-143	0.45691923644737537	hypermethylated		chr14	103210117	103210119	+	0.0
cg21616051	0.841130817637724	0.38423042653877043	2.7849963	-0.7762052	0.4569003910989536	3.5612016	136	642	28.50017377666598	1.7014569778400012e-69	3.358000045029764e-67	0.4569003910989536	hypermethylated	IDUA,SLC26A1	chr4	993514	993516	+	0.002564102564102564
cg00067884	0.8840944610372947	0.4273507800273865	3.2025604	-0.47254544	0.4567436810099082	3.6751058	137	639	36.97808753837004	7.340487806947298e-105	6.3540952591825906e-102	0.4567436810099082	hypermethylated	AC073167.1,HERC1	chr15	63677998	63678000	-	0.005128205128205128
cg16025492	0.9045861794130645	0.44796961759149007	3.41029	-0.31537804	0.45661656182157445	3.725668	137	643	48.62110318687622	5.158523228271926e-133	1.1368644027980826e-129	0.45661656182157445	hypermethylated		chr5	115429050	115429052	+	0.0
cg14078335	0.8645820896120837	0.4087107055283781	2.9805179	-0.6098779	0.4558713840837056	3.5903957	137	642	33.28350499793867	6.727354861790937e-88	3.020779269561864e-85	0.4558713840837056	hypermethylated	NUMA1,RNU6-72P	chr11	72049244	72049246	-	0.001282051282051282
cg16702815	0.8841964833057709	0.4289611134993022	3.1694045	-0.45482567	0.4552353698064687	3.6242301	137	627	38.45222947913712	3.776480149792746e-108	3.732398503920552e-105	0.4552353698064687	hypermethylated	AGR3	chr7	16880646	16880648	+	0.020512820512820513
cg02477603	0.7192328794159158	0.2646016644467462	1.6785742	-1.6904371	0.45463121496916964	3.3690114	137	643	21.03001725455665	1.9446245101518828e-48	1.2695047761873555e-46	0.45463121496916964	hypermethylated		chr10	123274779	123274781	-	0.0
cg24296761	0.8952569891936588	0.4414248073453295	4.5557528	-0.30858147	0.4538321818483293	4.864334	137	643	24.393789734255716	6.056666782529979e-53	5.1078866676128297e-51	0.4538321818483293	hypermethylated	ARHGEF1	chr19	41904305	41904307	-	0.0
cg25306932	0.7752522378072252	0.3215432649081454	1.9471264	-1.2438623	0.4537089728990798	3.1909885	137	643	32.47596029690578	3.630769681873827e-91	1.8514559583481895e-88	0.4537089728990798	hypermethylated	LYSMD1,SCNM1	chr1	151159780	151159782	+	0.0
cg13096278	0.9115524848882299	0.4592818620601672	3.6842978	-0.23250458	0.45227062282806274	3.9168024	137	643	38.36459514693247	8.992401544732844e-112	1.0024201199884444e-108	0.45227062282806274	hypermethylated	AC005921.2	chr17	50692978	50692980	+	0.0
cg06974428	0.7617757755474452	0.30983333587646483	2.0593736	-1.2548587	0.4519424396709804	3.3142323	137	640	24.06449975264411	3.40066263482771e-55	3.240694585586523e-53	0.4519424396709804	hypermethylated	PIP4K2A	chr10	22683369	22683371	+	0.0038461538461538464
cg11584098	0.8864751662651118	0.4347810404111586	3.205866	-0.41826534	0.4516941258539532	3.6241314	137	643	39.47047807065722	2.4135114689382875e-107	2.33715064774049e-104	0.4516941258539532	hypermethylated	SEMA6A-AS2	chr5	116579302	116579304	+	0.0
cg20512044	0.862484289098669	0.41126736284444887	3.0731196	-0.5862096	0.45121692625422016	3.6593292	135	626	29.425190385044928	5.778611518178993e-74	1.4060469146495028e-71	0.45121692625422016	hypermethylated	NIN	chr14	50763610	50763612	+	0.02435897435897436
cg20669414	0.8640148970332459	0.41281042366384346	2.9105937	-0.59788257	0.4512044733694024	3.5084763	137	642	34.99242874217019	1.3961093945151615e-101	1.0664690550281344e-98	0.4512044733694024	hypermethylated	STARD3	chr17	39652375	39652377	+	0.001282051282051282
cg08843859	0.8912699344384409	0.4417934697759482	3.2130785	-0.36611056	0.44947646466249275	3.579189	137	613	39.48874917103873	7.358651162680934e-138	1.946089186209945e-134	0.44947646466249275	hypermethylated	C1orf21	chr1	184597210	184597212	-	0.038461538461538464
cg10330955	0.9302117006622092	0.4814728644200627	3.9222243	-0.10204748	0.44873883624214644	4.024272	137	638	49.07107053724553	9.796366100235823e-163	5.869722351286768e-159	0.44873883624214644	hypermethylated	AC048382.5,ZSCAN2	chr15	84606865	84606867	+	0.00641025641025641
cg23092956	0.8581779090157391	0.40979276021321615	2.9085968	-0.5787424	0.44838514880252295	3.487339	137	600	32.22078031078258	3.197649273297231e-82	1.1301435617332374e-79	0.44838514880252295	hypermethylated	SPTBN1	chr2	54619424	54619426	+	0.05512820512820513
cg01589587	0.6885177990621771	0.24057407834830952	1.2753893	-1.9104542	0.4479437207138676	3.1858435	121	586	26.734971691570195	5.472426393661598e-65	8.722015052384898e-63	0.4479437207138676	hypermethylated	BATF	chr14	75536096	75536098	-	0.09358974358974359
cg06266582	0.8092845164946396	0.3613956148850603	2.325797	-0.9153672	0.44788890160957934	3.2411642	137	643	31.28223454474135	4.331665539231144e-78	1.2699297522893777e-75	0.44788890160957934	hypermethylated	VPS51	chr11	65104305	65104307	+	0.0
cg20748132	0.8282655033751996	0.3805694580078125	2.416615	-0.790409	0.44769604536738705	3.207024	137	643	37.836126309346774	1.8516957606015645e-109	1.9295424592762027e-106	0.44769604536738705	hypermethylated		chr12	124733160	124733162	+	0.0
cg20251943	0.7856500444621065	0.3379810861258262	2.2767067	-1.0617172	0.4476689583362803	3.3384237	137	643	21.779467373284696	2.4365521845379083e-51	1.878839941196333e-49	0.4476689583362803	hypermethylated	DIP2C	chr10	361780	361782	+	0.0
cg08651590	0.7465154271926323	0.2989508123086363	1.7337453	-1.3127618	0.447564614883996	3.0465071	137	643	30.223912191410715	1.3408874975868521e-70	2.7899699923338456e-68	0.447564614883996	hypermethylated	SPRED2	chr2	65316275	65316277	-	0.0
cg06346857	0.8669297155672616	0.419861029688715	3.439859	-0.50330955	0.4470686858785466	3.9431684	137	643	25.79109485468309	4.386175591962852e-59	5.13108950709453e-57	0.4470686858785466	hypermethylated	ALPL	chr1	21551085	21551087	-	0.0
cg25893560	0.8738204510542598	0.4269463285502527	3.3491359	-0.48986134	0.44687412250400704	3.8389971	137	643	27.043820498128234	1.1766524375134256e-66	2.039837644058367e-64	0.44687412250400704	hypermethylated	KCNJ1	chr11	128840226	128840228	+	0.0
cg17470627	0.7949042039759019	0.34900016104576076	2.25409	-1.0084275	0.44590404293014113	3.2625175	136	617	27.108246369810615	2.9820053946973887e-68	5.57267344400586e-66	0.44590404293014113	hypermethylated	CAPN2	chr1	223720788	223720790	-	0.03461538461538462
cg19246018	0.9297940887673928	0.4839441943131561	3.9920356	-0.049501516	0.4458498944542367	4.0415373	137	643	43.70087995653427	8.96616058692408e-134	2.03447489137773e-130	0.4458498944542367	hypermethylated	HDAC4	chr2	239109891	239109893	-	0.0
cg20349803	0.8853015203545563	0.4397293968853276	3.1533885	-0.33042622	0.44557212346922875	3.4838147	137	643	40.10322924413106	1.5473145460144966e-109	1.6256171404786985e-106	0.44557212346922875	hypermethylated	RALB	chr2	120278863	120278865	-	0.0
cg21775245	0.8091946637188947	0.3644720989724864	2.603637	-0.9020711	0.4447225647464083	3.5057082	135	621	21.23884313796864	6.7147990408207806e-49	4.495759028554792e-47	0.4447225647464083	hypermethylated	TMCC1	chr3	129688704	129688706	-	0.03076923076923077
cg27268104	0.9185445186865591	0.4743619069132107	3.804823	-0.153264	0.4441826117733484	3.958087	137	642	39.78835543067282	1.934416994068796e-119	2.778250258923428e-116	0.4441826117733484	hypermethylated		chr12	69000166	69000168	-	0.001282051282051282
cg10023454	0.8161840865861124	0.372393743886495	2.400735	-0.8658762	0.4437903426996174	3.266611	134	611	29.779954573680836	2.895081168179867e-79	9.025850980838226e-77	0.4437903426996174	hypermethylated	QSOX1	chr1	180168782	180168784	+	0.04487179487179487
cg02384419	0.94909857311388	0.505698931570544	4.3749933	0.08628486	0.443399641543336	4.2887087	137	641	55.81424955111136	6.409282025421368e-216	1.2288868937851786e-210	0.443399641543336	hypermethylated	LHFPL3-AS2	chr7	104927732	104927734	-	0.002564102564102564
cg02609724	0.9043807983398438	0.4611609305680821	3.453666	-0.23422706	0.44321986777176164	3.687893	137	641	42.91351754891398	2.574260035836398e-123	4.2549744405268076e-120	0.44321986777176164	hypermethylated	IGIP	chr5	140126861	140126863	+	0.002564102564102564
cg22581896	0.7875211395486428	0.34434729972115574	2.1708398	-1.0294178	0.44317383982748704	3.2002575	137	643	26.42836164624586	1.5236269958159792e-64	2.382817160328505e-62	0.44317383982748704	hypermethylated	FOXK1	chr7	4739593	4739595	+	0.0
cg02212575	0.9680170212348882	0.525456358819134	5.8145204	0.20374785	0.4425606624157542	5.6107726	137	643	48.73208029833105	1.982392169604142e-105	1.7678835062099302e-102	0.4425606624157542	hypermethylated	LINC00880,LINC00881	chr3	157120613	157120615	-	0.0
cg04017512	0.7939150176779197	0.3516375124917987	2.3096766	-0.98704696	0.442277505186121	3.2967236	137	643	24.123056335212617	1.6517047948234407e-59	1.9836545235694944e-57	0.442277505186121	hypermethylated		chr10	34906209	34906211	-	0.0
cg24788034	0.8305038003360524	0.38845839545270866	2.6906862	-0.7749521	0.44204540488334376	3.4656384	136	638	24.67563788794847	5.060116613937869e-64	7.730709075949676e-62	0.44204540488334376	hypermethylated	GNG7	chr19	2588242	2588244	+	0.007692307692307693
cg22964758	0.855302017100536	0.4134622102206454	3.0329206	-0.5520487	0.4418398068798906	3.5849693	137	643	28.0320887024761	4.471410047560017e-67	7.890732086276516e-65	0.4418398068798906	hypermethylated	PCED1B	chr12	47088204	47088206	-	0.0
cg13378781	0.9282003806455292	0.4866157401219868	4.3789597	-0.008916005	0.44158464052354246	4.3878756	137	643	33.83597715262743	3.282265632309965e-84	1.267526368869622e-81	0.44158464052354246	hypermethylated	COL23A1	chr5	178426640	178426642	-	0.0
cg01364826	0.7397658633489679	0.29891283267012264	1.7012845	-1.3764986	0.44085303067884524	3.077783	137	642	26.892387805732128	1.4601806351226263e-66	2.5199681743074198e-64	0.44085303067884524	hypermethylated	LEMD1	chr1	205423071	205423073	+	0.001282051282051282
cg20268352	0.7115423383503935	0.27205303186206015	1.5242658	-1.5676444	0.43948930648833334	3.0919101	137	643	24.892270523395755	8.801210837818095e-59	1.0138207032709351e-56	0.43948930648833334	hypermethylated	AOX2P	chr2	200748220	200748222	+	0.0
cg22445447	0.7910924201464131	0.3529781395113226	2.2744455	-0.9800248	0.4381142806350905	3.2544703	137	641	25.052092936959703	1.9315341392938465e-60	2.4469353416886377e-58	0.4381142806350905	hypermethylated	RTF1	chr15	41420392	41420394	-	0.002564102564102564
cg14081251	0.9027831362981866	0.46479894658825816	3.423249	-0.2156883	0.4379841897099285	3.6389372	137	643	43.90443422437415	2.0294308722393467e-114	2.439585849556409e-111	0.4379841897099285	hypermethylated	ST6GALNAC4	chr9	127913158	127913160	-	0.0
cg24659037	0.8943558300242704	0.4568256150966154	3.879667	-0.2373928	0.43753021492765504	4.1170597	136	638	24.882614354650258	1.0324954349204806e-66	1.797240385494288e-64	0.43753021492765504	hypermethylated		chr6	167664220	167664222	+	0.007692307692307693
cg10173620	0.8515877271220632	0.4141083714375243	2.839126	-0.5478248	0.4374793556845389	3.386951	137	642	28.279637736185837	1.3077394808513386e-68	2.4776688066281803e-66	0.4374793556845389	hypermethylated	ABHD2	chr15	89115672	89115674	+	0.001282051282051282
cg01922997	0.8935293309828815	0.4561677448490123	3.2478535	-0.26023006	0.43736158613386916	3.5080836	136	579	37.622308211368384	5.4161391380415845e-135	1.2900200567726363e-131	0.43736158613386916	hypermethylated	NVL	chr1	224300102	224300104	-	0.08333333333333333
cg16319142	0.835975257149578	0.39880413875401577	2.7059748	-0.66766804	0.4371711183955622	3.373643	137	642	27.928965065808214	3.939997983218001e-71	8.351989865243725e-69	0.4371711183955622	hypermethylated		chr8	117616760	117616762	+	0.001282051282051282
cg16593865	0.850656718233206	0.4139083458884137	2.6797	-0.5448841	0.4367483723447923	3.224584	137	643	37.099343795603964	1.8680064783109368e-104	1.6025197141932285e-101	0.4367483723447923	hypermethylated	WASHC5	chr8	125070477	125070479	+	0.0
cg14568971	0.9318149872939953	0.49514209592825154	3.948849	0.03011775	0.4366728913657437	3.9187312	137	642	46.61287841857517	1.4891118140409654e-169	1.2689582143157844e-165	0.4366728913657437	hypermethylated	AC121761.1,GLIPR1	chr12	75489271	75489273	+	0.001282051282051282
cg21586453	0.787464678729022	0.3511691403079343	2.1100662	-0.9999379	0.43629553842108776	3.110004	135	616	28.856481311324387	5.622173476563932e-74	1.3697207657124825e-71	0.43629553842108776	hypermethylated	NADK2	chr5	36239570	36239572	+	0.03717948717948718
cg18317154	0.8026453653971354	0.36637002632165644	2.294876	-0.8988546	0.43627533907547894	3.1937308	135	622	27.542115618306134	7.757751169921656e-71	1.6291744791243303e-68	0.43627533907547894	hypermethylated	ATF3	chr1	212564961	212564963	+	0.029487179487179487
cg02313130	0.7667513102510549	0.33110015536911935	1.9267396	-1.1192	0.43565115488193557	3.0459394	137	643	28.722055517394516	8.992728457648473e-74	2.166112169838516e-71	0.43565115488193557	hypermethylated	CAPN8	chr1	223666744	223666746	-	0.0
cg13720048	0.9399327187642564	0.5044084848549281	4.1055617	0.0638259	0.4355242339093284	4.0417356	137	643	55.62527868156576	5.605092586455001e-202	2.3882116213560952e-197	0.4355242339093284	hypermethylated	ATP8B1	chr18	57798838	57798840	+	0.0
cg16937168	0.8226022093835539	0.3876551602899009	2.4263277	-0.7215915	0.434947049093653	3.1479192	137	643	32.2786179392636	8.9377953379845e-82	3.101706168373081e-79	0.434947049093653	hypermethylated	SNED1	chr2	240997426	240997428	-	0.0
cg17041511	0.7981126448687386	0.36319852505649786	2.2540257	-0.888697	0.4349141198122407	3.1427226	136	643	25.699354925956225	4.632160344823522e-61	6.064524273096008e-59	0.4349141198122407	hypermethylated	AC005828.3,AC005828.4	chr17	63432258	63432260	+	0.001282051282051282
cg20688917	0.7962511716967952	0.3618295620649289	2.3035822	-0.91350126	0.43442160963186627	3.2170835	137	624	24.892049351038366	1.667230594073689e-59	2.0016737105198238e-57	0.43442160963186627	hypermethylated	HOXA-AS2,HOXA3	chr7	27121054	27121056	-	0.02435897435897436
cg09645818	0.8106370612756529	0.3763444571659483	2.4184747	-0.8287347	0.43429260410970466	3.2472093	134	580	25.977936421434983	1.0935166039350434e-64	1.7185733837195696e-62	0.43429260410970466	hypermethylated		chr11	10743044	10743046	+	0.08461538461538462
cg04583813	0.7456259623061131	0.31176544236914366	2.1369147	-1.3155739	0.43386051993696945	3.4524887	137	643	17.343203231778926	1.4506548994119694e-38	5.213534066845429e-37	0.43386051993696945	hypermethylated	DIP2C	chr10	514382	514384	-	0.0
cg23232188	0.8921523268205406	0.45849642701528376	3.2456071	-0.25546986	0.4336558998052568	3.501077	137	641	40.52623193933414	2.7945733800516425e-119	3.969029068969568e-116	0.4336558998052568	hypermethylated	EAF2	chr3	121837695	121837697	-	0.002564102564102564
cg17806482	0.8456987812571282	0.41211022930234253	2.7344027	-0.5419712	0.43358855195478563	3.2763739	137	643	31.928101448729475	7.039112954953641e-73	1.635936778150926e-70	0.43358855195478563	hypermethylated	LAMB1	chr7	107967561	107967563	+	0.0
cg25266281	0.929937811458812	0.4965061953094145	3.9990983	0.17410275	0.43343161614939757	3.8249955	136	633	31.98901117510473	1.1481884933511286e-129	2.3296137022955058e-126	0.43343161614939757	hypermethylated	LINC01237	chr2	241962616	241962618	-	0.014102564102564103
cg04522625	0.8168518734674384	0.3834505839950395	2.4819458	-0.77732825	0.43340128947239887	3.259274	137	641	26.89451790624787	5.946588024898729e-66	9.940471039651006e-64	0.43340128947239887	hypermethylated	ADAMTS9-AS2	chr3	64765974	64765976	+	0.002564102564102564
cg08651937	0.8112078478736598	0.37798078842039834	2.4148638	-0.81499803	0.4332270594532615	3.2298617	137	619	26.225036701420215	1.7257961041716252e-65	2.8269660737411245e-63	0.4332270594532615	hypermethylated	LINC00886	chr3	156812716	156812718	-	0.03076923076923077
cg24686845	0.8405060594099282	0.4074244438847409	2.6199596	-0.6156776	0.43308161552518726	3.2356372	137	632	32.04619723381892	1.6305981934389663e-89	7.757904712608359e-87	0.43308161552518726	hypermethylated	PLXNC1	chr12	94304975	94304977	-	0.014102564102564103
cg13995599	0.9283833747362569	0.4958794139255987	4.5663915	0.047701582	0.4325039608106582	4.51869	137	642	28.43803731652049	5.591739383503534e-74	1.3631722143238928e-71	0.4325039608106582	hypermethylated	ATP11A	chr13	112771955	112771957	+	0.001282051282051282
cg13763287	0.95502087669651	0.523430902887466	5.0508547	0.36878237	0.43158997380904407	4.682072	137	643	37.228554563498356	6.750386383283337e-120	9.880066476274978e-117	0.43158997380904407	hypermethylated		chr9	95093796	95093798	+	0.0
cg10352205	0.8615431959611656	0.4299770610328781	2.8443093	-0.44031316	0.4315661349282875	3.2846224	137	643	35.76476335266947	2.2229658167424733e-99	1.5669906704265681e-96	0.4315661349282875	hypermethylated	AL139383.1	chr13	33643341	33643343	-	0.0
cg02464901	0.8848058324660698	0.4539233930003402	3.415795	-0.2734541	0.4308824394657296	3.6892493	137	643	30.05513557984905	3.272116998777293e-73	7.707383155025353e-71	0.4308824394657296	hypermethylated	LINC01090	chr2	187986546	187986548	-	0.0
cg02915215	0.9311795199874544	0.5005490791000438	3.900759	0.054576162	0.43063044088741065	3.8461828	137	643	50.70585591810556	3.802961406409738e-177	4.704275527346286e-173	0.43063044088741065	hypermethylated	ST3GAL1	chr8	133454921	133454923	-	0.0
cg25602543	0.7888172455947765	0.3588402282429188	2.1038542	-0.9410413	0.4299770173518577	3.0448954	137	641	29.66111930975703	5.179694880128946e-77	1.442456626999221e-74	0.4299770173518577	hypermethylated	ZSWIM3	chr20	45878893	45878895	+	0.002564102564102564
cg17095936	0.9307824016487511	0.5008131534463696	3.869416	0.084857896	0.4299692482023816	3.784558	137	643	48.68173866958496	1.2192054145740611e-200	4.675299195321298e-196	0.4299692482023816	hypermethylated	TBX19	chr1	168281389	168281391	-	0.0
cg00421363	0.5211828746934877	0.09147673706244533	-0.15973799	-4.3345766	0.4297061376310424	4.1748385	137	643	16.66350198999845	9.657856617897697e-37	3.096060805151185e-35	0.4297061376310424	hypermethylated	PPFIA3	chr19	49142988	49142990	-	0.0
cg06894549	0.8986165401709341	0.46903547936613044	3.3966296	-0.1621515	0.4295810608048036	3.5587811	137	643	36.14265090685063	7.850215087813645e-114	9.177834847374957e-111	0.4295810608048036	hypermethylated	KHDC4,SNORA80E	chr1	155921024	155921026	-	0.0
cg20383521	0.833706542523238	0.4043453329273182	2.7888014	-0.605331	0.4293612095959197	3.3941324	137	643	25.153160126694942	9.569754614952916e-61	1.2335204611598687e-58	0.4293612095959197	hypermethylated	TUFT1	chr1	151582347	151582349	-	0.0
cg14986386	0.8176224423150946	0.38841287900648813	2.6748502	-0.7195245	0.4292095633086065	3.3943748	137	643	23.438304408085244	3.655027057824888e-54	3.2878181583184793e-52	0.4292095633086065	hypermethylated	CCDC125	chr5	69330317	69330319	+	0.0
cg22729681	0.8368135995238367	0.40818836767348887	2.620341	-0.62728095	0.42862523185034784	3.247622	137	639	28.86633468464883	1.734270124560412e-81	5.900996441307061e-79	0.42862523185034784	hypermethylated	PBX1	chr1	164748387	164748389	-	0.005128205128205128
cg08622666	0.7073844795796409	0.2788787030698453	1.446354	-1.5026796	0.4285057765097956	2.9490337	134	602	25.996361869187776	1.151101299903659e-62	1.64399987551343e-60	0.4285057765097956	hypermethylated	RANBP9	chr6	13695510	13695512	-	0.05641025641025641
cg02643667	0.8846238964665545	0.45687946895047626	3.3336828	-0.26297224	0.4277444275160782	3.596655	137	643	32.48767158881281	9.029733348216507e-77	2.4857436301320403e-74	0.4277444275160782	hypermethylated	TFF1	chr21	42366589	42366591	-	0.0
cg09261794	0.8287771183208827	0.4012225070959415	2.5212195	-0.6728312	0.42755461122494126	3.1940508	137	631	29.222798449267845	5.924451969611726e-84	2.2338795685732333e-81	0.42755461122494126	hypermethylated	COL11A2	chr6	33180119	33180121	-	0.015384615384615385
cg26205890	0.8408023249493898	0.41331546006269443	2.5697289	-0.55264044	0.42748686488669535	3.1223693	137	643	36.983463454717224	3.61573145512303e-98	2.4155542801872536e-95	0.42748686488669535	hypermethylated	ACOX1	chr17	75959757	75959759	+	0.0
cg00208274	0.8627099921233463	0.4352746410904644	3.0330243	-0.4021767	0.42743535103288194	3.435201	137	642	27.601493036355926	2.776886964918342e-73	6.581307919185424e-71	0.42743535103288194	hypermethylated	FOXK1	chr7	4739710	4739712	+	0.001282051282051282
cg03403880	0.8963483267456945	0.46897539343470546	3.2568831	-0.18512176	0.4273729333109891	3.442005	137	643	47.646186600166594	3.595287414505261e-129	7.180669063165348e-126	0.4273729333109891	hypermethylated		chr2	156398859	156398861	+	0.0
cg20414015	0.8619445912978229	0.43462731345074357	2.8964446	-0.40209088	0.4273172778470793	3.2985353	136	643	33.92131018699545	2.508193442482666e-82	8.913989319576185e-80	0.4273172778470793	hypermethylated	MAML3	chr4	139985958	139985960	+	0.001282051282051282
cg24365896	0.7329424558764827	0.30565929264525415	1.9279267	-1.3703611	0.4272831632312285	3.2982879	137	643	19.1229475645702	1.9856987814697237e-43	9.657043721356708e-42	0.4272831632312285	hypermethylated	ANO1,AP000879.2	chr11	70128638	70128640	+	0.0
cg27505472	0.9129297298236485	0.486272279260311	3.7665775	-0.015106288	0.4266574505633375	3.7816837	137	641	33.890650635757694	2.633782223366844e-97	1.7089324923463741e-94	0.4266574505633375	hypermethylated	RALB	chr2	120279128	120279130	+	0.002564102564102564
cg20250250	0.673446537898137	0.24711068471272787	1.1693532	-1.7879633	0.4263358531854091	2.9573164	130	624	28.420022947334935	1.2485551564821403e-70	2.600677318910173e-68	0.4263358531854091	hypermethylated	EVL	chr14	100012831	100012833	-	0.03333333333333333
cg16706260	0.8157105271833657	0.3894654525588097	2.3792953	-0.7325357	0.42624507462455596	3.1118312	137	633	29.74338192936142	1.850598847589685e-77	5.276215544119435e-75	0.42624507462455596	hypermethylated	AC009509.1,REP15	chr12	27696436	27696438	-	0.01282051282051282
cg01358444	0.6821854670244948	0.25601531363822316	1.3077347	-1.7148765	0.4261701533862716	3.0226111	133	592	20.190427927799792	4.436811406873964e-46	2.5356013517218564e-44	0.4261701533862716	hypermethylated	DST	chr6	56541285	56541287	+	0.07051282051282051
cg02580209	0.8930065405629847	0.46692805787082037	3.34972	-0.1952234	0.4260784826921643	3.5449433	137	643	32.97544478582653	4.036472319147932e-99	2.8092015910997758e-96	0.4260784826921643	hypermethylated	AL133297.1,AL133297.2;IFT140	chr16	1580830	1580832	-	0.0
cg27109006	0.9194338721950559	0.49374023627640673	3.65993	-0.0154736005	0.42569363591864917	3.6754036	137	642	49.56807818916891	3.275603813685127e-160	1.8747747313994766e-156	0.42569363591864917	hypermethylated	RORA	chr15	61086223	61086225	+	0.001282051282051282
cg08250921	0.8489636609154027	0.42340420119313765	2.7002537	-0.4932324	0.425559459722265	3.1934862	137	643	35.08793585563599	3.23690341441924e-88	1.477688796703286e-85	0.425559459722265	hypermethylated		chr16	88077402	88077404	+	0.0
cg15464481	0.8151134296055258	0.3896625334886518	2.3688774	-0.7271328	0.425450896116874	3.0960102	137	643	30.34603899594466	6.478784336766574e-79	1.9939212748027406e-76	0.425450896116874	hypermethylated	ADCY5	chr3	123433114	123433116	-	0.0
cg09622285	0.8613785478405487	0.4359624953497024	2.8806489	-0.4321533	0.4254160524908463	3.312802	133	609	32.2679202945922	4.422994735222104e-93	2.4334149413347996e-90	0.4254160524908463	hypermethylated		chr4	87419794	87419796	+	0.04871794871794872
cg03779973	0.8353689284551711	0.41062843348971756	2.865552	-0.64123213	0.4247404949654535	3.506784	126	582	20.846029064183742	2.9766788578852784e-51	2.2852252618861374e-49	0.4247404949654535	hypermethylated	DCLK2	chr4	150080818	150080820	-	0.09230769230769231
cg19730314	0.8692592982828182	0.44459151628414173	3.0262918	-0.3437708	0.4246677819986765	3.3700626	137	643	32.473951524575526	1.608635521852282e-84	6.320338854510414e-82	0.4246677819986765	hypermethylated		chr2	101655974	101655976	+	0.0
cg19505458	0.7457238677749061	0.3210565979416306	1.8273739	-1.2169477	0.42466726983327546	3.0443215	133	592	22.35164252894842	1.8697483967525896e-53	1.6243640404420307e-51	0.42466726983327546	hypermethylated	KIAA1217	chr10	24450161	24450163	-	0.07051282051282051
cg14199629	0.8465388802921071	0.42219512607224435	2.8928957	-0.50267506	0.42434375421986276	3.3955708	136	643	26.613998772912282	2.261702135022696e-63	3.355114814001115e-61	0.42434375421986276	hypermethylated	TLE1	chr9	81587950	81587952	-	0.001282051282051282
cg26584983	0.8287321215998518	0.4046959765776876	2.537062	-0.60741407	0.4240361450221642	3.144476	137	643	30.364673289306516	5.7302707175745056e-74	1.3951699316438179e-71	0.4240361450221642	hypermethylated	NUDT4	chr12	93405198	93405200	+	0.0
cg08988420	0.8551514897033246	0.4316342453502828	2.7852135	-0.4454784	0.4235172443530418	3.230692	137	641	34.10928672597032	6.240208154074264e-91	3.1444663088712374e-88	0.4235172443530418	hypermethylated	PDLIM3	chr4	185514333	185514335	-	0.002564102564102564
cg16322346	0.8988678646783759	0.4760037862679821	3.3418055	-0.11412647	0.42286407841039375	3.455932	137	643	40.61150380078002	1.9622188950166438e-124	3.3591698298702114e-121	0.42286407841039375	hypermethylated	POLR2B	chr4	57008490	57008492	-	0.0
cg12033125	0.8770438423992073	0.4546440444875097	3.0545945	-0.2825881	0.42239979791169757	3.3371825	137	643	37.28742544620815	7.851820215510897e-100	5.606974580748937e-97	0.42239979791169757	hypermethylated	HLA-DMA	chr6	32965235	32965237	+	0.0
cg12301619	0.9246103885400034	0.5023205699297726	3.9359474	0.0280749	0.42228981861023085	3.9078724	137	643	41.16713401346236	2.5147014085865926e-108	2.524384983906045e-105	0.42228981861023085	hypermethylated		chr1	110134217	110134219	-	0.0
cg02712474	0.8190290910484147	0.3968132102100141	2.449606	-0.6590242	0.4222158808384006	3.1086302	137	643	27.31627467661061	1.934999285827034e-65	3.1508115122521385e-63	0.4222158808384006	hypermethylated		chr2	151264272	151264274	+	0.0
cg24454374	0.9071285498403284	0.48525196117359204	3.428257	-0.07306285	0.4218765886667364	3.50132	137	637	44.31338169772567	8.513029931205331e-158	4.5978874658439996e-154	0.4218765886667364	hypermethylated	FLJ42393,LPP	chr3	188178488	188178490	+	0.007692307692307693
cg11546251	0.801571532757613	0.3805075210879787	2.1874528	-0.76412195	0.42106401166963425	2.9515748	137	643	32.97471119292586	9.455947686649076e-84	3.5136450730106664e-81	0.42106401166963425	hypermethylated	ZNF552,ZNF586	chr19	57810709	57810711	-	0.0
cg13508949	0.9131803860629562	0.492631196975708	3.7527425	-0.027310705	0.42054918908724814	3.7800531	137	640	35.79088207732246	4.5975719304719766e-92	2.4250832266162577e-89	0.42054918908724814	hypermethylated	KLHL2	chr4	165210160	165210162	-	0.0038461538461538464
cg10988187	0.7465769258656896	0.3260737757528982	1.8260422	-1.1975257	0.4205031501127914	3.023568	133	620	22.057982226078085	1.2122995741562225e-52	1.0073276923104243e-50	0.4205031501127914	hypermethylated	PTPRB	chr12	70638032	70638034	+	0.03461538461538462
cg03202693	0.8461736414554345	0.4258869461842681	2.959813	-0.49175295	0.4202866952711664	3.451566	137	643	23.421247150847755	8.978897317699377e-57	9.364010697077774e-55	0.4202866952711664	hypermethylated	MCF2L	chr13	112983588	112983590	+	0.0
cg18792528	0.8144495052142735	0.3942656234788746	2.396226	-0.66494423	0.4201838817353989	3.06117	137	642	27.31005410809868	2.3006713277984073e-65	3.730404798064199e-63	0.4201838817353989	hypermethylated	LDLRAP1	chr1	25567243	25567245	+	0.001282051282051282
cg03535079	0.8115308998274977	0.39181226314143447	2.4079783	-0.74490696	0.41971863668606324	3.1528852	137	637	25.035457610414813	6.45764446600765e-68	1.1865449837203735e-65	0.41971863668606324	hypermethylated	SPIDR	chr8	47610935	47610937	+	0.007692307692307693
cg04839975	0.8380668807203753	0.41854103764701595	2.645635	-0.51641375	0.41952584307335933	3.1620486	137	643	29.898163698486368	1.4966263034480346e-76	4.0731922300178935e-74	0.41952584307335933	hypermethylated		chr3	193938828	193938830	+	0.0
cg12965553	0.9260263373381901	0.5065048004197852	3.8602464	0.07240828	0.4195215369184049	3.7878382	137	643	45.82709135536506	2.0686391974650456e-131	4.3347712660716855e-128	0.4195215369184049	hypermethylated	SNX10	chr7	26364181	26364183	-	0.0
cg03400410	0.9031457831389713	0.48399915193256576	3.663	-0.057799477	0.41914663120640555	3.7207997	137	627	30.576066307283583	3.80501334220295e-83	1.3922827016678507e-80	0.41914663120640555	hypermethylated		chr1	198776356	198776358	+	0.020512820512820513
cg20616821	0.859023880784529	0.4402149728445762	3.1376839	-0.37678057	0.41880890793995273	3.5144644	137	643	26.249495259062947	1.3996374994711908e-61	1.880590019480438e-59	0.41880890793995273	hypermethylated	MAGI3	chr1	113675563	113675565	-	0.0
cg24242290	0.8721863683992929	0.4537819585014094	2.9884572	-0.28675115	0.41840440989788347	3.2752085	137	643	36.05831574713983	4.532870355748384e-97	2.921385425528048e-94	0.41840440989788347	hypermethylated	PALLD	chr4	168743633	168743635	-	0.0
cg04932551	0.5158370637545621	0.09746935949726016	0.050259218	-3.4360564	0.4183677042573019	3.4863155	137	643	22.305841696379847	1.3082550468219498e-49	9.124733922514732e-48	0.4183677042573019	hypermethylated	FOXA1	chr14	37591651	37591653	+	0.0
cg03579904	0.9424139983462592	0.5240629442372181	4.7525444	0.23804972	0.41835105410904105	4.514495	137	643	35.355546673611634	1.957241340347496e-86	8.238696970630018e-84	0.41835105410904105	hypermethylated	KLHDC4	chr16	87705823	87705825	+	0.0
cg11728747	0.8571895961343807	0.43885122153844286	2.8246973	-0.37477723	0.41833837459593787	3.1994746	137	643	32.3638762673332	2.4948800034107672e-88	1.1416636393650719e-85	0.41833837459593787	hypermethylated	AC005162.2,CPVL	chr7	28998293	28998295	+	0.0
cg26472938	0.9017731603914804	0.48362957374489696	3.3962672	-0.09445151	0.4181435866465834	3.4907186	137	643	42.02247258611082	1.0165440977134134e-116	1.362990145784127e-113	0.4181435866465834	hypermethylated	MLPH	chr2	237485561	237485563	+	0.0
cg01901579	0.9295202102104243	0.5118818742861829	3.8633459	0.12953684	0.4176383359242414	3.733809	137	643	50.52211599178442	9.321349464223887e-168	7.2948310212151e-164	0.4176383359242414	hypermethylated	DICER1	chr14	95149393	95149395	+	0.0
cg08824221	0.8763929492365705	0.4589464303669803	3.074372	-0.26440576	0.4174465188695902	3.3387778	137	641	34.82454527966884	4.738845193722405e-92	2.49274307994777e-89	0.4174465188695902	hypermethylated	LGR4	chr11	27395826	27395828	+	0.002564102564102564
cg24181605	0.8623467883924498	0.44494908927573384	2.9242177	-0.35260525	0.417397699116716	3.276823	137	643	31.901471912114488	2.9405287225122196e-82	1.0411888178674824e-79	0.417397699116716	hypermethylated	C2CD4B	chr15	62166647	62166649	+	0.0
cg23397909	0.9392132167398495	0.5218175054523474	4.286655	0.17813969	0.4173957112875021	4.1085153	137	643	44.42037123119993	1.1988379494479688e-125	2.1088054463888165e-122	0.4173957112875021	hypermethylated	AC073957.3,GET4;SUN1	chr7	881454	881456	+	0.0
cg27260772	0.7045767728020164	0.2873719503435544	1.5911994	-2.1138332	0.41720482245846197	3.7050326	136	639	14.473297345038366	1.5490515357319865e-33	4.0193270279361293e-32	0.41720482245846197	hypermethylated	TFAP2B	chr6	50823488	50823490	-	0.00641025641025641
cg08462372	0.8965921332366276	0.4798490960342146	3.6760845	0.01673712	0.41674303720241296	3.6593473	137	643	27.049223632480505	5.219212645364486e-74	1.2764137068434725e-71	0.41674303720241296	hypermethylated	AC139887.2,PCGF3	chr4	763523	763525	-	0.0
cg12787836	0.7866444831346944	0.36996545391171753	2.093585	-0.8227268	0.41667902922297684	2.9163117	137	643	29.34904375000732	1.7267466501291907e-69	3.406158768887298e-67	0.41667902922297684	hypermethylated	CBR3-AS1,DOP1B	chr21	36164386	36164388	-	0.0
cg12194594	0.9223643393412123	0.505946309629729	4.192576	0.10874222	0.41641802971148334	4.0838337	137	641	28.422385850198772	1.341495825568283e-77	3.8361278577665545e-75	0.41641802971148334	hypermethylated	ATP11A	chr13	112771935	112771937	+	0.002564102564102564
cg27515052	0.8618689209875399	0.44554039971607634	2.9457548	-0.35351434	0.4163285212714635	3.2992692	137	637	31.122563712545016	1.6203611738202899e-80	5.338157385618903e-78	0.4163285212714635	hypermethylated		chr8	8655593	8655595	+	0.007692307692307693
cg02578929	0.8287102358184592	0.41250335076363237	2.4628954	-0.5629508	0.4162068850548268	3.0258462	137	643	32.347143181471054	9.591376829985395e-88	4.2569616485779276e-85	0.4162068850548268	hypermethylated	AHSA2P	chr2	61187193	61187195	-	0.0
cg22697216	0.8851608949549058	0.4691758516174209	3.1744273	-0.185347	0.41598504333748487	3.3597744	136	569	33.12814032602561	1.937945846381031e-110	2.0816415452593286e-107	0.41598504333748487	hypermethylated	SAMD8	chr10	75115167	75115169	-	0.09615384615384616
cg08330217	0.7854244482778284	0.36946566331071395	2.0896668	-0.8463058	0.41595878496711447	2.9359727	137	643	27.67718231946197	2.8120052467022577e-69	5.4876461270135445e-67	0.41595878496711447	hypermethylated		chr20	59407913	59407915	-	0.0
cg27121959	0.7933262177627453	0.3777891310340324	2.115793	-0.7809286	0.41553708672871287	2.8967216	137	643	31.042879067752132	2.2309293968557034e-80	7.287024929656332e-78	0.41553708672871287	hypermethylated	PGR	chr11	101034338	101034340	-	0.0
cg12523691	0.8557538777372263	0.4403834112348869	2.9259791	-0.38286442	0.41537046650233944	3.3088436	137	641	28.506946203188996	3.0529698788738895e-74	7.548197372157635e-72	0.41537046650233944	hypermethylated	PALLD	chr4	168796529	168796531	-	0.002564102564102564
cg09043941	0.8023615519205729	0.38734515332800196	2.8505435	-0.7752049	0.41501639859257095	3.6257484	135	635	17.664575456766936	3.722919427351862e-40	1.47574078532773e-38	0.41501639859257095	hypermethylated		chr10	6255784	6255786	+	0.01282051282051282
cg02848961	0.8396926100236656	0.42468826507520896	2.6797488	-0.44645432	0.4150043449484566	3.126203	137	643	27.840569772192364	3.2585169222336136e-76	8.73808910969123e-74	0.4150043449484566	hypermethylated	GPR37L1	chr1	202122736	202122738	+	0.0
cg10754794	0.7842489691341624	0.3694519234301528	2.0629833	-0.88947827	0.4147970457040096	2.9524615	136	638	27.05400287015495	1.1524312506625503e-71	2.5123590910904994e-69	0.4147970457040096	hypermethylated	CPEB3	chr10	92156530	92156532	-	0.007692307692307693
cg16379999	0.645465655918539	0.23076144347480074	0.96915007	-1.9450192	0.41470421244373823	2.9141693	137	643	24.839538209905395	1.297381850133477e-60	1.662239610599848e-58	0.41470421244373823	hypermethylated	SEL1L	chr14	81510171	81510173	-	0.0
cg09132058	0.8037104362988994	0.3890730648723027	2.1870093	-0.6999047	0.4146373714265967	2.886914	137	643	33.93859658527248	8.209334354583156e-88	3.669046217116967e-85	0.4146373714265967	hypermethylated	SIPA1L2	chr1	232548366	232548368	+	0.0
cg24315421	0.5555244501489792	0.1409125887731991	0.36219862	-2.8745515	0.4146118613757801	3.2367501	137	639	27.556830474559707	5.668975447300998e-66	9.497106525784015e-64	0.4146118613757801	hypermethylated	MIR29B2CHG	chr1	207866907	207866909	-	0.005128205128205128
cg22506534	0.8859916013829848	0.4715173938606359	3.5975049	-0.17294595	0.4144742075223489	3.7704508	136	632	26.397910816380474	4.2513386149100175e-65	6.815489423069228e-63	0.4144742075223489	hypermethylated	ALPL	chr1	21551098	21551100	-	0.015384615384615385
cg21715896	0.8938424326207516	0.47951050761351394	3.3890607	-0.119567156	0.41433192500723764	3.508628	137	638	33.451977842436634	3.35514061358319e-96	2.1022861539728097e-93	0.41433192500723764	hypermethylated	IDH3A	chr15	78147045	78147047	+	0.00641025641025641
cg13698212	0.7974404692649841	0.3832428814613656	2.223185	-0.7648645	0.41419758780361854	2.9880495	128	584	25.846810907745496	1.3305523803086827e-63	1.9938579594738212e-61	0.41419758780361854	hypermethylated	GULP1,LINC01090	chr2	188364395	188364397	-	0.08717948717948718
cg23111196	0.830450294661696	0.416373989935553	2.5087857	-0.54273957	0.41407630472614293	3.0515254	137	634	30.517167067545945	3.9241396028132254e-82	1.384354864425382e-79	0.41407630472614293	hypermethylated		chr5	61307435	61307437	+	0.011538461538461539
cg02711212	0.8552575215806056	0.4413886418794955	2.7864695	-0.35471064	0.41386887970111014	3.14118	137	643	34.9408768360292	5.381382311588041e-84	2.0391344430898987e-81	0.41386887970111014	hypermethylated	DRAIC	chr15	69561684	69561686	-	0.0
cg05919105	0.8143580638579209	0.40126295246061733	2.4829814	-0.64806193	0.41309511139730354	3.1310434	137	610	25.53884669778368	1.7665543215432498e-62	2.488693432169403e-60	0.41309511139730354	hypermethylated	AL035409.2	chr1	77067906	77067908	-	0.04230769230769231
cg05489252	0.8591350917398495	0.446479342947933	2.842019	-0.34432888	0.41265574879191647	3.186348	137	638	32.636069420885406	8.513897665566622e-93	4.5918886803270016e-90	0.41265574879191647	hypermethylated	MCF2L2	chr3	183392080	183392082	+	0.00641025641025641
cg13933373	0.8514647657853843	0.43901793464781746	2.753036	-0.401697	0.41244683113756686	3.154733	137	630	29.528423513474277	9.461226325580662e-91	4.705714552914062e-88	0.41244683113756686	hypermethylated		chr7	54859831	54859833	+	0.016666666666666666
cg13751386	0.9203421042783417	0.5081008270406056	3.8427796	0.11966182	0.4122412772377362	3.7231178	137	643	36.98970646394473	3.862007294588503e-105	3.396715135924651e-102	0.4122412772377362	hypermethylated		chr9	95093750	95093752	+	0.0
cg24953703	0.814293297537922	0.40231831077468894	2.2558622	-0.6130733	0.4119749867632331	2.8689356	137	643	37.99003724992131	3.5750629639202244e-98	2.3925531759815922e-95	0.4119749867632331	hypermethylated		chr15	40944776	40944778	+	0.0
cg03635073	0.8283234756358349	0.4167078472036596	2.4749398	-0.53011787	0.41161562843217525	3.0050578	137	643	32.47887584212521	1.8734466177544341e-81	6.363263489432335e-79	0.41161562843217525	hypermethylated	PRMT3	chr11	20477746	20477748	-	0.0
cg26094842	0.830555379825787	0.4193372199132356	2.5129004	-0.53139937	0.4112181599125514	3.0442996	137	633	30.645761146789873	5.349997963170495e-84	2.029247348105789e-81	0.4112181599125514	hypermethylated	VTI1A	chr10	112717187	112717189	-	0.01282051282051282
cg05089968	0.8299233652379391	0.4188238601446894	2.6439362	-0.5317329	0.41109950509324966	3.1756692	137	642	24.72959335050729	3.1083942446087826e-60	3.897904020190891e-58	0.41109950509324966	hypermethylated	AL121956.7,PRR18	chr6	166309284	166309286	-	0.001282051282051282
cg20701926	0.7549392475801355	0.3438474347514491	1.8324808	-1.0638605	0.41109181282868645	2.8963413	136	620	23.86638048791728	7.953105629331395e-61	1.0289424321138123e-58	0.41109181282868645	hypermethylated		chr1	226221025	226221027	+	0.03076923076923077
cg08077807	0.9039680870780109	0.492979483441029	3.5826907	-0.024025489	0.4109886036369819	3.6067162	137	642	34.97701546763638	2.493896102989843e-92	1.3209072272232294e-89	0.4109886036369819	hypermethylated	AL355916.3,PRKCH	chr14	61534353	61534355	-	0.001282051282051282
cg10625247	0.7354824963737937	0.3245423904071025	1.7659289	-1.1636984	0.4109401059666912	2.9296274	136	614	20.9813775046499	3.712786505567976e-48	2.38763366439151e-46	0.4109401059666912	hypermethylated	AC019211.1,AC093083.1	chr2	220199261	220199263	+	0.038461538461538464
cg17063452	0.8845828536653171	0.4745939500965931	3.199706	-0.14928807	0.409988903568724	3.3489943	137	643	35.7025225375963	7.958026132020235e-93	4.298129913904129e-90	0.409988903568724	hypermethylated	FBXW4	chr10	101690689	101690691	-	0.0
cg02512867	0.9335900188362511	0.5237853141557104	3.9095352	0.23791592	0.40980470468054075	3.6716192	137	637	46.3293069715589	3.2320550451842e-212	3.098498450579576e-207	0.40980470468054075	hypermethylated	SMIM15-AS1	chr5	61169060	61169062	-	0.007692307692307693
cg01070161	0.8417157917997263	0.43206620736285534	2.6392806	-0.43061668	0.409649584436871	3.0698972	137	642	31.34511597784282	1.5477023285961837e-83	5.717716374268855e-81	0.409649584436871	hypermethylated	LRCH3	chr3	197821019	197821021	-	0.001282051282051282
cg17365725	0.785357811871697	0.3758026517458224	2.0620565	-0.8428518	0.40955516012587456	2.9049084	136	619	28.32487237934741	1.689071640244877e-78	5.0920596773297424e-76	0.40955516012587456	hypermethylated	D2HGDH	chr2	241759332	241759334	+	0.03205128205128205
cg00020799	0.7747131124900205	0.36543772268814395	2.042128	-0.88006467	0.40927538980187655	2.9221928	137	643	24.78075057641164	2.274056424324685e-60	2.871368755654301e-58	0.40927538980187655	hypermethylated	AC123567.2,PLXNC1	chr12	94171315	94171317	+	0.0
cg00245454	0.6754753053650375	0.26630118086531357	1.1925801	-1.6213181	0.40917412449972396	2.813898	129	592	25.963389247071667	1.0715747741099543e-62	1.533275560457904e-60	0.40917412449972396	hypermethylated	FNIP2	chr4	158825007	158825009	+	0.07564102564102564
cg25480676	0.9273861516131102	0.5182772506162922	3.855157	0.14436832	0.40910890099681807	3.7107885	137	637	47.391568963412745	2.0595270578975437e-153	9.631328053890596e-150	0.40910890099681807	hypermethylated		chr10	5668924	5668926	-	0.007692307692307693
cg19314470	0.8048122433850365	0.3957563877105713	2.271476	-0.67945826	0.40905585567446523	2.9509344	137	640	28.57578323014621	1.4230138345858265e-74	3.5712338884977844e-72	0.40905585567446523	hypermethylated	RBPMS	chr8	30543510	30543512	+	0.0038461538461538464
cg26360026	0.8105828341315774	0.40157473573116675	2.466444	-0.64162326	0.40900809840041064	3.1080673	136	638	23.909880969369357	1.0206341764790005e-58	1.1732122550616872e-56	0.40900809840041064	hypermethylated		chr2	201949780	201949782	+	0.007692307692307693
cg01977473	0.8630454070376654	0.4541999496531153	2.9339676	-0.26701158	0.40884545738455014	3.2009792	137	643	31.064177417259128	2.483998839166193e-74	6.16531727413527e-72	0.40884545738455014	hypermethylated	AC093535.1,GRAMD2B	chr5	126465223	126465225	+	0.0
cg18390865	0.9179659655494411	0.5092560147718409	3.8528402	0.09405484	0.4087099507776002	3.7587852	137	641	36.44197417195532	2.959265721328396e-96	1.857271007239806e-93	0.4087099507776002	hypermethylated	TTC6	chr14	37650199	37650201	-	0.002564102564102564
cg23332689	0.9269728834611656	0.5182970678824844	4.1010623	0.192703	0.40867581557868116	3.9083593	137	643	35.94847361235856	9.029937418284633e-91	4.4970378334117227e-88	0.40867581557868116	hypermethylated	IDUA,SLC26A1	chr4	993863	993865	+	0.0
cg03055271	0.7741307168111314	0.3654773344549146	2.2348425	-0.88569206	0.40865338235621684	3.1205347	137	633	20.376816726933303	8.160281732268353e-47	4.856038789811728e-45	0.40865338235621684	hypermethylated	LINC01701	chr1	189774874	189774876	-	0.01282051282051282
cg24443446	0.8397177257677064	0.4312550761912129	2.672238	-0.44683802	0.40846264957649353	3.1190763	137	606	29.121417139672026	1.1888392117767076e-75	3.113971047672308e-73	0.40846264957649353	hypermethylated	AC013287.1	chr10	63887811	63887813	-	0.047435897435897434
cg23752752	0.7039482506522297	0.29561673130254906	1.5048858	-1.5012885	0.4083315193496806	3.0061743	137	643	19.855865454408516	6.449100620446255e-48	4.10055225339603e-46	0.4083315193496806	hypermethylated	FOXK1	chr7	4739276	4739278	+	0.0
cg10156274	0.9015049621136519	0.49335628052707037	3.5810635	-0.004762676	0.4081486815865816	3.5858262	137	643	31.865158344396892	9.386625033445569e-84	3.4912691447142637e-81	0.4081486815865816	hypermethylated	BCL2L14	chr12	12094920	12094922	-	0.0
cg20667964	0.8600898798364792	0.45199844480499507	2.9090333	-0.295948	0.40809143503148415	3.2049813	137	635	29.714123786658252	5.14477659618954e-80	1.6523221324266324e-77	0.40809143503148415	hypermethylated	TBXAS1	chr7	139853202	139853204	-	0.010256410256410256
cg13477812	0.9217546003578353	0.5138137841113433	3.858079	0.109898	0.40794081624649203	3.7481809	137	643	40.231419993768405	2.298124795618201e-106	2.1133434376510963e-103	0.40794081624649203	hypermethylated	PDLIM3	chr4	185514351	185514353	-	0.0
cg13956645	0.9032092129227018	0.4955244524111829	3.8190277	0.12803115	0.4076847605115189	3.6909964	137	643	27.077118303834148	3.1889951832148405e-71	6.782513432626611e-69	0.4076847605115189	hypermethylated	AC139887.2,PCGF3	chr4	763596	763598	+	0.0
cg02661728	0.7986990423763499	0.39108107942332937	2.2744083	-0.7209733	0.40761796295302055	2.9953816	136	607	25.254949067001743	6.562400786989772e-65	1.0411627605245158e-62	0.40761796295302055	hypermethylated	AC073332.1,AHR	chr7	16978701	16978703	-	0.047435897435897434
cg25244356	0.8513095048222229	0.4436944513632387	2.875551	-0.327572	0.4076150534589842	3.203123	137	643	27.35005504703017	1.1534609339953381e-66	2.0014426145707074e-64	0.4076150534589842	hypermethylated	AC006153.1,CLDN12	chr7	90412925	90412927	+	0.0
cg14406401	0.8820883757876654	0.47447983002327904	3.2422645	-0.16633433	0.4076085457643864	3.408599	137	641	32.05616490442215	3.152811512197376e-80	1.02285260862423e-77	0.4076085457643864	hypermethylated	NAV2	chr11	20042351	20042353	+	0.002564102564102564
cg27518240	0.7465213402769619	0.3390550309685385	1.8689477	-1.1327287	0.4074663093084234	3.0016766	133	628	17.545190250868263	2.8431806086390566e-40	1.1352325189248518e-38	0.4074663093084234	hypermethylated	LINC02817	chr1	221337011	221337013	+	0.02435897435897436
cg06428196	0.8310496947344612	0.42364090089875506	2.6843078	-0.5068203	0.40740879383570616	3.1911283	136	615	24.60153835332155	4.8371172301078764e-61	6.326378517553538e-59	0.40740879383570616	hypermethylated	LINC01376	chr2	19138412	19138414	-	0.03717948717948718
cg15343463	0.8561247665516651	0.4489287854726441	2.7617412	-0.32667232	0.40719598107902105	3.0884135	137	642	36.02642174129953	4.6334059707600616e-94	2.609070221752323e-91	0.40719598107902105	hypermethylated	GALNT3	chr2	165777943	165777945	+	0.001282051282051282
cg20780180	0.7396327427455357	0.3326062654194079	1.7347437	-1.1049787	0.4070264773261278	2.8397224	133	608	24.494079291598922	4.544943157417036e-59	5.308723416137277e-57	0.4070264773261278	hypermethylated	SNX24	chr5	122916112	122916114	-	0.05
cg00987534	0.7417858909158146	0.33488153253944175	1.7210475	-1.118169	0.40690435837637284	2.8392165	136	618	25.634357857222675	2.479513030322325e-64	3.835503595202631e-62	0.40690435837637284	hypermethylated		chr7	73793637	73793639	+	0.03333333333333333
cg07443710	0.6910779632791115	0.28423259414245033	1.3361274	-1.4934375	0.4068453691366612	2.829565	137	642	24.561684554468904	6.578264403263305e-60	8.095550799049367e-58	0.4068453691366612	hypermethylated		chr10	69447091	69447093	+	0.001282051282051282
cg27064482	0.647843186872719	0.24114883446582183	0.95430505	-1.912342	0.4066943524068972	2.866647	137	643	25.87832834305112	4.88728095513011e-68	9.03630913763114e-66	0.4066943524068972	hypermethylated	MRTFB	chr16	14232685	14232687	+	0.0
cg06908618	0.8610941754640454	0.45441689498687793	2.8463364	-0.27396813	0.4066772804771675	3.1203046	137	643	29.518350496176968	7.467224813887271e-78	2.1627372859563188e-75	0.4066772804771675	hypermethylated	KLHDC4	chr16	87705846	87705848	-	0.0
cg25738116	0.8438125387595518	0.43722766739769636	2.749623	-0.394574	0.4065848713618554	3.144197	137	643	28.25453782842963	2.32926323898785e-69	4.561822796312103e-67	0.4065848713618554	hypermethylated	LINC00886	chr3	156812868	156812870	+	0.0
cg06105093	0.9361416336393704	0.5301977842814444	4.0370607	0.26855922	0.40594384935792605	3.7685015	137	643	47.454614773692605	1.5134307204167693e-172	1.3818018852117593e-168	0.40594384935792605	hypermethylated	VPS35L	chr16	19573167	19573169	-	0.0
cg07185041	0.8259319110508383	0.42021940952140846	2.3733335	-0.4956952	0.40571250152942984	2.8690286	137	643	38.428514896402085	2.874358969197912e-101	2.1654878355153094e-98	0.40571250152942984	hypermethylated	EHMT2-AS1,SLC44A4	chr6	31877943	31877945	+	0.0
cg06368401	0.8687775455304046	0.4632288064813852	2.9064732	-0.22911051	0.40554873904901945	3.1355836	134	601	33.396414249019216	9.327604236575769e-111	1.0104140463852958e-107	0.40554873904901945	hypermethylated	AC090945.1,MIR563	chr3	15873444	15873446	-	0.057692307692307696
cg01030178	0.896570581589302	0.49131624463578344	3.307833	-0.032981962	0.4052543369535186	3.3408148	137	639	38.078723967620036	8.860573813393577e-120	1.287035265452973e-116	0.4052543369535186	hypermethylated	AC084082.1,TRIM55	chr8	66125656	66125658	+	0.005128205128205128
cg13182816	0.7897596707309249	0.3847950509695762	2.112386	-0.7245039	0.4049646197613487	2.8368897	137	643	29.083717050362363	4.5498195210041845e-73	1.0664571158551317e-70	0.4049646197613487	hypermethylated	AC013652.1,AC113146.1;LINC02694	chr15	39179900	39179902	+	0.0
cg02764722	0.9093760469534101	0.5045797479977397	3.5712624	0.06880303	0.4047962989556704	3.5024593	137	636	36.4482347584895	1.6969613049805753e-115	2.0991466083296975e-112	0.4047962989556704	hypermethylated		chr12	51086391	51086393	-	0.008974358974358974
cg25503804	0.6562803505110915	0.2515441989453733	1.117116	-1.8441752	0.4047361515657182	2.9612913	137	643	20.902041020664644	2.81418317554651e-50	2.0403812374929018e-48	0.4047361515657182	hypermethylated	F2	chr11	46718281	46718283	+	0.0
cg08525712	0.8649467412572708	0.46043137332328926	2.9829607	-0.2354218	0.4045153679339815	3.2183826	137	643	30.688369819086837	3.7505662106753015e-78	1.109747974825516e-75	0.4045153679339815	hypermethylated		chr16	30402002	30402004	-	0.0
cg24143196	0.9185939148394731	0.514336167929139	3.8562675	0.14002804	0.404257746910334	3.7162395	137	641	35.25553958903965	2.7562487425708558e-98	1.8477997579762038e-95	0.404257746910334	hypermethylated	DNAJB1,TECR	chr19	14533661	14533663	-	0.002564102564102564
cg05069228	0.8494394678268989	0.4452876391069169	2.7927191	-0.34091857	0.40415182871998206	3.1336377	137	642	28.465122837566103	3.744966711481041e-71	7.951750441962049e-69	0.40415182871998206	hypermethylated	PTPRG	chr3	61807948	61807950	-	0.001282051282051282
cg19864468	0.8796142243990933	0.4758232437062597	3.001478	-0.12326558	0.4037909806928336	3.1247435	137	643	42.2771205977787	8.922648329807695e-126	1.584063369296151e-122	0.4037909806928336	hypermethylated	AC012442.2,CHCHD5	chr2	112588988	112588990	+	0.0
cg16101080	0.8960378048193716	0.4926046843106046	3.2210507	-0.030372385	0.40343312050876695	3.2514231	137	643	46.300317491201604	2.9905670707367545e-153	1.3652330299791593e-149	0.40343312050876695	hypermethylated	PPT2,PPT2-EGFL8	chr6	32158537	32158539	-	0.0
cg14830003	0.8186958480055315	0.4154010968482698	2.493885	-0.5570934	0.4032947511572617	3.0509784	137	643	24.00373714671203	2.8815236378008437e-61	3.8063408574272388e-59	0.4032947511572617	hypermethylated	DNALI1	chr1	37557055	37557057	+	0.0
cg00095333	0.8366875752915431	0.43349721383529355	2.686263	-0.40779382	0.4031903614562496	3.0940568	137	643	26.611401544552766	4.023139552168513e-66	6.793295232098688e-64	0.4031903614562496	hypermethylated	AC007461.1,SOX9-AS1	chr17	72176393	72176395	-	0.0
cg23522194	0.9219829809926722	0.5188417330870918	4.5358233	0.34871933	0.40314124790558037	4.187104	137	643	25.10903219475217	1.937475952486755e-68	3.6402050023324273e-66	0.40314124790558037	hypermethylated	PLA2G4C,PLA2G4C-AS1	chr19	48061931	48061933	-	0.0
