gene	direction	n_significant_probes	n_hyper_probes	n_hypo_probes	probe_ids
ABCC9	hypermethylated	3	3	0	cg06951626,cg07780543,cg14556896
AC003006.1	hypermethylated	8	8	0	cg01268824,cg08048222,cg08668790,cg11294513,cg12074025,cg12506930,cg21790626,cg27049766
AC003986.1	hypermethylated	3	3	0	cg23536473,cg24624901,cg25691167
AC004079.1	hypermethylated	2	2	0	cg00106345,cg17485838
AC004079.2	hypermethylated	2	2	0	cg00106345,cg17485838
AC004079.4	hypermethylated	2	2	0	cg00106345,cg17485838
AC004079.5	hypermethylated	2	2	0	cg00106345,cg17485838
AC004080.1	hypermethylated	1	1	0	cg15564098
AC004837.1	hypermethylated	1	1	0	cg27071152
AC004837.3	hypermethylated	1	1	0	cg27071152
AC005586.1	hypermethylated	1	1	0	cg27494647
AC005609.1	hypermethylated	1	1	0	cg02051771
AC005609.5	hypermethylated	4	4	0	cg02004851,cg06282446,cg11095383,cg16987900
AC006115.2	hypermethylated	1	1	0	cg06585566
AC007040.2	hypermethylated	1	1	0	cg04751811
AC008014.1	hypermethylated	1	1	0	cg11146691
AC008060.2	hypermethylated	1	1	0	cg01198033
AC008060.3	hypermethylated	1	1	0	cg20183619
AC008397.2	hypermethylated	1	1	0	cg15215348
AC008525.1	hypermethylated	3	3	0	cg01764252,cg04970570,cg08850461
AC008567.2	hypermethylated	1	1	0	cg19254119
AC008758.1	hypermethylated	2	2	0	cg08411068,cg22637867
AC008875.2	hypermethylated	2	2	0	cg14979301,cg24676817
AC008875.3	hypermethylated	1	1	0	cg14979301
AC008945.2	hypermethylated	1	1	0	cg08626131
AC009403.2	hypermethylated	1	1	0	cg01198033
AC009487.2	hypermethylated	2	2	0	cg01419831,cg23161999
AC010327.2	hypermethylated	1	1	0	cg18417954
AC010327.4	hypermethylated	1	1	0	cg18417954
AC010332.3	hypermethylated	1	1	0	cg26928418
AC010422.6	hypermethylated	1	1	0	cg24932585
AC010907.1	hypermethylated	1	1	0	cg11857704
AC011239.2	hypermethylated	2	2	0	cg02338778,cg14067761
AC012349.1	hypermethylated	2	2	0	cg04127342,cg04612444
AC012354.7	hypermethylated	1	1	0	cg03714619
AC012574.1	hypermethylated	2	2	0	cg09618933,cg14428146
AC012574.2	hypermethylated	1	1	0	cg09618933
AC022154.1	hypermethylated	1	1	0	cg11376305
AC025048.1	hypermethylated	2	2	0	cg20370678,cg21158087
AC068787.4	hypermethylated	2	2	0	cg00812438,cg04569082
AC069368.1	hypermethylated	1	1	0	cg03051384
AC072026.2	hypermethylated	1	1	0	cg18423935
AC074099.1	hypermethylated	2	2	0	cg02683759,cg20998319
AC087564.1	hypermethylated	1	1	0	cg01851378
AC090340.1	hypermethylated	1	1	0	cg15222899
AC090386.1	hypermethylated	1	1	0	cg05649108
AC091179.3	hypermethylated	3	3	0	cg12374721,cg20945566,cg27170782
AC091179.4	hypermethylated	3	3	0	cg12374721,cg20945566,cg27170782
AC092335.1	hypermethylated	2	2	0	cg16150752,cg17712694
AC092574.2	hypermethylated	2	2	0	cg06594404,cg08668316
AC092675.1	hypermethylated	1	1	0	cg21488538
AC092675.2	hypermethylated	1	1	0	cg21488538
AC092805.1	hypermethylated	3	3	0	cg12656020,cg24884703,cg26568372
AC092809.3	hypermethylated	1	1	0	cg17239057
AC092957.1	hypermethylated	2	2	0	cg02253760,cg25637894
AC099522.1	hypermethylated	1	1	0	cg09142313
AC099786.1	hypermethylated	1	1	0	cg26688527
AC103702.2	hypermethylated	1	1	0	cg22471726
AC116317.2	hypermethylated	1	1	0	cg06424065
AC122707.1	hypermethylated	1	1	0	cg27615388
AC123768.4	hypermethylated	1	1	0	cg12134633
AC138647.1	hypermethylated	1	1	0	cg18343437
AC243773.1	hypermethylated	2	2	0	cg19760241,cg20950167
AC244517.10	hypermethylated	4	4	0	cg11286063,cg17514558,cg18661205,cg22732749
AC244517.11	hypermethylated	6	6	0	cg09178190,cg11286063,cg17514558,cg18661205,cg22732749,cg25026992
AC244517.2	hypermethylated	3	3	0	cg07129523,cg09178190,cg25026992
AC245100.1	hypermethylated	1	1	0	cg25200152
AC245100.5	hypermethylated	1	1	0	cg25200152
ADGRL4	hypermethylated	3	3	0	cg04360793,cg15084543,cg26422458
AF106564.1	hypermethylated	1	1	0	cg23290344
AF186192.1	hypermethylated	1	1	0	cg20661138
AF186192.2	hypermethylated	1	1	0	cg20661138
AFF1	hypermethylated	2	2	0	cg13943333,cg19320820
AGGF1P3	hypermethylated	1	1	0	cg04572206
AKAP13	hypermethylated	1	1	0	cg25947619
AL009179.2	hypermethylated	7	7	0	cg01461847,cg02925601,cg03161803,cg10903903,cg13163930,cg14558529,cg27641532
AL021808.1	hypermethylated	3	3	0	cg01518607,cg05422029,cg09513990
AL035078.4	hypermethylated	7	7	0	cg03405909,cg03692563,cg07329360,cg08364561,cg12500879,cg13502741,cg20512711
AL035448.1	hypermethylated	1	1	0	cg20981848
AL049651.2	hypermethylated	1	1	0	cg07676859
AL049692.2	hypermethylated	2	2	0	cg06845853,cg25247290
AL049692.4	hypermethylated	2	2	0	cg06845853,cg25247290
AL049777.1	hypermethylated	1	1	0	cg21195256
AL049840.5	hypermethylated	1	1	0	cg18984103
AL079303.1	hypermethylated	1	1	0	cg13023870
AL096814.2	hypermethylated	1	1	0	cg19653212
AL121758.1	hypermethylated	1	1	0	cg01235820
AL132857.1	hypermethylated	4	4	0	cg04224064,cg13023870,cg13980454,cg23906738
AL138688.1	hypermethylated	1	1	0	cg10939579
AL138954.1	hypermethylated	1	1	0	cg21893663
AL161781.2	hypermethylated	1	1	0	cg13482308
AL353604.1	hypermethylated	1	1	0	cg01765111
AL355481.1	hypermethylated	3	3	0	cg16727923,cg18789918,cg21448057
AL355835.1	hypermethylated	1	1	0	cg05057720
AL358613.3	hypermethylated	1	1	0	cg17538572
AL390294.1	hypermethylated	1	1	0	cg00407546
AL445209.1	hypermethylated	3	3	0	cg13438893,cg24221648,cg26132774
AL445288.1	hypermethylated	2	2	0	cg04413320,cg26444528
AL513542.1	hypermethylated	1	1	0	cg19103219
AL662884.4	hypermethylated	4	4	0	cg12387154,cg12602633,cg13035743,cg17218813
ALOX5	hypermethylated	1	1	0	cg07355189
ALX1	hypermethylated	1	1	0	cg13916459
ANO7L1	hypermethylated	1	1	0	cg16680438
ANTXR2	hypermethylated	1	1	0	cg15555527
AP001636.3	hypermethylated	2	2	0	cg03131724,cg12635602
ATP6V1B1	hypermethylated	1	1	0	cg04751811
ATXN8OS	hypermethylated	1	1	0	cg20523861
BANK1	hypermethylated	1	1	0	cg27064287
BTBD3	hypermethylated	1	1	0	cg20981848
BX248415.1	hypermethylated	1	1	0	cg00564737
C10orf53	hypermethylated	1	1	0	cg09233392
C14orf39	hypermethylated	4	4	0	cg13019491,cg13539545,cg21026830,cg23989821
C1QTNF4	hypermethylated	1	1	0	cg18356785
C1orf94	hypermethylated	1	1	0	cg16348470
CACNA2D2	hypermethylated	1	1	0	cg09451427
CACNG7	hypermethylated	1	1	0	cg08393317
CACNG8	hypermethylated	1	1	0	cg17780246
CALCB	hypermethylated	1	1	0	cg24304093
CALN1	hypermethylated	1	1	0	cg17239236
CAPZB	hypermethylated	1	1	0	cg11962640
CBLN4	hypermethylated	1	1	0	cg27563985
CCDC181	hypermethylated	2	2	0	cg16136262,cg25464921
CCDC184	hypermethylated	1	1	0	cg15959252
CDH9	hypermethylated	2	2	0	cg11155432,cg12864235
CDK15	hypermethylated	1	1	0	cg17851604
CDX2	hypermethylated	1	1	0	cg07984133
CELF4	hypermethylated	1	1	0	cg05649108
CERKL	hypermethylated	1	1	0	cg22976218
CFTR	hypermethylated	3	3	0	cg00735923,cg09626894,cg21461649
CIDEA	hypermethylated	2	2	0	cg07204280,cg16727201
CLEC14A	hypermethylated	1	1	0	cg05057720
CLIC6	hypermethylated	1	1	0	cg17935217
CMSS1	hypermethylated	1	1	0	cg15963552
CNGA3	hypermethylated	1	1	0	cg21488538
CNMD	hypermethylated	1	1	0	cg08567279
CNPY1	hypermethylated	1	1	0	cg01198033
CNRIP1	hypermethylated	1	1	0	cg22400703
COL11A1	hypermethylated	1	1	0	cg03520644
COX4I2	hypermethylated	1	1	0	cg12033622
COX7A1	hypermethylated	2	2	0	cg09307985,cg24335895
CPAMD8	hypermethylated	1	1	0	cg09874289
CPT2	hypermethylated	1	1	0	cg13863396
CRYGD	hypermethylated	1	1	0	cg22399133
CSGALNACT1	hypermethylated	2	2	0	cg06386478,cg15232539
CUX1	hypermethylated	2	2	0	cg06173663,cg06471596
CYP26A1	hypermethylated	1	1	0	cg17538572
CYP2C23P	hypermethylated	1	1	0	cg03679755
DAW1	hypermethylated	1	1	0	cg00063174
DCAF12L1	hypermethylated	1	1	0	cg02261899
DCDC2C	hypermethylated	1	1	0	cg11857704
DEGS1	hypermethylated	1	1	0	cg17239057
DLEU1	hypermethylated	2	2	0	cg17241776,cg20170533
DLEU7	hypermethylated	2	2	0	cg17241776,cg20170533
DLGAP1	hypermethylated	1	1	0	cg15673034
DLK1	hypermethylated	1	1	0	cg10528576
DNAAF3	hypermethylated	1	1	0	cg18417954
DNALI1	hypermethylated	1	1	0	cg14830003
DPP6	hypermethylated	3	3	0	cg03532926,cg14523847,cg27032232
DPYS	hypermethylated	2	2	0	cg16419441,cg16783744
DRGX	hypermethylated	1	1	0	cg04425920
DST	hypermethylated	2	2	0	cg01358444,cg06311422
DZIP1	hypermethylated	2	2	0	cg11337289,cg22991101
EIF3I	hypermethylated	1	1	0	cg02830936
EOMES	hypermethylated	3	3	0	cg15540820,cg16971668,cg22383888
EPHA10	hypermethylated	1	1	0	cg21306240
ERAP1	hypermethylated	1	1	0	cg08618451
EVX1	hypermethylated	1	1	0	cg15564098
EVX1-AS	hypermethylated	1	1	0	cg15564098
EVX2	hypermethylated	1	1	0	cg14118515
EXOC1L	hypermethylated	1	1	0	cg16606320
FAM198B-AS1	hypermethylated	1	1	0	cg24170465
FERD3L	hypermethylated	2	2	0	cg23536473,cg25691167
FEZF2	hypermethylated	2	2	0	cg12378187,cg20072171
FGF5	hypermethylated	1	1	0	cg14349667
FILIP1L	hypermethylated	1	1	0	cg15963552
FMN2	hypermethylated	2	2	0	cg06400704,cg15031661
FNDC3B	hypermethylated	1	1	0	cg00589541
FOXA1	hypermethylated	1	1	0	cg00955911
FOXA2	hypermethylated	1	1	0	cg16963144
FOXE3	hypermethylated	1	1	0	cg22796507
FSD1	hypermethylated	1	1	0	cg26354493
GABRA1	hypermethylated	1	1	0	cg26597242
GAL3ST3	hypermethylated	2	2	0	cg14780632,cg24960947
GALNTL6	hypermethylated	1	1	0	cg09772954
GALR1	hypermethylated	1	1	0	cg03502002
GASK1B	hypermethylated	1	1	0	cg24170465
GATA3	hypermethylated	1	1	0	cg00407546
GATA3-AS1	hypermethylated	1	1	0	cg00407546
GFI1	hypermethylated	1	1	0	cg09935388
GHSR	hypermethylated	3	3	0	cg04851268,cg10109500,cg14768785
GJA3	hypermethylated	1	1	0	cg00963378
GJB2	hypermethylated	1	1	0	cg10939579
GLYATL1	hypermethylated	2	2	0	cg03131724,cg12635602
GPR37L1	hypermethylated	1	1	0	cg17219660
GRM1	hypermethylated	1	1	0	cg08958294
GUCA1A	hypermethylated	1	1	0	cg19653212
H2BU2P	hypermethylated	2	2	0	cg20411935,cg23239574
HCG9	hypermethylated	1	1	0	cg04109898
HCK	hypermethylated	2	2	0	cg17326769,cg17508991
HLA-DPA1	hypermethylated	5	5	0	cg02692313,cg06437840,cg09234582,cg19990651,cg26645432
HLA-DPB1	hypermethylated	5	5	0	cg02692313,cg06437840,cg09234582,cg19990651,cg26645432
HNRNPLP2	hypermethylated	1	1	0	cg12485185
HOTAIRM1	hypermethylated	2	2	0	cg00106345,cg17485838
HOXA2	hypermethylated	1	1	0	cg02803819
HOXB-AS4	hypermethylated	1	1	0	cg23690166
HOXB13	hypermethylated	1	1	0	cg21865150
HOXB7	hypermethylated	1	1	0	cg23690166
HOXC4	hypermethylated	1	1	0	cg16370398
HOXD10	hypermethylated	1	1	0	cg10364040
HOXD12	hypermethylated	3	3	0	cg01405040,cg02694427,cg03964958
HOXD13	hypermethylated	1	1	0	cg07802350
HPCAL4	hypermethylated	1	1	0	cg18438793
HSF1	hypermethylated	1	1	0	cg06546677
HTR1A	hypermethylated	1	1	0	cg27615388
HTR1B	hypermethylated	1	1	0	cg15368905
IFNL4P1	hypermethylated	1	1	0	cg01496199
IHO1	hypermethylated	1	1	0	cg12468774
INSRR	hypermethylated	1	1	0	cg13574390
JARID2	hypermethylated	1	1	0	cg00412851
KCNC2	hypermethylated	3	3	0	cg10148473,cg17203063,cg26074603
KCNQ4	hypermethylated	2	2	0	cg11386025,cg19276343
KCP	hypermethylated	1	1	0	cg07293445
KCTD16	hypermethylated	1	1	0	cg15955522
KIF28P	hypermethylated	1	1	0	cg03596016
KLC1	hypermethylated	1	1	0	cg18984103
KLHDC8A	hypermethylated	1	1	0	cg08159989
KLHL1	hypermethylated	1	1	0	cg20523861
KLHL29	hypermethylated	2	2	0	cg02338778,cg14067761
KLHL33	hypermethylated	1	1	0	cg02852670
L1TD1	hypermethylated	1	1	0	cg23049458
LHX1	hypermethylated	2	2	0	cg19760241,cg20950167
LHX5-AS1	hypermethylated	2	2	0	cg09338032,cg09887059
LHX8	hypermethylated	1	1	0	cg26688527
LHX9	hypermethylated	4	4	0	cg04868078,cg08128826,cg08610862,cg08883223
LIN28B	hypermethylated	5	5	0	cg02829743,cg03738025,cg17885226,cg22620090,cg23746497
LIN28B-AS1	hypermethylated	3	3	0	cg03738025,cg17885226,cg23746497
LINC00261	hypermethylated	1	1	0	cg15058464
LINC00461	hypermethylated	2	2	0	cg18318649,cg24804195
LINC00682	hypermethylated	2	2	0	cg01871214,cg17231999
LINC00943	hypermethylated	1	1	0	cg14885748
LINC01081	hypermethylated	1	1	0	cg26650638
LINC01097	hypermethylated	3	3	0	cg05710540,cg17922359,cg25781755
LINC01138	hypermethylated	1	1	0	cg25200152
LINC01341	hypermethylated	1	1	0	cg03596016
LINC01414	hypermethylated	4	4	0	cg05210266,cg15316843,cg15715477,cg18249580
LINC01475	hypermethylated	2	2	0	cg02798576,cg19103219
LINC01551	hypermethylated	1	1	0	cg21195256
LINC01798	hypermethylated	1	1	0	cg22827063
LINC01833	hypermethylated	2	2	0	cg03714619,cg22884656
LINC02135	hypermethylated	1	1	0	cg26650638
LINC02376	hypermethylated	1	1	0	cg23900203
LNCDAT	hypermethylated	1	1	0	cg06463958
LPAR6	hypermethylated	1	1	0	cg03646329
LPP	hypermethylated	1	1	0	cg21779805
LVRN	hypermethylated	1	1	0	cg07224726
MACF1	hypermethylated	1	1	0	cg20286956
MAML3	hypermethylated	1	1	0	cg19007141
MARCHF11	hypermethylated	2	2	0	cg16150752,cg17712694
MCF2L	hypermethylated	1	1	0	cg20248056
MEF2C-AS2	hypermethylated	4	4	0	cg01764252,cg04970570,cg08850461,cg18318649
MEI1	hypermethylated	1	1	0	cg11260046
MEIG1	hypermethylated	1	1	0	cg03928431
MIR100HG	hypermethylated	1	1	0	cg20150982
MIR124-2	hypermethylated	5	5	0	cg04559779,cg05455720,cg05474726,cg07792478,cg25900085
MIR124-2HG	hypermethylated	7	7	0	cg04559779,cg05455720,cg05474726,cg06829299,cg07792478,cg25633678,cg25900085
MIR196A1	hypermethylated	1	1	0	cg23690166
MIR663A	hypermethylated	4	4	0	cg04150495,cg08304190,cg10715092,cg20395967
MIR663AHG	hypermethylated	5	5	0	cg01408508,cg04150495,cg08304190,cg10715092,cg20395967
MKNK1-AS1	hypermethylated	1	1	0	cg24465685
MLLT1	hypermethylated	1	1	0	cg06633438
MMP9	hypermethylated	1	1	0	cg26132320
MTMR9LP	hypermethylated	1	1	0	cg02830936
MXRA7	hypermethylated	2	2	0	cg13387113,cg15052447
MYO3A	hypermethylated	1	1	0	cg02232704
NEFM	hypermethylated	1	1	0	cg23290344
NEUROD1	hypermethylated	1	1	0	cg22976218
NKAPL	hypermethylated	6	6	0	cg01031101,cg09523275,cg10253847,cg17384889,cg18675097,cg18694169
NKX2-1	hypermethylated	2	2	0	cg13980454,cg23906738
NKX2-1-AS1	hypermethylated	1	1	0	cg23906738
NKX2-6	hypermethylated	1	1	0	cg14428146
NOL4	hypermethylated	1	1	0	cg13721404
NPBWR1	hypermethylated	1	1	0	cg26205771
NPTX2	hypermethylated	2	2	0	cg08315202,cg18952796
NPY	hypermethylated	2	2	0	cg11475550,cg24245418
NR2E1	hypermethylated	1	1	0	cg04407470
NRN1	hypermethylated	1	1	0	cg10304637
NRSN1	hypermethylated	2	2	0	cg08908855,cg14549524
NRXN2	hypermethylated	2	2	0	cg10940462,cg27466845
NT5E	hypermethylated	1	1	0	cg25262528
NTRK1	hypermethylated	1	1	0	cg13574390
NXPH1	hypermethylated	4	4	0	cg06335867,cg10443049,cg15285250,cg23075337
OAZ1P1	hypermethylated	1	1	0	cg07405182
OBI1-AS1	hypermethylated	3	3	0	cg13438893,cg24221648,cg26132774
ONECUT2	hypermethylated	1	1	0	cg25547580
OSBPL5	hypermethylated	1	1	0	cg23357130
OSTM1	hypermethylated	2	2	0	cg08382226,cg20295992
OTP	hypermethylated	1	1	0	cg26365545
OTX1	hypermethylated	4	4	0	cg07974511,cg10122865,cg19763461,cg21472506
OTX2	hypermethylated	4	4	0	cg13023623,cg14248715,cg21039708,cg25092838
OTX2-AS1	hypermethylated	3	3	0	cg14248715,cg21039708,cg25092838
PANCR	hypermethylated	2	2	0	cg09780241,cg23806894
PAUPAR	hypermethylated	7	7	0	cg03405909,cg03692563,cg07329360,cg08364561,cg12500879,cg13502741,cg20512711
PAX3	hypermethylated	1	1	0	cg04688351
PAX5	hypermethylated	1	1	0	cg13482308
PAX6	hypermethylated	4	4	0	cg13596833,cg16865446,cg20014398,cg26029734
PCDH17	hypermethylated	2	2	0	cg04413320,cg26444528
PCDHA1	hypermethylated	7	7	0	cg02004851,cg02051771,cg06282446,cg11095383,cg16987900,cg18117367,cg18283342
PCDHA10	hypermethylated	2	2	0	cg02051771,cg18283342
PCDHA11	hypermethylated	1	1	0	cg02051771
PCDHA12	hypermethylated	1	1	0	cg02051771
PCDHA13	hypermethylated	1	1	0	cg02051771
PCDHA2	hypermethylated	7	7	0	cg02004851,cg02051771,cg06282446,cg11095383,cg16987900,cg18117367,cg18283342
PCDHA3	hypermethylated	5	5	0	cg02004851,cg02051771,cg16987900,cg18117367,cg18283342
PCDHA4	hypermethylated	5	5	0	cg02004851,cg02051771,cg16987900,cg18117367,cg18283342
PCDHA5	hypermethylated	5	5	0	cg02004851,cg02051771,cg16987900,cg18117367,cg18283342
PCDHA6	hypermethylated	5	5	0	cg02004851,cg02051771,cg16987900,cg18117367,cg18283342
PCDHA7	hypermethylated	3	3	0	cg02051771,cg18117367,cg18283342
PCDHA8	hypermethylated	2	2	0	cg02051771,cg18283342
PCDHA9	hypermethylated	2	2	0	cg02051771,cg18283342
PCDHB15	hypermethylated	1	1	0	cg22732749
PCDHB18P	hypermethylated	2	2	0	cg11286063,cg18661205
PCDHB19P	hypermethylated	1	1	0	cg17514558
PCDHB4	hypermethylated	1	1	0	cg07129523
PCDHB6	hypermethylated	1	1	0	cg09178190
PCDHB7	hypermethylated	1	1	0	cg25026992
PCDHGA1	hypermethylated	24	24	0	cg00048743,cg02575448,cg02707176,cg06572465,cg06757585,cg07489502,cg07520649,cg09066326,cg09639151,cg11014124,cg12304520,cg13933262,cg18118262,cg18164784,cg18507379,cg18617005,cg18781988,cg21185686,cg21627409,cg22861116,cg23244790,cg24172509,cg26647197,cg26843711
PCDHGA10	hypermethylated	11	11	0	cg02707176,cg06572465,cg07489502,cg09639151,cg12304520,cg13933262,cg18118262,cg21185686,cg21627409,cg23244790,cg26647197
PCDHGA11	hypermethylated	9	9	0	cg06572465,cg07489502,cg09639151,cg12304520,cg18118262,cg21185686,cg21627409,cg23244790,cg26647197
PCDHGA12	hypermethylated	6	6	0	cg07489502,cg09639151,cg12304520,cg21185686,cg21627409,cg23244790
PCDHGA2	hypermethylated	24	24	0	cg00048743,cg02575448,cg02707176,cg06572465,cg06757585,cg07489502,cg07520649,cg09066326,cg09639151,cg11014124,cg12304520,cg13933262,cg18118262,cg18164784,cg18507379,cg18617005,cg18781988,cg21185686,cg21627409,cg22861116,cg23244790,cg24172509,cg26647197,cg26843711
PCDHGA3	hypermethylated	24	24	0	cg00048743,cg02575448,cg02707176,cg06572465,cg06757585,cg07489502,cg07520649,cg09066326,cg09639151,cg11014124,cg12304520,cg13933262,cg18118262,cg18164784,cg18507379,cg18617005,cg18781988,cg21185686,cg21627409,cg22861116,cg23244790,cg24172509,cg26647197,cg26843711
PCDHGA4	hypermethylated	23	23	0	cg00048743,cg02575448,cg02707176,cg06572465,cg06757585,cg07489502,cg07520649,cg09066326,cg09639151,cg11014124,cg12304520,cg13933262,cg18118262,cg18164784,cg18507379,cg18617005,cg21185686,cg21627409,cg22861116,cg23244790,cg24172509,cg26647197,cg26843711
PCDHGA5	hypermethylated	23	23	0	cg00048743,cg02575448,cg02707176,cg06572465,cg06757585,cg07489502,cg07520649,cg09066326,cg09639151,cg11014124,cg12304520,cg13933262,cg18118262,cg18164784,cg18507379,cg18617005,cg21185686,cg21627409,cg22861116,cg23244790,cg24172509,cg26647197,cg26843711
PCDHGA6	hypermethylated	21	21	0	cg00048743,cg02707176,cg06572465,cg06757585,cg07489502,cg09066326,cg09639151,cg11014124,cg12304520,cg13933262,cg18118262,cg18164784,cg18507379,cg18617005,cg21185686,cg21627409,cg22861116,cg23244790,cg24172509,cg26647197,cg26843711
PCDHGA7	hypermethylated	18	18	0	cg00048743,cg02707176,cg06572465,cg07489502,cg09639151,cg11014124,cg12304520,cg13933262,cg18118262,cg18164784,cg18507379,cg18617005,cg21185686,cg21627409,cg22861116,cg23244790,cg24172509,cg26647197
PCDHGA8	hypermethylated	16	16	0	cg00048743,cg02707176,cg06572465,cg07489502,cg09639151,cg11014124,cg12304520,cg13933262,cg18118262,cg18507379,cg18617005,cg21185686,cg21627409,cg23244790,cg24172509,cg26647197
PCDHGA9	hypermethylated	15	15	0	cg00048743,cg02707176,cg06572465,cg07489502,cg09639151,cg11014124,cg12304520,cg13933262,cg18118262,cg18507379,cg18617005,cg21185686,cg21627409,cg23244790,cg26647197
PCDHGB1	hypermethylated	23	23	0	cg00048743,cg02575448,cg02707176,cg06572465,cg06757585,cg07489502,cg07520649,cg09066326,cg09639151,cg11014124,cg12304520,cg13933262,cg18118262,cg18164784,cg18507379,cg18617005,cg21185686,cg21627409,cg22861116,cg23244790,cg24172509,cg26647197,cg26843711
PCDHGB2	hypermethylated	23	23	0	cg00048743,cg02575448,cg02707176,cg06572465,cg06757585,cg07489502,cg07520649,cg09066326,cg09639151,cg11014124,cg12304520,cg13933262,cg18118262,cg18164784,cg18507379,cg18617005,cg21185686,cg21627409,cg22861116,cg23244790,cg24172509,cg26647197,cg26843711
PCDHGB3	hypermethylated	22	22	0	cg00048743,cg02575448,cg02707176,cg06572465,cg06757585,cg07489502,cg09066326,cg09639151,cg11014124,cg12304520,cg13933262,cg18118262,cg18164784,cg18507379,cg18617005,cg21185686,cg21627409,cg22861116,cg23244790,cg24172509,cg26647197,cg26843711
PCDHGB4	hypermethylated	16	16	0	cg00048743,cg02707176,cg06572465,cg07489502,cg09639151,cg11014124,cg12304520,cg13933262,cg18118262,cg18507379,cg18617005,cg21185686,cg21627409,cg23244790,cg24172509,cg26647197
PCDHGB5	hypermethylated	16	16	0	cg00048743,cg02707176,cg06572465,cg07489502,cg09639151,cg11014124,cg12304520,cg13933262,cg18118262,cg18507379,cg18617005,cg21185686,cg21627409,cg23244790,cg24172509,cg26647197
PCDHGB6	hypermethylated	13	13	0	cg02707176,cg06572465,cg07489502,cg09639151,cg12304520,cg13933262,cg18118262,cg18507379,cg18617005,cg21185686,cg21627409,cg23244790,cg26647197
PCDHGB7	hypermethylated	11	11	0	cg02707176,cg06572465,cg07489502,cg09639151,cg12304520,cg13933262,cg18118262,cg21185686,cg21627409,cg23244790,cg26647197
PDE4C	hypermethylated	1	1	0	cg15215348
PDX1	hypermethylated	1	1	0	cg26299169
PENK	hypermethylated	2	2	0	cg04127342,cg04612444
PFN3	hypermethylated	2	2	0	cg00642460,cg06847624
PKLR	hypermethylated	2	2	0	cg01971813,cg25651783
PNPLA1	hypermethylated	1	1	0	cg15634980
POM121L2	hypermethylated	1	1	0	cg12078155
POU4F2	hypermethylated	2	2	0	cg06083330,cg16887264
PPFIA3	hypermethylated	3	3	0	cg00421363,cg04113418,cg13484549
PPP1R12C	hypermethylated	1	1	0	cg02474116
PRAC1	hypermethylated	3	3	0	cg12374721,cg20945566,cg27170782
PRAC2	hypermethylated	3	3	0	cg12374721,cg20945566,cg27170782
PRDM13	hypermethylated	1	1	0	cg17302155
PRKAR1B	hypermethylated	1	1	0	cg23605961
PRMT2	hypermethylated	1	1	0	cg09374293
PRRT1	hypermethylated	4	4	0	cg12387154,cg12602633,cg13035743,cg17218813
PRRX1	hypermethylated	2	2	0	cg07149609,cg23089825
PSMG4	hypermethylated	1	1	0	cg15012484
PTPRG-AS1	hypermethylated	1	1	0	cg12378187
PWRN1	hypermethylated	1	1	0	cg13749113
RARG	hypermethylated	1	1	0	cg10592478
RARRES2	hypermethylated	1	1	0	cg27494647
RASGEF1A	hypermethylated	1	1	0	cg12451631
RAX	hypermethylated	1	1	0	cg27189087
RB1	hypermethylated	1	1	0	cg03646329
RERE	hypermethylated	1	1	0	cg04995521
RFX1	hypermethylated	1	1	0	cg06905453
RIMS3	hypermethylated	1	1	0	cg16328007
RN7SL160P	hypermethylated	1	1	0	cg04751811
RNA5SP243	hypermethylated	1	1	0	cg13248778
RNA5SP77	hypermethylated	2	2	0	cg14789818,cg20699586
RPH3A	hypermethylated	1	1	0	cg17453780
RPL23AP49	hypermethylated	1	1	0	cg04572206
RTN4RL1	hypermethylated	1	1	0	cg14769786
SAMD13	hypermethylated	1	1	0	cg03204322
SAPCD1-AS1	hypermethylated	1	1	0	cg13187827
SATB2	hypermethylated	2	2	0	cg10168149,cg25740565
SATB2-AS1	hypermethylated	2	2	0	cg10168149,cg25740565
SCDP1	hypermethylated	1	1	0	cg02058408
SCG5	hypermethylated	1	1	0	cg12134633
SCGB1B2P	hypermethylated	1	1	0	cg23200020
SCRT2	hypermethylated	1	1	0	cg01235820
SEL1L	hypermethylated	1	1	0	cg16379999
SELENOP	hypermethylated	1	1	0	cg08626131
SELENOW	hypermethylated	1	1	0	cg07953015
SEMA4A	hypermethylated	1	1	0	cg21996227
SFTA3	hypermethylated	2	2	0	cg13980454,cg23906738
SHE	hypermethylated	1	1	0	cg18081940
SIM1	hypermethylated	1	1	0	cg18782604
SIM2	hypermethylated	1	1	0	cg26701242
SIX3	hypermethylated	1	1	0	cg08696165
SIX6	hypermethylated	1	1	0	cg13019491
SKI	hypermethylated	1	1	0	cg12483545
SKOR1	hypermethylated	1	1	0	cg11601252
SLC12A5	hypermethylated	1	1	0	cg10439765
SLC12A8	hypermethylated	1	1	0	cg26107890
SLC13A5	hypermethylated	1	1	0	cg13545212
SLC38A4	hypermethylated	1	1	0	cg11146691
SLC4A10	hypermethylated	2	2	0	cg01419831,cg23161999
SLC6A3	hypermethylated	1	1	0	cg14502484
SLC6A5	hypermethylated	1	1	0	cg14524936
SLITRK1	hypermethylated	3	3	0	cg16727923,cg18789918,cg21448057
SOX1	hypermethylated	4	4	0	cg15653173,cg16705627,cg24604013,cg26151467
SOX1-OT	hypermethylated	13	13	0	cg05221057,cg11437784,cg13692446,cg15415452,cg15653173,cg16705627,cg18437365,cg19096825,cg21054521,cg23619365,cg24604013,cg25570913,cg26151467
SOX2-OT	hypermethylated	5	5	0	cg02650401,cg05513806,cg11324832,cg13294849,cg22920300
SPAG6	hypermethylated	2	2	0	cg05099508,cg26492368
SPARCL1	hypermethylated	1	1	0	cg12630520
SPHK2	hypermethylated	1	1	0	cg11376305
SPRY2	hypermethylated	1	1	0	cg22369786
SRGAP3	hypermethylated	1	1	0	cg00907288
SSR3	hypermethylated	1	1	0	cg24921140
SST	hypermethylated	2	2	0	cg02164046,cg15347189
SSTR4	hypermethylated	1	1	0	cg07676859
ST18	hypermethylated	1	1	0	cg14689479
ST8SIA3	hypermethylated	2	2	0	cg03614193,cg13096208
STXBP5L	hypermethylated	1	1	0	cg18423935
SYCN	hypermethylated	3	3	0	cg00880452,cg02863073,cg22290648
TAC1	hypermethylated	4	4	0	cg01287975,cg11873482,cg16288089,cg17437939
TAL1	hypermethylated	1	1	0	cg25764899
TBX20	hypermethylated	1	1	0	cg18011916
TBXT	hypermethylated	2	2	0	cg06463958,cg20114732
TCAF1	hypermethylated	1	1	0	cg16807089
TCF20	hypermethylated	1	1	0	cg01324372
TCF23	hypermethylated	1	1	0	cg15326452
TDGF1P2	hypermethylated	1	1	0	cg00063174
TDRD10	hypermethylated	1	1	0	cg18081940
TENM3	hypermethylated	1	1	0	cg02348751
TENM3-AS1	hypermethylated	1	1	0	cg02348751
TFAP2B	hypermethylated	1	1	0	cg27260772
TFAP2D	hypermethylated	2	2	0	cg09086201,cg17191462
THRA	hypermethylated	1	1	0	cg11512009
TLX1	hypermethylated	1	1	0	cg25266629
TMEM145	hypermethylated	1	1	0	cg11957331
TMEM240	hypermethylated	4	4	0	cg00813378,cg08738570,cg15487867,cg16601494
TMEM275	hypermethylated	1	1	0	cg24465685
TPM4P1	hypermethylated	1	1	0	cg03679755
TRH	hypermethylated	4	4	0	cg01009664,cg02700891,cg14595003,cg22512438
TRIM59	hypermethylated	1	1	0	cg15618978
TUBB2B	hypermethylated	1	1	0	cg15012484
TULP1	hypermethylated	3	3	0	cg12827262,cg15219228,cg24281267
VAX1	hypermethylated	3	3	0	cg08833577,cg17138769,cg26783057
VAX2	hypermethylated	1	1	0	cg04751811
VPS13B-DT	hypermethylated	1	1	0	cg14968543
VSTM2A	hypermethylated	1	1	0	cg21179088
VWA7	hypermethylated	1	1	0	cg13187827
WRAP73	hypermethylated	1	1	0	cg04865841
WT1	hypermethylated	3	3	0	cg09234616,cg10244666,cg13540960
WT1-AS	hypermethylated	2	2	0	cg06845853,cg25247290
YAE1	hypermethylated	1	1	0	cg27071152
YBX3P1	hypermethylated	1	1	0	cg15811515
Z98880.1	hypermethylated	1	1	0	cg24292761
ZBED9	hypermethylated	2	2	0	cg04645150,cg24114014
ZCWPW1	hypermethylated	1	1	0	cg17968037
ZFHX4-AS1	hypermethylated	1	1	0	cg19437183
ZFP42	hypermethylated	7	7	0	cg00663077,cg06274159,cg14817655,cg15718581,cg17214381,cg18034737,cg24896649
ZIC1	hypermethylated	12	12	0	cg00028935,cg02387803,cg03363161,cg05052450,cg05855917,cg07152216,cg12204258,cg12892506,cg16215422,cg19271111,cg21776417,cg26123605
ZIC4	hypermethylated	8	8	0	cg00028935,cg00334063,cg02387803,cg04556126,cg05855917,cg12892506,cg16768018,cg26790247
ZIM2-AS1	hypermethylated	1	1	0	cg06585566
ZNF154	hypermethylated	6	6	0	cg01268824,cg08668790,cg11294513,cg12506930,cg21790626,cg27049766
ZNF274	hypermethylated	1	1	0	cg19416570
ZNF300P1	hypermethylated	1	1	0	cg05016408
ZNF32-AS3	hypermethylated	1	1	0	cg25888561
ZNF350-AS1	hypermethylated	2	2	0	cg21549195,cg24886257
ZNF536	hypermethylated	1	1	0	cg23642130
ZNF551	hypermethylated	6	6	0	cg01268824,cg08668790,cg11294513,cg12506930,cg21790626,cg27049766
ZNF560	hypermethylated	1	1	0	cg19254119
ZNF578	hypermethylated	1	1	0	cg26928418
ZNF671	hypermethylated	2	2	0	cg08048222,cg12074025
ZNF709	hypermethylated	2	2	0	cg08411068,cg22637867
ZNF729	hypermethylated	1	1	0	cg02657401
ZNF876P	hypermethylated	2	2	0	cg18005867,cg23063647
ZSCAN18	hypermethylated	1	1	0	cg14231297
AC005914.1	hypomethylated	1	0	1	cg11837293
AC007098.1	hypomethylated	2	0	2	cg15732840,cg25518132
AC008133.1	hypomethylated	1	0	1	cg01890568
AC009070.1	hypomethylated	1	0	1	cg03284308
AC009879.2	hypomethylated	1	0	1	cg20171999
AC009879.4	hypomethylated	1	0	1	cg20171999
AC011524.2	hypomethylated	1	0	1	cg10578996
AC011899.1	hypomethylated	1	0	1	cg24646841
AC012640.1	hypomethylated	1	0	1	cg17315844
AC015712.5	hypomethylated	1	0	1	cg26824516
AC016831.6	hypomethylated	2	0	2	cg15928106,cg20228731
AC017002.3	hypomethylated	1	0	1	cg08443563
AC025171.1	hypomethylated	1	0	1	cg10883503
AC025171.3	hypomethylated	1	0	1	cg10883503
AC025809.1	hypomethylated	1	0	1	cg15637286
AC027288.3	hypomethylated	1	0	1	cg09884851
AC058822.1	hypomethylated	1	0	1	cg11807829
AC068633.1	hypomethylated	1	0	1	cg20207443
AC079779.3	hypomethylated	1	0	1	cg24428372
AC080013.4	hypomethylated	1	0	1	cg15548427
AC091096.1	hypomethylated	1	0	1	cg25368103
AC100861.1	hypomethylated	3	0	3	cg23303108,cg24278165,cg26530341
AC100861.2	hypomethylated	3	0	3	cg23303108,cg24278165,cg26530341
AC103758.1	hypomethylated	1	0	1	cg17144184
AC104389.5	hypomethylated	1	0	1	cg09248694
AC110749.1	hypomethylated	1	0	1	cg27500148
AC112504.2	hypomethylated	2	0	2	cg04016621,cg19275745
AC127002.2	hypomethylated	1	0	1	cg10857250
AC131011.1	hypomethylated	1	0	1	cg00431602
ADARB2	hypomethylated	1	0	1	cg03480068
AIM2	hypomethylated	2	0	2	cg07195224,cg10636246
AJAP1	hypomethylated	1	0	1	cg02482718
AL008729.1	hypomethylated	3	0	3	cg06879394,cg07912922,cg21538684
AL009178.3	hypomethylated	1	0	1	cg03850936
AL021918.5	hypomethylated	1	0	1	cg03332623
AL109924.4	hypomethylated	1	0	1	cg22453826
AL117329.1	hypomethylated	1	0	1	cg10956848
AL133334.1	hypomethylated	1	0	1	cg19254793
AL160171.1	hypomethylated	1	0	1	cg11947712
AL358472.5	hypomethylated	1	0	1	cg08202226
AL392046.1	hypomethylated	1	0	1	cg19215266
AL441943.2	hypomethylated	1	0	1	cg26098816
AL450992.1	hypomethylated	1	0	1	cg20167074
AL513325.1	hypomethylated	1	0	1	cg02394578
ALDH1A3	hypomethylated	1	0	1	cg26824516
ANAPC1	hypomethylated	1	0	1	cg08443563
AP005273.2	hypomethylated	1	0	1	cg08822897
APBB1IP	hypomethylated	1	0	1	cg06457633
ARNTL2	hypomethylated	1	0	1	cg26165146
ASIC2	hypomethylated	1	0	1	cg01890568
ASTN2	hypomethylated	1	0	1	cg14516287
ATP13A3	hypomethylated	1	0	1	cg23192683
ATPSCKMT	hypomethylated	1	0	1	cg17315844
AXDND1	hypomethylated	2	0	2	cg03440799,cg04348247
BCL9	hypomethylated	1	0	1	cg10020892
BX284613.2	hypomethylated	1	0	1	cg06041466
C11orf40	hypomethylated	1	0	1	cg16497714
C1orf21	hypomethylated	1	0	1	cg22039357
CATSPERG	hypomethylated	1	0	1	cg12536921
CCN4	hypomethylated	2	0	2	cg04421974,cg17667625
CCT5	hypomethylated	1	0	1	cg17315844
CCT6A	hypomethylated	1	0	1	cg23839680
CD1D	hypomethylated	1	0	1	cg18234111
CD44	hypomethylated	1	0	1	cg25096745
CD58	hypomethylated	1	0	1	cg10180415
CDKN2B-AS1	hypomethylated	1	0	1	cg14069088
CENPN	hypomethylated	1	0	1	cg03284308
CFAP46	hypomethylated	1	0	1	cg24626659
CLDN4	hypomethylated	1	0	1	cg20038219
CMC2	hypomethylated	1	0	1	cg03284308
COPS5	hypomethylated	2	0	2	cg07896832,cg21320567
COQ3	hypomethylated	1	0	1	cg18751133
COTL1	hypomethylated	1	0	1	cg07964754
CREM	hypomethylated	1	0	1	cg19215266
CSPP1	hypomethylated	2	0	2	cg07896832,cg21320567
CST7	hypomethylated	1	0	1	cg26450106
CTPS1	hypomethylated	1	0	1	cg24141382
CXADR	hypomethylated	1	0	1	cg00744433
CYP27C1	hypomethylated	1	0	1	cg24923516
DIP2C	hypomethylated	1	0	1	cg08079763
DLGAP2	hypomethylated	2	0	2	cg08387538,cg08387835
DLGAP2-AS1	hypomethylated	1	0	1	cg08387538
ELFN1	hypomethylated	2	0	2	cg02691362,cg27527798
EZR	hypomethylated	1	0	1	cg22871253
EZR-AS1	hypomethylated	1	0	1	cg22871253
FAM131C	hypomethylated	1	0	1	cg25851313
FAM216A	hypomethylated	1	0	1	cg19666600
FMO6P	hypomethylated	1	0	1	cg06041466
GATAD2B	hypomethylated	1	0	1	cg08202226
GON4L	hypomethylated	1	0	1	cg00504075
GPN3	hypomethylated	1	0	1	cg19666600
GPR137B	hypomethylated	1	0	1	cg04077303
GRHL2	hypomethylated	1	0	1	cg01952226
GRIA1	hypomethylated	1	0	1	cg16281600
GRK5	hypomethylated	1	0	1	cg07551060
GRK7	hypomethylated	2	0	2	cg04016621,cg19275745
HBE1	hypomethylated	1	0	1	cg09248694
HBG2	hypomethylated	1	0	1	cg09248694
HENMT1	hypomethylated	1	0	1	cg11947712
IL17RA	hypomethylated	1	0	1	cg07191900
IL22RA2	hypomethylated	1	0	1	cg23507945
KRTAP12-3	hypomethylated	1	0	1	cg15021280
LINC-PINT	hypomethylated	2	0	2	cg15928106,cg20228731
LINC00884	hypomethylated	1	0	1	cg23192683
LINC00898	hypomethylated	1	0	1	cg10956848
LINC00906	hypomethylated	1	0	1	cg10578996
LINC00944	hypomethylated	1	0	1	cg20197130
LINC01646	hypomethylated	1	0	1	cg11735242
LINC01749	hypomethylated	1	0	1	cg16353508
LINC02646	hypomethylated	1	0	1	cg25601879
LMF1	hypomethylated	1	0	1	cg10244976
LNX1	hypomethylated	1	0	1	cg11807829
LNX1-AS2	hypomethylated	1	0	1	cg11807829
MDC1	hypomethylated	1	0	1	cg06315208
MDGA2	hypomethylated	1	0	1	cg04788987
MFSD1	hypomethylated	1	0	1	cg15548427
MIR15B	hypomethylated	1	0	1	cg12785694
MIR16-2	hypomethylated	1	0	1	cg12785694
MYT1L	hypomethylated	3	0	3	cg14766621,cg15300436,cg26383138
MYT1L-AS1	hypomethylated	1	0	1	cg15300436
NAV1	hypomethylated	1	0	1	cg03340408
NCMAP-DT	hypomethylated	1	0	1	cg17094249
NFE2L3	hypomethylated	2	0	2	cg08822075,cg14684457
NRXN3	hypomethylated	1	0	1	cg05280527
NSMCE2	hypomethylated	1	0	1	cg00297966
NTM	hypomethylated	2	0	2	cg05184519,cg16257533
OPCML	hypomethylated	3	0	3	cg00322927,cg06967998,cg20972294
OSGIN2	hypomethylated	1	0	1	cg24046017
PAPPA2	hypomethylated	1	0	1	cg18236464
PARP1	hypomethylated	1	0	1	cg02088626
PARP4	hypomethylated	2	0	2	cg17117459,cg18582260
PDE10A	hypomethylated	1	0	1	cg03814644
PDE6B	hypomethylated	1	0	1	cg07486474
PEX7	hypomethylated	1	0	1	cg04766529
PHACTR1	hypomethylated	3	0	3	cg06879394,cg07912922,cg21538684
PHF21B	hypomethylated	1	0	1	cg14967020
PIGB	hypomethylated	1	0	1	cg19991916
PIGBOS1	hypomethylated	1	0	1	cg19991916
PMEPA1	hypomethylated	1	0	1	cg08243465
PPTC7	hypomethylated	1	0	1	cg08752433
PRDM16	hypomethylated	1	0	1	cg11157172
PSMG3-AS1	hypomethylated	1	0	1	cg19486070
PSPH	hypomethylated	1	0	1	cg23839680
PTPRN2-AS1	hypomethylated	1	0	1	cg10249637
RAB27A	hypomethylated	1	0	1	cg19991916
RADIL	hypomethylated	1	0	1	cg14260083
RBFOX3	hypomethylated	1	0	1	cg10937408
RBMXL2	hypomethylated	1	0	1	cg06176750
RIMBP2	hypomethylated	2	0	2	cg00794174,cg27170427
RNF114	hypomethylated	1	0	1	cg22657044
RNU6-925P	hypomethylated	1	0	1	cg24046017
RPL23	hypomethylated	1	0	1	cg27500148
RPS2	hypomethylated	1	0	1	cg26876834
S100A10	hypomethylated	1	0	1	cg20167074
SAR1A	hypomethylated	1	0	1	cg07661904
SCN1A	hypomethylated	1	0	1	cg26056277
SCN1A-AS1	hypomethylated	1	0	1	cg26056277
SCT	hypomethylated	1	0	1	cg04731448
SHISA6	hypomethylated	1	0	1	cg07527126
SMC4	hypomethylated	1	0	1	cg12785694
SNHG6	hypomethylated	1	0	1	cg00640314
SNHG9	hypomethylated	1	0	1	cg26876834
SNORA10	hypomethylated	1	0	1	cg26876834
SNORA64	hypomethylated	1	0	1	cg26876834
SNORD87	hypomethylated	1	0	1	cg00640314
SRSF7	hypomethylated	2	0	2	cg04441847,cg12961607
STK32C	hypomethylated	1	0	1	cg03889013
SUB1	hypomethylated	1	0	1	cg18721397
SYNGR2	hypomethylated	1	0	1	cg23668057
SYT1	hypomethylated	1	0	1	cg09884851
TAF1D	hypomethylated	1	0	1	cg03607573
TAOK3	hypomethylated	1	0	1	cg01431992
TBC1D7	hypomethylated	3	0	3	cg06879394,cg07912922,cg21538684
TBL1XR1	hypomethylated	3	0	3	cg03930153,cg15507690,cg17578639
TMEM99	hypomethylated	1	0	1	cg13672106
TMPO	hypomethylated	1	0	1	cg01808879
TMPO-AS1	hypomethylated	1	0	1	cg01808879
TNFRSF10A	hypomethylated	3	0	3	cg23303108,cg24278165,cg26530341
TNR	hypomethylated	1	0	1	cg04923875
TPTE2P6	hypomethylated	2	0	2	cg17117459,cg18582260
TRIM15	hypomethylated	3	0	3	cg02772121,cg06051311,cg12422154
TSPEAR	hypomethylated	1	0	1	cg15021280
UBAC2	hypomethylated	1	0	1	cg07450210
WWOX	hypomethylated	2	0	2	cg08549497,cg08599635
Y_RNA	hypomethylated	1	0	1	cg00431602
ZBTB16	hypomethylated	1	0	1	cg24452821
ZCCHC8	hypomethylated	1	0	1	cg10857250
ZFAND1	hypomethylated	1	0	1	cg07162097
ZFHX2-AS1	hypomethylated	1	0	1	cg01671212
ZNF184	hypomethylated	1	0	1	cg03332623
ZNF217	hypomethylated	1	0	1	cg17098965
ZNRF2	hypomethylated	1	0	1	cg08549335
AC079594.1	mixed	2	1	1	cg12785694,cg15618978
AL359922.1	mixed	2	1	1	cg12840719,cg14069088
CDKN2A	mixed	2	1	1	cg12840719,cg14069088
PTPRN2	mixed	23	2	21	cg02768721,cg03391854,cg03900492,cg05328339,cg06555227,cg10249637,cg10754395,cg12415687,cg13279926,cg17139690,cg19091386,cg19126954,cg19423622,cg21163617,cg22178238,cg22420514,cg22598247,cg24254317,cg24646841,cg24996491,cg25264630,cg25903223,cg27104173
RBFOX1	mixed	7	2	5	cg01577083,cg03072621,cg06719334,cg07196505,cg08160063,cg08545287,cg10013324
TCERG1L	mixed	4	3	1	cg03109827,cg06304097,cg06938601,cg23632875
TMEM132C	mixed	4	2	2	cg03530754,cg04475027,cg10216717,cg14555736
TMEM132D	mixed	2	1	1	cg05384697,cg12122146
