comparison_collection	library	direction	term	n_genes	query_size	background_size	overlap_n	overlap_genes	p	adj_p	missmethyl_p	missmethyl_fdr	missmethyl_n_genes	missmethyl_de_genes	methylgsa_direction_p	methylgsa_direction_padj	methylgsa_direction_nes	methylgsa_size	methylgsa_direction_core	methylgsa_all_p	methylgsa_all_padj	methylgsa_all_nes	methylgsa_all_core	ora_significant	missmethyl_significant	methylgsa_direction_significant	methylgsa_all_significant
phase3_longevity	Longevity	hypermethylated	kegg_pluripotency_stem_cell_signaling	139	6368	33010	55	ACVR1,ACVR2A,AKT2,AKT3,APC,APC2,BMP4,BMPR1A,DLX5,ESRRB,FGF2,FGFR1,FZD10,FZD5,FZD7,HAND1,HOXA1,HOXD1,ID1,ID4,IGF1,INHBA,ISL1,JAK1,JAK3,JARID2,LEFTY2,LHX5,LIFR,MAPK3,MEIS1,MYF5,NANOG,NODAL,ONECUT1,OTX1,PAX6,PIK3CA,PIK3CD,PIK3R1,RIF1,SMAD3,SMAD4,SOX2,WNT1,WNT10A,WNT11,WNT16,WNT2,WNT3,WNT3A,WNT5B,WNT7B,WNT9B,ZFHX3	2.4586354752339736e-08	3.442089665327563e-07	0.0182072929503461	0.101576904923175	141	53	0.0056886792910987	0.0796415100753826	1.22320660133062	140.0	APC/APC2/BMP4/DLX5/ESX1/FGF2/FGFR1/FZD10/HAND1/HOXA1/ID4/ISL1/JAK3/LHX5/NEUROG1/ONECUT1/OTX1/PAX6/WNT1/WNT10A/WNT16/WNT2/WNT3A/WNT7A/PIK3CD/FZD7/MEIS1/HOXD1/WNT7B/WNT9B/MYF5/NODAL/ZFHX3/ACVR2A/WNT6/PIK3R1/TCF7/JARID2/TCF3/AKT1/FZD9/ZIC3/PCGF3/ACVR1/WNT2B/SMAD3/WNT5B/ESRRB/WNT9A/IGF1/PIK3CA/WNT3/AXIN2/AKT2/FZD8/MAP2K2/SMAD9/DUSP9/AXIN1/LEFTY2/MAPK11/ACVR1C/AKT3/IGF1R/ID1/WNT5A/FZD5/GRB2/FGFR2/BMPR1A/NANOG/DVL3/WNT11/JAK1/DVL2/INHBC/FGFR3/WNT4/NRAS	0.0063579266504516	0.0445054865531615	1.33461635135059	AKT3/APC/APC2/BMP4/DLX5/ESRRB/ESX1/FGF2/FGFR1/FZD10/HAND1/HOXA1/ID4/IGF1R/ISL1/JAK3/LHX5/MEIS1/NEUROG1/ONECUT1/OTX1/PAX6/PIK3CD/SMAD9/WNT1/WNT10A/WNT11/WNT16/WNT2/WNT3A/WNT7A/ZFHX3/JARID2/FZD7/PCGF3/WNT7B/WNT5B/WNT9A/NODAL/HOXD1/PIK3R1/AKT1/POU5F1/BMPR1A/WNT9B/FGFR3/MYF5/FGFR4/IGF1/SMAD3/GRB2/ACVR2A/TCF3/WNT6/TCF7/FZD9/AXIN1/ACVR1/BMPR1B/ZIC3/WNT3/AXIN2	True	False	False	True
phase3_longevity	Longevity	hypermethylated	reactome_pluripotent_stem_cell_transcription	28	6368	33010	18	CDX2,DKK1,EOMES,EPHA1,FOXD3,GATA6,GSC,HIF3A,LIN28A,NANOG,NR5A1,PBX1,PRDM14,SALL1,SALL4,SMAD4,SOX2,ZSCAN10	2.3685882555525563e-07	1.658011778886789e-06	0.0008468230735791	0.0118555230301081	29	17	0.0172726467693573	0.0806056849236676	1.33850347688804	28.0	CDX2/DKK1/EOMES/HIF3A/PRDM14/SALL1/FOXP1/GSC/PBX1/FOXD3/NR5A1/ZIC3/NR6A1/EPHA1/HHEX/EPAS1/GATA6/NANOG/SALL4/TSC22D1	0.0390781563126252	0.182364729458918	1.44255436067084	CDX2/DKK1/EOMES/FGF13/FOXP1/HIF3A/PBX1/PRDM14/SALL1/EPHA1/GSC/FOXD3/EPAS1/NR5A1/ZIC3/DPPA4/NR6A1/SMAD2/HHEX	True	True	False	False
phase3_longevity	Longevity	hypermethylated	go_positive_regulation_stem_cell_differentiation	17	6368	33010	10	FOXC1,HOXB4,LTBP2,NKX2-5,SOX5,SOX6,SOX9,TBX5,TCF15,TGFB2	0.0003615200761655	0.0016870936887724	0.0217664796263947	0.101576904923175	17	9	0.01643717153859	0.0806056849236676	1.419302299026	17.0	HOXB4/TBX5/TCF15/TGFB2/NKX2-5/FOXC1/LTBP2/SOX5/PTN	0.0005795906954667	0.0081142697365339	1.87787243206239	HOXB4/PTN/SOX5/TBX5/TCF15/TGFB2/LTBP2/NKX2-5/FOXC1	True	False	False	True
phase3_longevity	Longevity	hypermethylated	kegg_ampk_signaling	116	6368	33010	35	AKT2,AKT3,CAMKK2,CCNA1,CFTR,CPT1A,CPT1B,CPT1C,CREB3L1,CREB3L2,CREB5,CRTC2,EEF2K,GYS1,IGF1,LEP,LEPR,PFKFB2,PFKFB4,PFKP,PIK3CA,PIK3CD,PIK3R1,PPP2R2A,PPP2R2B,PPP2R2C,PPP2R3A,PPP2R5C,RAB8A,RPTOR,SCD5,STK11,STRADA,TBC1D1,TSC2	0.003244347786836	0.0113552172539262	0.78702457834818	0.997027621349001	119	30	0.0719280719280719	0.251748251748252	1.14302564691298	118.0	CCNA1/CPT1C/CREB3L1/LEP/LEPR/PPP2R2B/RPTOR/TSC2/PIK3CD/CFTR/PFKP/PPP2R2C/PPP2R5C/CPT1B/CREB5/TBC1D1/CPT1A/PFKFB3/ADRA1A/ULK1/PIK3R1/RAB11B/PRKAG2/SCD5/AKT1/LIPE/CAMKK2/IRS2/PPP2R3A/PPARG/IGF1/PIK3CA/EEF2K/CREB3L2/STK11/EEF2/GYS1/AKT2/PPP2R1A/PFKFB2/CRTC2/SLC2A4/AKT3/IGF1R/FOXO3/RAB8A/PDPK1/PRKAG3/FOXO1/SREBF1/PPARGC1A/ACACB/SCD/IRS4/MTOR/PPP2R5D/PPP2R1B/CAB39L/AKT1S1/PPP2R2D/PFKL/ELAVL1	0.121878121878122	0.426573426573427	1.17759126765083	ADRA1A/AKT3/CCNA1/CCND1/CPT1C/CREB3L1/CREB5/IGF1R/LEP/LEPR/PFKP/PIK3CD/PPP2R2B/PPP2R2C/PRKAG2/RPTOR/SCD5/TSC2/TBC1D1/CPT1A/PFKFB3/CFTR/PPP2R5C/PIK3R1/CPT1B/AKT1/HNF4A/CREB3L2/ULK1/INSR/IGF1/PPARG/RAB11B/ACACA/PPP2R3A/ADIPOQ/FBP1/CAMKK2/SREBF1/IRS2/SCD/LIPE/PFKFB2/PPARGC1A/PFKFB1/PCK1/IRS4/PIK3CA/PPP2CB/EEF2K/STK11/EEF2/IRS1/FOXO1/GYS1/RAB2A/AKT2/PPP2R1A/PPP2R2A/ACACB/CRTC2/SLC2A4/FOXO3/PPP2R2D/FASN/CAB39L/ADIPOR1/PDPK1/PPP2R5A/EIF4EBP1/PIK3CB/PRKAG3	True	False	False	False
phase3_longevity	Longevity	hypermethylated	kegg_mtor_signaling	150	6368	33010	39	AKT2,AKT3,ATP6V1B1,ATP6V1B2,ATP6V1E2,ATP6V1G2,BRAF,CLIP1,EIF4E1B,FNIP2,FZD10,FZD5,FZD7,IGF1,LRP5,MAPK3,PIK3CA,PIK3CD,PIK3R1,PRKCB,PRKCG,PRR5,RPTOR,SESN2,SGK1,SLC3A2,STK11,STRADA,TSC2,WNT1,WNT10A,WNT11,WNT16,WNT2,WNT3,WNT3A,WNT5B,WNT7B,WNT9B	0.0267395260155431	0.0748706728435207	0.949121339821081	0.997027621349001	154	33	0.215784215784216	0.503496503496504	1.06917414193206	143.0	FZD10/LRP5/PRKCB/PRKCG/RPTOR/SGK1/TSC2/WNT1/WNT10A/WNT16/WNT2/WNT3A/WNT7A/PIK3CD/FZD7/PRR5/WNT7B/RPS6KA2/GRB10/WNT9B/ULK1/FNIP2/WNT6/PIK3R1/TELO2/ATP6V1B2/SESN2/AKT1/ATP6V1B1/FZD9/LRP6/WNT2B/WNT5B/WNT9A/SLC3A2/IGF1/PIK3CA/WDR24/WNT3/STK11/AKT2/FZD8/FLCN/MAP2K2/ULK2/MLST8/TNFRSF1A/AKT3/IGF1R/WNT5A/FZD5/PDPK1/RRAGD/GRB2/SLC7A5/DVL3/WNT11/DVL2/WNT4/ATP6V1C2/NRAS/CLIP1/DEPDC5/MTOR/ATP6V1G2/CAB39L/SLC38A9/FZD4/DVL1/AKT1S1/RPS6KA3/PRKCA/INSR/PTEN/BRAF/DDIT4/MAPK1/ATP6V1C1/PIK3R2/CAB39/MAPK3/SEC13/RPS6KA1/LPIN1/FZD2/WDR59/MAP2K1/HRAS/LPIN3/PRKAA1/EIF4EBP1/IRS1/INS	0.551448551448551	1.0	0.977410834357302	AKT3/FZD10/GRB10/IGF1R/LRP5/PIK3CD/PRKCA/PRKCB/PRKCG/RPS6KA2/RPTOR/SGK1/TNF/TSC2/WNT1/WNT10A/WNT11/WNT16/WNT2/WNT3A/WNT7A/FZD7/PRR5/WNT7B/WNT5B/ATP6V1C2/WNT9A/PIK3R1/AKT1/ATP6V1B1/ULK1/INSR/WNT9B/IGF1/GRB2/TELO2/FNIP2/RRAGD/SLC3A2/SEC13/WNT6/FZD9/ATP6V1B2/IKBKB/SESN2/WNT3/WNT2B/LRP6/WNT5A/WNT4/SLC7A5/PIK3CA/FZD5/WDR24/STK11/IRS1/LPIN1/AKT2/ATP6V1C1/FZD8/FLCN/TBC1D7/MAP2K2/WNT10B/CLIP1/ATP6V1G3/ULK2/CAB39L/WNT8A/PDPK1/MLST8/EIF4EBP1/TNFRSF1A/RRAGB/EIF4E1B/PIK3CB/DVL1/RPS6KA1/ATP6V1G2/ATP6V1E2/DVL3/DEPDC5/ATP6V1G1/INS/CAB39/WNT8B/DVL2/RPS6KA3/STRADA/NRAS/MAPK1/MTOR/STRADB/SLC38A9/BRAF/HRAS/MAP2K1/MAPKAP1/FZD4/KRAS/PTEN/FZD6	False	False	False	False
phase3_longevity	Longevity	hypermethylated	kegg_foxo_signaling	126	6368	33010	29	AKT2,AKT3,BNIP3,BRAF,CCND2,CDKN1A,CREBBP,CSNK1E,EGFR,FOXG1,GRM1,HOMER1,IGF1,MAPK10,MAPK3,PIK3CA,PIK3CD,PIK3R1,S1PR1,SGK1,SMAD3,SMAD4,SOD2,STK11,TGFB2,TGFBR1,TGFBR2,TPTEP2-CSNK1E,USP7	0.1706948974759695	0.3982880941105955	0.921018034628853	0.997027621349001	128	26	0.693306693306693	0.808857808857809	0.951136033868557	127.0	CCND2/CREBBP/EGFR/FOXG1/GRM1/S1PR1/SGK1/TGFB2/PIK3CD/BCL6/CSNK1E/BNIP3/PIK3R1/PRKAG2/AKT1/USP7/AGAP2/CDKN1A/TGFBR2/SMAD3/MAPK10/IRS2/TGFBR1/IGF1/PIK3CA/STK11/AKT2/MAP2K2/SLC2A4/MAPK11/AKT3/IGF1R/FOXO3/HOMER3/FOXO4/PDPK1/GRB2/TGFB1/CDK2/PRKAG3/FOXO1/IRS4/NRAS/HOMER1/GADD45A/STAT3/INSR/ATM/PTEN/PRMT1/PLK3/NLK/BRAF/PCK2/MAPK1/PIK3R2/MAPK3/EGF/MAPK14/GABARAP/SMAD4/MAP2K1/HRAS/RAG2/SGK3/FBXO32/CDKN1B/PRKAA1/MAPK12/IRS1/INS	0.984015984015984	1.0	0.690556182020965	AKT3/CCND1/CCND2/CREBBP/EGFR/FOXG1/GRM1/IGF1R/PIK3CD/PRKAG2/S1PR1/SGK1/TGFB2/MAPK10/PIK3R1/AKT1/USP7/INSR/AGAP2/BCL6/IGF1/SMAD3/RAG1/GRB2/CSNK1E/BNIP3/TGFBR1/TGFBR2/IKBKB/IRS2/EGF/HOMER1/NLK/SGK2/CDKN1A/PCK1/FOXO4/IRS4/PIK3CA/MAPK13/STK11/IRS1/FOXO1/AKT2/HOMER3/MAP2K2/SLC2A4/FOXO3/CCNB3/PDPK1/TGFB1/ARAF/IL10/IL6/MAPK11/PIK3CB/PRKAG3	False	False	False	False
phase3_longevity	Longevity	hypermethylated	reactome_telomere_extension_by_telomerase	22	6368	33010	6	CCNA1,PIF1,RUVBL1,RUVBL2,TERF2,TERT	0.2392577415941039	0.4688472569076852	0.828433454152364	0.997027621349001	23	4	0.912087912087912	0.982248520710059	0.74643048270822	22.0	CCNA1/TERT/PIF1/RUVBL2/RTEL1/ANKRD28/CDK2	0.947906026557712	1.0	0.600687913723917	CCNA1/TERT/DKC1/PIF1/RUVBL2/RTEL1/ANKRD28/NHP2/SHQ1/CDK2	False	False	False	False
phase3_longevity	Longevity	hypermethylated	reactome_telomere_maintenance	85	6368	33010	19	CCNA1,CTC1,DAXX,DSCC1,H2AC14,H2BC14,H2BC15,H2BC3,PIF1,POLA2,POLD2,POLR2F,POLR2L,RUVBL1,RUVBL2,SLC19A1,TERF2,TERT,WRN	0.2752191132991313	0.4688472569076852	0.887119542997052	0.997027621349001	89	14	1.0	1.0	0.6844954171716	61.0	CCNA1/TERT/DAXX/PIF1/POLD2/POLR2A/RUVBL2/LRIG1/RTEL1/ANKRD28/CDK2/DSCC1/WRN/SLC19A1/CHTF8/POLR1A/POLR2C/PPP6C/POLR2L/POLD1/TERF2/POLR2E/POLA2/DKC1/CHTF18/POLR2G/POLR2J/POLR2D/POLR2B/POLD3/POLR2F/SHQ1/POT1/RUVBL1/WRAP53/PRIM1/RPA3/RFC3/POLR2H	1.0	1.0	0.425702006665279	CCNA1/TERT/LRIG1/DAXX/ATRX/DKC1/PIF1/DSCC1/PRIM1/POLD2/SLC19A1/POLR2A/DNA2/RUVBL2/RTEL1/ANKRD28/RFC4/POLA1/NHP2/POLR2B/RFC2/WRN	False	False	False	False
phase3_longevity	Longevity	hypermethylated	reactome_foxo_mediated_transcription	62	6368	33010	14	AKT2,AKT3,CDKN1A,CREBBP,FOXG1,NFYC,NPY,NR3C1,PLXNA4,POMC,SMAD3,SMAD4,STK11,YWHAG	0.3014018080120833	0.4688472569076852	0.853909763651511	0.997027621349001	64	13	0.612387612387612	0.808857808857809	0.962722401919943	63.0	CAV1/CREBBP/FOXG1/NPY/POMC/PLXNA4/NR3C1/BCL6/AKT1/NFYC/CDKN1A/SMAD3/STK11/BBC3/AKT2/MAP4K2/PCBP4/AKT3/YWHAG/FOXO3/BTG1/FOXO4/FOXO1/SREBF1/PPARGC1A/SIN3A/KAT2B/NFYB/GADD45A/TXNIP/RETN/TRIM63/HDAC2/YWHAQ/SMAD4/NFYA/FBXO32/CDKN1B	0.876123876123876	1.0	0.792584328962485	AKT3/CAV1/CREBBP/FOXG1/NPY/PLXNA4/POMC/NR3C1/AKT1/BCL6/SMAD3/NFYC/SREBF1/YWHAG/PPARGC1A/CDKN1A/PCK1/FOXO4/PCBP4/SMAD2/STK11/BBC3/FOXO1/AKT2/PINK1/MAP4K2/FOXO3/HDAC1/BTG1/YWHAZ/IGFBP1/NFYB/INS/FBXO32/RETN/GLYAT	False	False	False	False
phase3_longevity	Longevity	hypermethylated	go_negative_regulation_stem_cell_differentiation	12	6368	33010	3	HES5,NOTCH1,TCF15	0.4164450253495951	0.5830230354894332	0.703522251628412	0.997027621349001	12	3	0.172273190621814	0.48236493374108	1.21206980686415	11.0	TCF15/HES5/NOTCH1/ZFP36L2	0.347161572052402	0.972052401746725	1.09891095141909	TCF15/NOTCH1/HES5/ZFP36L2	False	False	False	False
phase3_longevity	Longevity	hypermethylated	reactome_mtor_signaling	40	6368	33010	8	AKT2,EEF2K,EIF4G1,FKBP1A,RPTOR,STK11,STRADA,TSC2	0.5179699654738167	0.6592345015121303	0.944649502845166	0.997027621349001	41	6	0.642357642357642	0.808857808857809	0.946541426192432	36.0	RPTOR/TSC2/EIF4G1/PRKAG2/AKT1/FKBP1A/EEF2K/STK11/AKT2/MLST8/RRAGD/PRKAG3/MTOR/CAB39L/SLC38A9/AKT1S1	0.99000999000999	1.0	0.533804132430231	PRKAG2/RPTOR/TSC2/AKT1/EIF4G1/RRAGD/FKBP1A/EEF2K/STK11/AKT2/CAB39L/MLST8/EIF4EBP1/RRAGB/PRKAG3/CAB39/STRADA/MTOR/STRADB/SLC38A9	False	False	False	False
phase3_longevity	Longevity	hypermethylated	reactome_transcriptional_activation_mitochondrial_biogenesis	49	6368	33010	8	CHD9,CREBBP,CRTC1,CRTC2,MEF2C,MEF2D,NR1D1,RXRA	0.7542519654628065	0.8481319963191952	0.968873789368934	0.997027621349001	52	8	0.275724275724276	0.551448551448551	1.08158845350672	46.0	CREBBP/GDNF/MEF2C/CRTC1/MEF2D/CHD9/SMARCD3/CAMK4/NCOR1/RXRA/ESRRA/TBL1XR1/LIN9/PPARGC1B/CRTC2/NCOA2/CARM1/PPARGC1A/ALAS1/TBL1X/NCOA1/NR1D1	0.678321678321678	1.0	0.905281058693776	CREBBP/GDNF/MEF2C/CAMK4/MEF2D/CRTC1/RXRA/CHD9/NCOA1/SMARCD3/NCOR1/NCOA2/ESRRA/PPARGC1A/TBL1XR1/NRF1/LIN9/PPARGC1B/CRTC2/ACSS2/ALAS1/CRTC3/CARM1	False	False	False	False
phase3_longevity	Longevity	hypermethylated	reactome_lkb1_ampk_mtor_energy_regulation	28	6368	33010	4	RPTOR,STK11,STRADA,TSC2	0.8168129154989524	0.8481319963191952	0.995255127017737	0.997027621349001	29	2	0.663336663336663	0.808857808857809	0.914262011536827	24.0	RPTOR/TSC2/PRKAG2/STK11/MLST8/RRAGD/PRKAG3/MTOR/CAB39L/SLC38A9/CAB39/PRKAA1/PRKAA2/TSC1/RRAGC/RHEB/STRADB	0.975733063700708	1.0	0.545362298902638	PRKAG2/RPTOR/TSC2	False	False	False	False
phase3_longevity	Longevity	hypermethylated	reactome_mitochondrial_biogenesis	84	6368	33010	13	ATP5MC2,ATP5PB,CHCHD6,CHD9,CREBBP,CRTC1,CRTC2,MEF2C,MEF2D,MICOS10,NR1D1,RXRA,TMEM11	0.8481319963191951	0.8481319963191952	0.997027621349001	0.997027621349001	89	11	0.596403596403596	0.808857808857809	0.968780320526738	66.0	CREBBP/GDNF/MEF2C/CRTC1/MEF2D/CHD9/SMARCD3/CAMK4/NCOR1/PRKAG2/RXRA/ESRRA/TBL1XR1/CHCHD6/DNAJC11/LIN9/PPARGC1B/CRTC2/NCOA2/CARM1/MAPK11/PRKAG3/PPARGC1A/ALAS1/TMEM11/TBL1X/NCOA1/NR1D1	0.95004995004995	1.0	0.702297841616434	CREBBP/GDNF/MEF2C/PRKAG2/CAMK4/MEF2D/CRTC1/CHCHD6/RXRA/CHD9/NCOA1/SMARCD3/NCOR1/NCOA2/ESRRA/PPARGC1A/TBL1XR1/NRF1/DNAJC11/IMMT/LIN9/PPARGC1B/CRTC2/ACSS2/CHCHD3/ALAS1/CRTC3/CARM1/MAPK11/PRKAG3/HCFC1/SAMM50/TBL1X/APOOL	False	False	False	False
phase3_longevity	Longevity	hypomethylated	kegg_ampk_signaling	116	6052	33010	32	ACACA,ADIPOR1,ADRA1A,AKT3,CCNA1,CCND1,CD36,CFTR,CREB5,EIF4EBP1,FOXO3,IGF1,IGF1R,INSR,LEPR,PDPK1,PFKFB2,PFKP,PIK3CB,PIK3CD,PIK3R1,PPARGC1A,PPP2CB,PPP2R2B,PPP2R3A,PPP2R5A,PRKAG2,RAB11B,RAB2A,RPTOR,SREBF1,STRADB	0.0092086599182802	0.1289212388559241	0.385420953356783	0.996015921270153	119	30	0.205794205794206	0.999000999000999	1.08815220483178	118.0	CCND1/CREB5/IGF1R/PPP2R2B/PRKAG2/RPTOR/ADRA1A/PFKP/AKT3/PPP2R2C/HNF4A/SCD5/CCNA1/PIK3CD/INSR/CREB3L2/ACACA/ADIPOQ/FBP1/LEPR/SCD/TBC1D1/TSC2/RAB11B/PFKFB1/PPARG/PCK1/PFKFB3/SREBF1/PPP2CB/PPP2R3A/IGF1/RAB2A/AKT1/PPARGC1A/PPP2R2A/FASN/IRS1/ADIPOR1/PPP2R5A/PIK3R1/PIK3CB/PFKFB2/PFKM/CPT1A/EIF4EBP1/CREB3L3/FOXO1/FOXO3/GYS2/STRADA/IRS4	0.121878121878122	0.426573426573427	1.17759126765083	ADRA1A/AKT3/CCNA1/CCND1/CPT1C/CREB3L1/CREB5/IGF1R/LEP/LEPR/PFKP/PIK3CD/PPP2R2B/PPP2R2C/PRKAG2/RPTOR/SCD5/TSC2/TBC1D1/CPT1A/PFKFB3/CFTR/PPP2R5C/PIK3R1/CPT1B/AKT1/HNF4A/CREB3L2/ULK1/INSR/IGF1/PPARG/RAB11B/ACACA/PPP2R3A/ADIPOQ/FBP1/CAMKK2/SREBF1/IRS2/SCD/LIPE/PFKFB2/PPARGC1A/PFKFB1/PCK1/IRS4/PIK3CA/PPP2CB/EEF2K/STK11/EEF2/IRS1/FOXO1/GYS1/RAB2A/AKT2/PPP2R1A/PPP2R2A/ACACB/CRTC2/SLC2A4/FOXO3/PPP2R2D/FASN/CAB39L/ADIPOR1/PDPK1/PPP2R5A/EIF4EBP1/PIK3CB/PRKAG3	False	False	False	False
phase3_longevity	Longevity	hypomethylated	go_positive_regulation_stem_cell_differentiation	17	6052	33010	7	PTN,SIRT6,SOX5,SOX6,TBX5,TCF15,TGFB2	0.0242103913076041	0.1694727391532289	0.167682459860216	0.996015921270153	17	6	0.298792756539235	0.999000999000999	1.11891004855278	17.0	PTN/SOX5/TBX5/TGFB2/SOX6/LTBP2	0.0005795906954667	0.0081142697365339	1.87787243206239	HOXB4/PTN/SOX5/TBX5/TCF15/TGFB2/LTBP2/NKX2-5/FOXC1	False	False	False	True
phase3_longevity	Longevity	hypomethylated	kegg_foxo_signaling	126	6052	33010	26	AKT3,C8orf44-SGK3,CCND1,CCND2,CCNG2,EGF,EGFR,FOXO3,GRB2,GRM1,HOMER1,IGF1,IGF1R,IL6,INSR,MAPK10,MAPK13,NLK,PDPK1,PIK3CB,PIK3CD,PIK3R1,PRKAG2,SOS2,TGFB2,TNFSF10	0.284327701501284	0.9285596317557796	0.826959565728445	0.996015921270153	128	24	0.999000999000999	0.999000999000999	0.710948641709593	127.0	CCND1/EGFR/IGF1R/PRKAG2/MAPK10/AKT3/PIK3CD/INSR/TGFB2/RAG1/GRB2/CCND2/GRM1/IKBKB/HOMER1/NLK/EGF/PCK1/SGK2/MAPK13/IGF1/AKT1/AGAP2/IRS1/USP7/CCNB3/SMAD3/ARAF/IL10/IL6/PIK3R1/PIK3CB/TGFBR2/FOXO1/FOXO3/IRS4/SGK1/PDPK1/TGFBR1/KRAS/MAPK9/FOXO4/INS/PLK1/CCNG2/SGK3/GADD45B/FBXO32/PRKAB1/HOMER3/ATM/PRKAA2/IRS2/CDKN1B/MAPK8/FASLG/TGFB1/TNFSF10/PRKAB2/PLK2/SETD7/MAPK11/S1PR4/ATG12/CDKN1A	0.984015984015984	1.0	0.690556182020965	AKT3/CCND1/CCND2/CREBBP/EGFR/FOXG1/GRM1/IGF1R/PIK3CD/PRKAG2/S1PR1/SGK1/TGFB2/MAPK10/PIK3R1/AKT1/USP7/INSR/AGAP2/BCL6/IGF1/SMAD3/RAG1/GRB2/CSNK1E/BNIP3/TGFBR1/TGFBR2/IKBKB/IRS2/EGF/HOMER1/NLK/SGK2/CDKN1A/PCK1/FOXO4/IRS4/PIK3CA/MAPK13/STK11/IRS1/FOXO1/AKT2/HOMER3/MAP2K2/SLC2A4/FOXO3/CCNB3/PDPK1/TGFB1/ARAF/IL10/IL6/MAPK11/PIK3CB/PRKAG3	False	False	False	False
phase3_longevity	Longevity	hypomethylated	kegg_pluripotency_stem_cell_signaling	139	6052	33010	28	AKT3,APC2,BMPR1B,COMMD3-BMI1,ESRRB,FGFR2,GRB2,IGF1,IGF1R,INHBB,JARID2,KAT6A,LEFTY1,LIFR,MAPK13,MEIS1,NODAL,PCGF3,PIK3CB,PIK3CD,PIK3R1,POU5F1,REST,SMAD2,SMAD9,WNT5B,WNT7A,ZFHX3	0.3223609882333715	0.9285596317557796	0.982448727568963	0.996015921270153	141	24	0.502497502497502	0.999000999000999	0.997487965490938	140.0	IGF1R/WNT7A/ZFHX3/ESRRB/WNT11/SMAD9/AKT3/JARID2/WNT5B/POU5F1/PIK3CD/FGFR3/WNT16/FGFR4/PCGF3/WNT9A/GRB2/BMPR1A/MEIS1/BMPR1B/APC/LIFR/SMAD2/MAPK13/IGF1/JAK3/AKT1/INHBA/AXIN1/INHBB/WNT10B/NODAL/WNT8A/PAX6/SMAD3/PIK3R1/JAK1/PIK3CB/LIF/ACVR2B/FGFR2/WNT4/AXIN2/FGF2/LEFTY1/BMP4/TBX3/WNT7B/WNT3/WNT3A/WNT5A/BMI1/ACVR1/HOXA1/WNT2B/WNT8B/KRAS/FZD9/INHBC/DVL1/POU5F1B/FZD5/FZD6/ACVR1B/REST/DLX5/ZIC3	0.0063579266504516	0.0445054865531615	1.33461635135059	AKT3/APC/APC2/BMP4/DLX5/ESRRB/ESX1/FGF2/FGFR1/FZD10/HAND1/HOXA1/ID4/IGF1R/ISL1/JAK3/LHX5/MEIS1/NEUROG1/ONECUT1/OTX1/PAX6/PIK3CD/SMAD9/WNT1/WNT10A/WNT11/WNT16/WNT2/WNT3A/WNT7A/ZFHX3/JARID2/FZD7/PCGF3/WNT7B/WNT5B/WNT9A/NODAL/HOXD1/PIK3R1/AKT1/POU5F1/BMPR1A/WNT9B/FGFR3/MYF5/FGFR4/IGF1/SMAD3/GRB2/ACVR2A/TCF3/WNT6/TCF7/FZD9/AXIN1/ACVR1/BMPR1B/ZIC3/WNT3/AXIN2	False	False	False	True
phase3_longevity	Longevity	hypomethylated	reactome_pluripotent_stem_cell_transcription	28	6052	33010	6	DPPA4,EPHA1,FOXP1,PBX1,SALL1,SMAD2	0.4093500484885115	0.9285596317557796	0.549227883036853	0.996015921270153	29	7	0.134865134865135	0.999000999000999	1.21178457717149	28.0	FGF13/FOXP1/PBX1/SALL1/EPHA1/DPPA4/SMAD2/NR5A1/SALL4/PRDM14/EPAS1/HIF3A/ZSCAN10/NR6A1/EOMES/GATA6/ZIC3	0.0390781563126252	0.182364729458918	1.44255436067084	CDX2/DKK1/EOMES/FGF13/FOXP1/HIF3A/PBX1/PRDM14/SALL1/EPHA1/GSC/FOXD3/EPAS1/NR5A1/ZIC3/DPPA4/NR6A1/SMAD2/HHEX	False	False	False	False
phase3_longevity	Longevity	hypomethylated	reactome_foxo_mediated_transcription	62	6052	33010	12	AKT3,CCNG2,FOXO3,HDAC1,NFYC,NPY,PLXNA4,PPARGC1A,SMAD2,SREBF1,YWHAG,YWHAZ	0.4687214560452812	0.9285596317557796	0.755802331142923	0.996015921270153	64	12	0.848151848151848	0.999000999000999	0.861527256184132	63.0	PLXNA4/AKT3/YWHAG/PCK1/NR3C1/SREBF1/NPY/NFYC/SMAD2/PINK1/AKT1/PPARGC1A/CAV1/HDAC1/SMAD3/YWHAZ/IGFBP1/GLYAT/FOXO1/FOXO3/PCBP4/FOXO4/SIRT3/INS/RETN/POMC/CCNG2/FBXO32	0.876123876123876	1.0	0.792584328962485	AKT3/CAV1/CREBBP/FOXG1/NPY/PLXNA4/POMC/NR3C1/AKT1/BCL6/SMAD3/NFYC/SREBF1/YWHAG/PPARGC1A/CDKN1A/PCK1/FOXO4/PCBP4/SMAD2/STK11/BBC3/FOXO1/AKT2/PINK1/MAP4K2/FOXO3/HDAC1/BTG1/YWHAZ/IGFBP1/NFYB/INS/FBXO32/RETN/GLYAT	False	False	False	False
phase3_longevity	Longevity	hypomethylated	kegg_mtor_signaling	150	6052	33010	28	AKT3,ATP6V1C2,ATP6V1G1,DEPTOR,EIF4E,EIF4EBP1,FNIP2,GRB10,GRB2,IGF1,IGF1R,INSR,LPIN1,LRP5,PDPK1,PIK3CB,PIK3CD,PIK3R1,PRKCA,PRKCB,RPS6KA2,RPTOR,RRAGD,SOS2,STRADB,TBC1D7,WNT5B,WNT7A	0.4911945617034758	0.9285596317557796	0.987738001233943	0.996015921270153	154	24	0.81018981018981	0.999000999000999	0.915898022451783	143.0	GRB10/IGF1R/PRKCA/PRKCB/RPS6KA2/RPTOR/TNF/WNT7A/WNT11/ATP6V1C2/AKT3/WNT5B/PIK3CD/INSR/WNT16/WNT9A/GRB2/SEC13/LRP5/IKBKB/RRAGD/TSC2/ATP6V1B1/SLC7A5/IGF1/ATP6V1C1/AKT1/TBC1D7/ATP6V1G3/WNT10B/PRKCG/IRS1/WNT8A/RRAGB/EIF4E1B/PIK3R1/SLC3A2/PIK3CB/WNT4/ATP6V1E2/LPIN1/ATP6V1G1/EIF4EBP1/WNT7B/WNT3/WNT3A/STRADA/WNT5A/SGK1/PDPK1/STRADB/WNT2B/WNT8B/RPS6KA1/KRAS/FZD9/DVL1/FZD5/FZD6/INS/CAB39/CLIP1/FNIP2/CAB39L/LRP6/MAPKAP1/EIF4E/RPS6KB2/TELO2/PRR5	0.551448551448551	1.0	0.977410834357302	AKT3/FZD10/GRB10/IGF1R/LRP5/PIK3CD/PRKCA/PRKCB/PRKCG/RPS6KA2/RPTOR/SGK1/TNF/TSC2/WNT1/WNT10A/WNT11/WNT16/WNT2/WNT3A/WNT7A/FZD7/PRR5/WNT7B/WNT5B/ATP6V1C2/WNT9A/PIK3R1/AKT1/ATP6V1B1/ULK1/INSR/WNT9B/IGF1/GRB2/TELO2/FNIP2/RRAGD/SLC3A2/SEC13/WNT6/FZD9/ATP6V1B2/IKBKB/SESN2/WNT3/WNT2B/LRP6/WNT5A/WNT4/SLC7A5/PIK3CA/FZD5/WDR24/STK11/IRS1/LPIN1/AKT2/ATP6V1C1/FZD8/FLCN/TBC1D7/MAP2K2/WNT10B/CLIP1/ATP6V1G3/ULK2/CAB39L/WNT8A/PDPK1/MLST8/EIF4EBP1/TNFRSF1A/RRAGB/EIF4E1B/PIK3CB/DVL1/RPS6KA1/ATP6V1G2/ATP6V1E2/DVL3/DEPDC5/ATP6V1G1/INS/CAB39/WNT8B/DVL2/RPS6KA3/STRADA/NRAS/MAPK1/MTOR/STRADB/SLC38A9/BRAF/HRAS/MAP2K1/MAPKAP1/FZD4/KRAS/PTEN/FZD6	False	False	False	False
phase3_longevity	Longevity	hypomethylated	go_negative_regulation_stem_cell_differentiation	12	6052	33010	2	REST,TCF15	0.6749627050866804	0.9285596317557796	0.788332515025963	0.996015921270153	12	2	0.85005170630817	0.999000999000999	0.745102030784882	11.0	TCF15/REST/NOTCH1/HNRNPU/GSK3B/HES1	0.347161572052402	0.972052401746725	1.09891095141909	TCF15/NOTCH1/HES5/ZFP36L2	False	False	False	False
phase3_longevity	Longevity	hypomethylated	reactome_transcriptional_activation_mitochondrial_biogenesis	49	6052	33010	8	CAMK4,CHD9,MEF2C,MEF2D,NRF1,PPARGC1A,TBL1XR1,TFB2M	0.6982156589062679	0.9285596317557796	0.942919568180681	0.996015921270153	52	7	0.993006993006993	0.999000999000999	0.647117618044013	46.0	NCOA1/CAMK4/RXRA/MEF2C/NRF1/MEF2D/PPARGC1A/CRTC1/ACSS2/CRTC3/NCOA2/TBL1XR1/HCFC1/SSBP1/PPARA/SIRT3/POLRMT/GLUD2/ALAS1/TBL1X/GDNF	0.678321678321678	1.0	0.905281058693776	CREBBP/GDNF/MEF2C/CAMK4/MEF2D/CRTC1/RXRA/CHD9/NCOA1/SMARCD3/NCOR1/NCOA2/ESRRA/PPARGC1A/TBL1XR1/NRF1/LIN9/PPARGC1B/CRTC2/ACSS2/ALAS1/CRTC3/CARM1	False	False	False	False
phase3_longevity	Longevity	hypomethylated	reactome_mtor_signaling	40	6052	33010	6	EIF4E,EIF4EBP1,PRKAG2,RPTOR,RRAGD,STRADB	0.7671924027417643	0.9285596317557796	0.947048967181427	0.996015921270153	41	5	0.986013986013986	0.999000999000999	0.664002746045907	36.0	PRKAG2/RPTOR/RRAGD/TSC2/AKT1/RRAGB/EIF4G1/EIF4EBP1/STRADA/STRADB/CAB39/CAB39L/EIF4E/PRKAB1/PPM1A/PRKAA2/PRKAB2/RHEB/FKBP1A/PRKAG3/EEF2K	0.99000999000999	1.0	0.533804132430231	PRKAG2/RPTOR/TSC2/AKT1/EIF4G1/RRAGD/FKBP1A/EEF2K/STK11/AKT2/CAB39L/MLST8/EIF4EBP1/RRAGB/PRKAG3/CAB39/STRADA/MTOR/STRADB/SLC38A9	False	False	False	False
phase3_longevity	Longevity	hypomethylated	reactome_lkb1_ampk_mtor_energy_regulation	28	6052	33010	4	PRKAG2,RPTOR,RRAGD,STRADB	0.7816970020509926	0.9285596317557796	0.954461418524482	0.996015921270153	29	3	0.958041958041958	0.999000999000999	0.682813860304953	24.0	PRKAG2/RPTOR/RRAGD/TSC2/RRAGB/STRADA/STRADB/CAB39/CAB39L/PRKAB1/PPM1A/PRKAA2/PRKAB2	0.975733063700708	1.0	0.545362298902638	PRKAG2/RPTOR/TSC2	False	False	False	False
phase3_longevity	Longevity	hypomethylated	reactome_telomere_extension_by_telomerase	22	6052	33010	3	CCNA1,SHQ1,TERF2IP	0.7959312919158249	0.9285596317557796	0.955865233353312	0.996015921270153	23	2	0.848	0.999000999000999	0.794264067777624	22.0	TERT/CCNA1/DKC1/NHP2/SHQ1	0.947906026557712	1.0	0.600687913723917	CCNA1/TERT/DKC1/PIF1/RUVBL2/RTEL1/ANKRD28/NHP2/SHQ1/CDK2	False	False	False	False
phase3_longevity	Longevity	hypomethylated	reactome_mitochondrial_biogenesis	84	6052	33010	12	ATP5MG,CAMK4,CHCHD6,CHD9,MEF2C,MEF2D,MICOS10,NRF1,PPARGC1A,PRKAG2,TBL1XR1,TFB2M	0.8664580877955393	0.9285596317557796	0.996015921270153	0.996015921270153	89	9	0.987012987012987	0.999000999000999	0.708775768441927	66.0	PRKAG2/NCOA1/CAMK4/CHCHD6/RXRA/MEF2C/NRF1/IMMT/MEF2D/PPARGC1A/CRTC1/ACSS2/CRTC3/NCOA2/TBL1XR1/APOOL/APOO/CHCHD3/HCFC1/SAMM50/SSBP1/PPARA/SIRT3/POLRMT/GLUD2/ALAS1/TBL1X/PRKAB1/GDNF/PRKAA2/NCOA6/DNAJC11/PRKAB2/MAPK11/TFB1M	0.95004995004995	1.0	0.702297841616434	CREBBP/GDNF/MEF2C/PRKAG2/CAMK4/MEF2D/CRTC1/CHCHD6/RXRA/CHD9/NCOA1/SMARCD3/NCOR1/NCOA2/ESRRA/PPARGC1A/TBL1XR1/NRF1/DNAJC11/IMMT/LIN9/PPARGC1B/CRTC2/ACSS2/CHCHD3/ALAS1/CRTC3/CARM1/MAPK11/PRKAG3/HCFC1/SAMM50/TBL1X/APOOL	False	False	False	False
phase3_longevity	Longevity	hypomethylated	reactome_telomere_maintenance	85	6052	33010	11	CCNA1,CHTF18,H2BC17,H2BC5,LRIG1,POLR2B,PRIM1,RFC4,SHQ1,SLC19A1,TERF2IP	0.9285596317557796	0.9285596317557796	0.987671554474059	0.996015921270153	89	9	0.994005994005994	0.999000999000999	0.683617266321269	61.0	TERT/LRIG1/CCNA1/ATRX/DKC1/PRIM1/DNA2/RFC4/POLA1/NHP2/POLR2B/RFC2/SHQ1/DSCC1/SLC19A1/PRIM2/PCNA/CHTF18	1.0	1.0	0.425702006665279	CCNA1/TERT/LRIG1/DAXX/ATRX/DKC1/PIF1/DSCC1/PRIM1/POLD2/SLC19A1/POLR2A/DNA2/RUVBL2/RTEL1/ANKRD28/RFC4/POLA1/NHP2/POLR2B/RFC2/WRN	False	False	False	False
supervisor_arrays	SupervisorArrays	hypermethylated	15. ECM / Skin Aging	86	6368	33010	38	ADAMTS2,ADAMTS3,COL11A1,COL11A2,COL12A1,COL14A1,COL1A1,COL1A2,COL23A1,COL25A1,COL26A1,COL3A1,COL4A1,COL4A2,COL5A2,COL6A2,COL8A2,COL9A3,COLGALT2,ELN,EMILIN1,EMILIN2,FLRT2,HAS1,ITGA5,ITGB1,LAMA1,LAMA2,LAMA4,LAMB1,LGALS3,LRFN1,LRFN5,MMRN2,P4HA2,TIMP2,TIMP3,TRIM46	1.19331143652464e-07	4.77324574609857e-06	0.0051880480328965	0.207521921315863	91	36	2.080868623126e-06	8.11538763019142e-05	1.46509250816017	88.0	ADAMTS2/COL11A1/COL11A2/COL14A1/COL1A2/COL23A1/COL25A1/COL4A1/COL9A3/ELN/EMILIN2/FLRT2/LAMA1/LRFN5/HAS1/TIMP2/COL5A2/COL19A1/LAMA4/EMILIN1/COL1A1/LAMA2/HAS3/ADAMTS3/COL7A1/MMRN2/LAMB1/COL2A1/STAB1/COL4A2/COL12A1/COL5A3/COL18A1/COL6A2/COL4A3/LRFN1/ITGA1/ITGA5/COL15A1/COL3A1/PCOLCE/SCARB1/ITGB1/LAMB2/COL5A1/COL4A6/TRIM46/LGALS3/PLOD2/COL8A1/PLOD1/P4HA2/LGALS1/COL6A1/FMOD/COL9A1/LRFN3/COL13A1/COL4A5/C1QTNF3/COL4A3BP/COL6A3/LAMA3	2.4358451976331e-07	9.25621175100578e-06	1.83688070490269	ADAMTS2/COL11A1/COL11A2/COL14A1/COL15A1/COL18A1/COL19A1/COL1A2/COL23A1/COL25A1/COL4A1/COL4A2/COL5A1/COL6A1/COL6A2/COL6A3/COL8A1/COL9A1/COL9A3/ELFN1/ELN/EMILIN2/FLRT2/HAS1/LAMA1/LAMA2/LAMB1/LRFN5/TIMP2/EMILIN1/MMRN2/COL13A1/COL5A2/PCOLCE/COL1A1/LAMA4/HAS3/COL5A3/ADAMTS3/COL7A1/COL2A1/ITGA1/STAB1/COL12A1/MARCO/COL4A3/FN1/SCARB1/LGALS3/LRFN1/FCN2/ITGA5/ITGB1/PLOD2/LAMC1	True	False	True	True
supervisor_arrays	SupervisorArrays	hypermethylated	18. Oncogenes / Tumor Suppressors	70	6368	33010	30	ABL1,BCL11B,BRAF,CSF1R,DCC,EXTL3,FER,FES,FGR,FLI1,FYN,HEXB,KLF6,LYPD1,LZTS2,MAEA,MAF,MAFF,MAFG,MAP3K8,MERTK,MN1,RET,RUNX1,RUNX2,RUNX3,SRC,SSPN,TCL1A,TRIM13	5.31149665078554e-06	0.0001062299330157	0.0779604857605933	0.403114185838018	71	26	0.035964035964036	0.22880610149604	1.20402214839942	69.0	BCL11B/DCC/FES/FLI1/KLF6/MAEA/RUNX3/LZTS2/TCL1A/LYPD1/MAFG/EXTL3/MN1/MERTK/RUNX2/SSPN/ABL1/AXL/AKT1/FYN/SRC/MAP3K8/MAF/CCDC80/FGR/DIRAS1/TRIM13/FER/RUNX1/MAFB/LCK/MAFF/RET/DCUN1D1/CSF1R/CTTN	0.136863136863137	0.346719946719947	1.20121203626055	BCL11B/CADM1/DCC/FES/FLI1/FYN/KLF6/MAEA/RUNX3/LZTS1/RUNX2/EXTL3/LZTS2/TCL1A/RUNX1/LYPD1/MAFG/CCDC80/AKT1/MN1/MERTK/SSPN/ABL1/SRC/THPO/AXL/LCK/FER/TRIM13/DIRAS1/RET/MAP3K8/MAF/FGR	True	False	False	False
supervisor_arrays	SupervisorArrays	hypermethylated	13. TGF-beta Signaling	25	6368	33010	13	EIF3I,GFRA2,KLF11,LEFTY2,LTBP1,LTBP2,LTBP4,TGFB1I1,TGFB2,TGFBI,TGFBR1,TGFBR2,TGFBR3	0.0002523153216136	0.0033642042881826	0.0347758644577716	0.403114185838018	28	13	0.0739260739260739	0.269185360094451	1.25410676884084	25.0	GFRA2/TGFB2/TGFBR3/KLF11/TGFB1I1/LTBP2/LTBP4/LRRC32/TGFBI/GFRA1/TGFBR2/TGFBR1/TBRG4/MAP3K7IP1/LEFTY2/TGFB1/KLF10/TSC22D1	0.0147638594044828	0.0701283321712935	1.51900561326519	GFRA2/TGFB2/TGFBR3/LTBP2/KLF11/TGFBI/TGFB1I1/LTBP1/GFRA1/LRRC32/LTBP4	True	False	False	False
supervisor_arrays	SupervisorArrays	hypermethylated	09. IGF / Insulin Signaling	20	6368	33010	11	CCN1,IGF1,IGF2,IGF2BP1,IGF2BP2,IGF2BP3,IGF2R,IGFBP3,IGFBP4,IGFBP6,PAPPA	0.0004045102346609	0.0040451023466097	0.0138497887334061	0.276995774668122	20	11	0.0131168696081794	0.170519304906333	1.41791045562786	17.0	IGF2BP1/IGF2BP3/IGFBP3/PAPPA/IGFBP5/IGFBP6/IGFBP4/IGFBP2/IGF2BP2/IGF1/IGF2R	0.004426167492058	0.0280323941163676	1.68287095956767	IGF1R/IGF2BP1/IGF2BP3/IGFBP3/PAPPA/IGF2BP2/IGFALS/IGFBP5/IGF1/IGFBP6/IGFBP4	True	False	False	True
supervisor_arrays	SupervisorArrays	hypermethylated	14. PDGF Signaling	8	6368	33010	6	PDGFA,PDGFD,PDGFRA,PDGFRB,PDGFRL,TCF20	0.0010045382309185	0.0077313941337273	0.0613952183229247	0.403114185838018	8	5	0.239406779661017	0.491413916146298	1.17138298509772	8.0	PDGFRA/PDGFRB/PDGFD/PDGFA/PDAP1/PDGFB/PDGFRL	0.29806598407281	0.566325369738339	1.15465676832356	PDGFD/PDGFRA/PDGFRB/PDGFA	True	False	False	False
supervisor_arrays	SupervisorArrays	hypermethylated	16. Wnt Signaling	22	6368	33010	11	CCN4,WIF1,WNT1,WNT10A,WNT11,WNT16,WNT2,WNT3A,WNT5B,WNT7B,WNT9B	0.0011597091200591	0.0077313941337273	0.105078617451124	0.420314469804497	22	10	0.0123426079218053	0.170519304906333	1.42582090868388	19.0	WNT1/WNT10A/WNT16/WNT2/WNT3A/WNT7A/WIF1/WNT7B/WNT9B/WNT6/WNT2B/WNT5B/WNT9A	0.0008415766999574	0.0104575197526533	1.81808675415908	WNT1/WNT10A/WNT11/WNT16/WNT2/WNT3A/WNT7A/WNT7B/WNT5B/WNT9A/WIF1/WNT9B/WNT6/TPBG/WNT2B/WNT5A/WNT4	True	False	False	True
supervisor_arrays	SupervisorArrays	hypermethylated	14. EGF / EGFR Signaling	30	6368	33010	13	CELSR3,CLEC14A,DNER,EGFR,EPS8,EPS8L2,ERBB4,ERRFI1,LRP4,MEGF10,NRG1,NRG2,PEAR1	0.0022127794049698	0.0125991905581877	0.138411547584994	0.49921765819791	30	12	0.0759240759240759	0.269185360094451	1.23494223321704	29.0	CELSR3/EGFR/LRP4/MEGF10/NRG1/NRG2/SLIT3/CLEC14A/EPS8L2/DNER/NRG3/PEAR1/CELSR2/ERBB2/ERRFI1/EPS15/EGFL7/EPS8/DLK2/GRB7/TOB2	0.0018778063792497	0.0142713284822979	1.6909246920913	CELSR3/DNER/EGFR/LRP4/MEGF10/NRG1/NRG2/NRG3/SLIT3/CLEC14A/EPS8L2/ERBB2/EPS8/ERBB4/CELSR2/GRB7/EGF/ERBB3/PEAR1	True	False	False	True
supervisor_arrays	SupervisorArrays	hypermethylated	14. Neurotrophins	9	6368	33010	6	BDNF,EGR1,NGF,NGFR,NTF3,NTRK1	0.0025198381116375	0.0125991905581877	0.0907006918135541	0.403114185838018	11	6	0.0410677618069815	0.22880610149604	1.41929155287767	10.0	BDNF/NTF3/NTRK1/NGFR/NGF/NTRK2	0.0415300546448087	0.175349119611415	1.53424943591014	BDNF/NGF/NTF3/NTRK1/NGFR/NTRK2	True	False	False	False
supervisor_arrays	SupervisorArrays	hypermethylated	14. FGF Family	33	6368	33010	13	FGF1,FGF11,FGF12,FGF18,FGF19,FGF2,FGF22,FGF3,FGF5,FGF8,FGF9,FGFR1,TNFRSF12A	0.0059589141995815	0.0264840631092512	0.162245738914321	0.49921765819791	35	12	0.04995004995005	0.243506493506494	1.26495335412557	33.0	FGF10/FGF12/FGF2/FGF3/FGF5/FGFR1/FGF4/FGF11/FGF9/FGF19/FGF8/FGF18/FGF20/FGFRL1/FGF1/FGF17/FGF22	0.0011007915529108	0.0104575197526533	1.66867423839494	FGF10/FGF12/FGF13/FGF2/FGF3/FGF5/FGF6/FGFR1/FGF18/FGF1/FGF11/FGF4/FGF9/FGF20/FGF19/FGF8/FGFR3/FGFR4	True	False	False	True
supervisor_arrays	SupervisorArrays	hypermethylated	13. BMP / GDF Signaling	18	6368	33010	8	BMP2,BMP4,BMP6,BMP7,BMPER,BMPR1A,GDF5,GDF6	0.0131095580950541	0.0524382323802165	0.161335127299404	0.49921765819791	19	8	0.0190940415993888	0.186166905594041	1.38279691754382	19.0	BMP2/BMP4/BMP7/GDF6/BMP3/BMP6/BMPER/GDF5/BMP8B/BMP1/BMP8A/BMPR1A	0.0004374342296502	0.0083112503633554	1.863441728011	BMP2/BMP3/BMP4/BMP6/BMP7/BMPER/GDF6/GDF2/BMP1/BMPR1A/BMP10/BMP15/BMP8B/GDF5/BMPR1B	False	False	False	True
supervisor_arrays	SupervisorArrays	hypermethylated	17. TNF Superfamily	39	6368	33010	13	C1QL3,C1QL4,C1QTNF1,C1QTNF4,C1QTNF5,CD40,ERAP1,PTX3,TNFAIP3,TNFRSF19,TNFRSF1B,TNFSF11,TNFSF13B	0.0270243223325327	0.0980824475178436	0.185123460663803	0.528924173325151	44	13	0.106893106893107	0.338394793926247	1.18662701443549	40.0	CD40/TNFSF11/TNFSF13B/C1QTNF1/C1QL3/LTB/C1QTNF5/CD70/TNFRSF1B/TNFAIP3/C1QTNF4/C1QL4/ABCF1/TNFRSF19/TNFAIP8/LTBR/TNFRSF1A/PTX3/TNFAIP1/RELT/ERAP1/C1QTNF8/C1QTNF2	0.0760760760760761	0.240907574240908	1.32825282887062	C1QL3/C1QTNF1/C1QTNF5/CD40/EDAR/TNFSF11/TNFSF13B/LTB/TNFRSF1B/CD70/C1QTNF4/EDA2R/TNFAIP8/C1QTNF7/TNFRSF19/TNFAIP3/TNFSF4/TNFAIP6/C1QL4/TNFRSF9/ABCF1/C1QTNF6/C1QTNF8/TNFRSF4/RELT/C1QTNF2/LTBR/TNFRSF1A/TRAF2/PTX3/ADAM17	False	False	False	False
supervisor_arrays	SupervisorArrays	hypermethylated	16. Notch Signaling	7	6368	33010	4	NOTCH1,NOTCH3,NOTCH4,NRARP	0.0294247342553531	0.0980824475178436	0.0820362382618892	0.403114185838018	7	4	0.170281995661605	0.442733188720174	1.24026463524947	7.0	NOTCH4/NOTCH1/NOTCH3/NRARP/NOTCH2	0.185446009389671	0.414526373929854	1.24951195812963	NOTCH4/NOTCH1/NOTCH3	False	False	False	False
supervisor_arrays	SupervisorArrays	hypermethylated	06. Cell Cycle Regulators	121	6368	33010	30	ARPC5,ARPP21,BAIAP2,CCNA1,CCND2,CCND3,CDK15,CDK5R1,CDK5R2,CDK6,CDKN1A,CDKN1C,CDKN2A,GAK,HERC5,IGFBP7,LITAF,LYN,NCOR2,PAK1,PAK5,PRDM2,PTGIS,RAC1,RB1,RBBP4,TP73,UBE2D2,WARS1,ZBTB7A	0.0805968751838699	0.222586446159789	0.769138942122479	1.0	128	28	0.972027972027972	1.0	0.833948813641151	122.0	CCNA1/CCND2/CDK5R2/IGFBP7/NCOR2/TP73/ZBTB7A/CDK6/GAK/LYN/CDKN1C/BAIAP2/EVPL/CDKN2A/CCND3/CDK5R1/PTGIS/CDKN1A/PRDM2/ROCK2/PAK4/CDK10/S100A6/BATF3/TP53I3/HERC5/TP53/CCNO/PAK1/RB1/CDK4/CDK3/CDK2/CDKL5/PAK6/ARPC5/RAC1/PAK2/CCNF/PRNP/ENPEP/CDK18/CACYBP/RAP1A/LITAF/PPP1R13B/RAC2/USP16/PAK3/DCTN6/PTGES/TP53RK/SUPT5H/CDK9/AQR/HRAS/CDKN1B/CIDEC/ANXA11/CCNT1	0.953046953046953	1.0	0.772177238397152	BAIAP2/CCNA1/CCND1/CCND2/CDK5R2/CDK6/CYFIP2/IGFBP7/LYN/NCOR2/TP73/GAK/ZBTB7A/PRDM2/CDKN1C/EVPL/PLCZ1/PPP1R13B/CDKL5/PTGIS/CDKN2A/BATF3/SIGLEC16/CDK3/KDM5B/PAK6/CCND3/CDK5R1/CDKN1A/PAK2/ROCK2/PAK3/PAK1/PRNP/PAK4/CDK10/TP53/S100A6/HERC5/CDK16/CDK15/TP53I3/RAC1/LITAF/RB1/CDK18	False	False	False	False
supervisor_arrays	SupervisorArrays	hypermethylated	19. Other Longevity-Related	291	6368	33010	66	ACVR1,ACVRL1,AGTR1,AKR1C3,ALOXE3,ARHGAP26,ARHGEF2,BCAR1,BNIP3,CAPN1,CD81,CERS6,DTX1,EDIL3,EOGT,ESR2,ESRRB,ESRRG,EXOSC7,GPER1,GREM1,IKZF1,KYNU,LNX1,MAP1A,MFGE8,MIB2,NLRP6,NNMT,NOX4,PAMR1,PELI2,PTGS2,PTP4A2,PTP4A3,RING1,RNF144A,RNF4,RXFP3,SIPA1,SIPA1L1,SUMO3,TAL1,TMEFF1,TMEFF2,TRAF3,TRAF7,TRIM17,TRIM2,TRIM36,TRIM38,TRIM62,TRIM7,TRIM71,TRIM9,UBA7,UBE2I,UBE2J2,UBE2Q1,UCHL1,USP13,USP14,USP32,USP42,USP44,YOD1	0.083125436613971	0.222586446159789	0.960702401026901	1.0	309	59	0.974025974025974	1.0	0.885253057549693	294.0	BCAR1/CD81/EDIL3/ESRRG/GREM1/IKZF1/MAP1A/NOX4/PTGS2/RING1/RXFP3/SIPA1/TRIM71/TRIM9/UBE2I/USP44/PAMR1/DTX1/TRIM17/TMEFF2/PELI2/ACVRL1/TAL1/SVEP1/TRIM31/TRIM2/UCHL1/CYBA/SQSTM1/NNMT/ZFP36L2/SMURF1/YOD1/ARHGEF2/TRIM36/RNF144A/UBA7/BNIP3/USP42/SERPINF1/TRIM62/PDE8B/FBLN5/MFGE8/NEDD4L/ESRRA/ACVR1/NLRP6/TNIP1/CAPN1/ESRRB/ESR2/PPARG/TRIM7/AGTR1/USP36/TRIM39/TRAIP/MIB2/UBE2J2/NUB1/USP35/UBE2Q1/CYP19A1/USP20/HBEGF/UBE4B/TRAF7/TMEFF1/ALOXE3/TRAF4/SIPA1L1/LNX1/AMFR/CDC34/UBASH3B/TRAF3/TRIM56/UBA1/TRIM27/UBE2L3/MCFD2/UBE2V1/SULT1E1/USP14/CSPG5/TRIM38/PPARGC1A/SUMO3/ARHGAP26/RMND5B/GPR50/RNF26/NAB2/UBE2D1/UBE2F/NENF/UBQLN2/PIAS4/OTUB2/PTGS1/HUWE1/AGT/LGALS12/RNF41/USP46/TRIM63/PDS5A/ACE/USP13/HERPUD1/EXOSC2/KYNU/ZMYM2/EXOSC7/UBE4A/RNF130/UBE2G1/RNF4/RAD18/TRIM5/NPDC1/USP12/NEDD4/KCTD13/TRPC4AP/MID2/DZIP3/STUB1/PPARD/UEVLD/USP10/UBAP1/CAPRIN1/RNF6/UBE3A/MKI67	0.841158841158841	1.0	0.902941066777994	AR/ARHGAP26/BCAR1/CD81/CYP19A1/DTX1/EDIL3/ESR1/ESRRB/ESRRG/GREM1/IKZF1/LNX1/MAP1A/NOX4/PAMR1/PELI2/PTGS2/PTP4A3/REG1A/RING1/RNF144A/RXFP3/SIPA1/TFF1/TRIM2/TRIM31/TRIM62/TRIM71/TRIM9/UBASH3B/UBD/UBE2I/USP44/USP10/TRIM17/UCHL1/KRT18/USP36/GPR50/TAL1/REG1B/SAE1/NEDD4L/TRIM36/TRAF5/TMEFF2/ACVRL1/SMURF1/TRIM27/PTP4A2/SVEP1/CYBA/UBE4B/PSCA/FBLN5/SIAH2/AGTR1/RNF130/RNF217/SQSTM1/UBE2H/NNMT/ZFP36L2/PPARG/YOD1/RAG1/AMFR/ARHGEF2/UBA7/PDE8B/REG3A/BNIP3/SIPA1L1/USP35/TRIM39/USP42/SERPINF1/ACE/ACVR1/ACE2/MFGE8/USP46/CLEC2A/ESR2/ESRRA/PPARGC1A/USP20/HBEGF/USP49/PPIL2/ALOXE3/NLRP6/MYLIP/UBA1/TRIM7/HUWE1/ARMS2/TNIP1/CAPN1/TRAF3/MIB2/USP5/UBE2D1/RNF128/S100A16/UBE2A/TRAF7/UBE2J2/USP13/RNF8/TRAIP/USP22/GDI1/UBE2N/NUB1/UBE2Q1/UBQLN2/CAPRIN2/MID2/UBE2L3/CBLC/UBE2G1/LGALS12/UBTD2/TMEFF1/OPHN1/AGPS/TRAF4/SHBG/KYNU/KMO/AGT/PPARD/TRAF1/IKZF2/UBE2R2/CDC34/RNF113A/BTG2/EXOSC10/RMND5B	False	False	False	False
supervisor_arrays	SupervisorArrays	hypermethylated	08. Antioxidant / Oxidative Stress	54	6368	33010	15	ABCC1,GPX3,GPX7,GSS,GSTM2,GSTM5,GSTP1,KEAP1,LTC4S,MGST2,PTGDS,SOD2,SOD3,TXNRD1,TXNRD2	0.0834699173099208	0.222586446159789	0.306018600724955	0.683319382518757	59	13	0.899100899100899	1.0	0.840145210508565	54.0	GPX7/GSTP1/TXNRD1/LTC4S/GSTM2/GPX3/SOD3/PTGDS/KEAP1/GPX1/ABCC1/PDIA6/GGT7/TXNIP/GSS/GSTZ1/TXNDC5/PRDX5/TXNRD2/GSTM5/PRDX6/GSTM3/ADH5/TXNDC17/GPX4/PRDX1/GSTK1/GGT5/MGST1/GSR/GSTM1	0.916083916083916	1.0	0.742867196498121	GPX5/GPX7/GSTP1/TXNRD1/LTC4S/PRDX1/GSTM2/GPX3/SOD3/TSTD1/PTGDS/ABCC1/KEAP1/GPX1/GGT7/GSTZ1/GSS/SOD1/PRDX5/TYRP1/PDIA6/ERP44/ESD/TXNDC5/TXNL4A/GSR/GSTM5/PRDX6/MGST2/GPX2/HPGDS	False	False	False	False
supervisor_arrays	SupervisorArrays	hypermethylated	10. FGF21-FGF23-Klotho Axis	6	6368	33010	3	KL,KLB,LCTL	0.0903449808627316	0.225862452156829	0.0496276663607591	0.403114185838018	6	3	0.669282511210762	1.0	0.878833641312105	6.0	KL/LCTL/KLB	0.118437118437118	0.321472178615036	1.3348698519096	FGF23/GBA3/KL	False	False	False	False
supervisor_arrays	SupervisorArrays	hypermethylated	16. Hedgehog Signaling	3	6368	33010	2	IHH,SHH	0.0972772616551549	0.228887674482717	0.25270565757188	0.673881753525014	3	2	0.0694087403598972	0.269185360094451	1.36491799059654	3.0	IHH/SHH	0.148876404494382	0.353581460674157	1.2589794418269	IHH/SHH	False	False	False	False
supervisor_arrays	SupervisorArrays	hypermethylated	01. Telomere Maintenance	14	6368	33010	5	ICAM2,ICAM4,ICAM5,PINX1,TERF2	0.115032926115456	0.255628724701012	0.307493722133441	0.683319382518757	14	4	0.500505561172902	0.887259858442872	0.994599042533945	14.0	ICAM5/CXCL12/ICAM2/ICAM4/C9orf78/PINX1/ICAM3/ICAM1/SCYL1/TERF2	0.954973821989529	1.0	0.575531170878495	CXCL12/ICAM5/ICAM2/ICAM4/ICAM3/C9orf78	False	False	False	False
supervisor_arrays	SupervisorArrays	hypermethylated	12. Stem Cell Regulation	11	6368	33010	4	CD34,CLEC11A,CXCL2,IL1A	0.145759958505459	0.306863070537809	0.0749915222768992	0.403114185838018	11	4	0.370143149284254	0.721779141104294	1.07108434990876	11.0	CLEC11A/CD34/CXCL2/IL1A	0.352494577006508	0.637847329821299	1.10176299180706	CLEC11A/DPPA2/CD34/IL1A/IL3/CCL23/CCL24/CXCL2	False	False	False	False
supervisor_arrays	SupervisorArrays	hypermethylated	17. Inflammation / Immunosenescence	227	6368	33010	50	ACKR3,ADAR,CCL28,CCL5,CCR7,CMTM1,CMTM2,CSF2RB,CX3CL1,CXCL1,CXCL6,CYTL1,DOCK2,EIF2AK2,FAM3B,IFITM3,IFNGR1,IFNGR2,IFNL4,IL11RA,IL13,IL15RA,IL17B,IL17RA,IL17RD,IL1B,IL1R1,IL1R2,IL1RAP,IL21R,IL23A,IL31RA,IL4I1,IL7,IRAK2,IRAK3,IRF4,IRF8,MX1,NDUFA13,NFIL3,NFKBIL1,PRDM1,SCGB3A1,SOCS2,TAFA1,TAFA3,TAFA4,TAFA5,TICAM2	0.167217921942341	0.334435843884682	0.284302584944483	0.683319382518757	242	43	0.777222777222777	1.0	0.950031599148766	222.0	CXCL1/CXCL6/CYTL1/FAM19A2/IRAK3/IRF4/SCGB3A1/IRF8/CX3CL1/IFNGR2/CXCL14/NFIL3/PRDM1/IL12B/FAM3B/IL17RD/DOCK2/SOCS2/IRAK2/IL4I1/NFKBIL1/CMTM3/IL23A/IL11RA/IL21R/SIGIRR/CMTM2/IL17D/IL2RB/MX1/IL15RA/IL12RB2/EIF2AK2/IL6R/IL7/CCR1/IL27RA/IFNGR1/ADAR/FLT3/IL1B/CSF2RB/DOCK1/NLRP3/RTP4/IL31RA/CCL28/IL17C/IL34/CCR7/IL1RAPL1/IL1RAP/IL17RA/IFI27L2/OSMR/AIF1L/IL1R2/TRAF6/CCL2/IL1RAPL2/PF4V1/IL1F10/CXCR4/CXCL3/MX2/CCR10/TLR2/IL17RC/IL4R/IRF2/IFITM3/RSAD2/SOCS7/IRF2BP1/IL27/IL19/PRMT1/IL12A/IL18BP/FAM3A/IRAK1/CCL26/CXCR2/IL16/CCL19/CISH/SOCS3/IL17B/DOCK3/AIF1/MAPK14/CXCL5/CMTM1/IL6ST/IL20RA/IL22RA1	0.503496503496504	0.869675778766688	0.998390696831859	AIM2/CCL11/CXCL1/CXCL6/CYTL1/DOCK2/FAM19A2/IRAK3/IRF4/IRF8/NLRP3/SCGB3A1/CCL8/IL12B/IL21R/CX3CL1/CX3CR1/DOCK1/IL17F/CISH/PRDM1/IFNGR2/CXCL14/IL7/IRAK2/IL17A/CCL7/IL16/IL1R2/VNN2/CXCR5/IL18RAP/NFIL3/FAM3B/IL17RD/CCL13/CCR6/CCL1/IL1RL1/IFNG/IL13/CCL16/SOCS2/IL1RAPL1/IL5RA/IL20/CCR1/IL1B/TLR5/SIGIRR/IL20RA/IL17D/IL4I1/ITK/IL27RA/IKBKB/NFKBIL1/IL21/CMTM3/CXCR6/IL23A/IL6R/CXCL5/IL11RA/MX1/IL12RB2/IL1RAPL2/CMTM2/DOCK3/IL12A/MX2/CCL18/IL2RB/IL15/IL1RAP/IRAK4/IL22RA2/RSAD2/ADAR/IL4R/IL15RA/CXCR3/IL1RL2/IL1F10/IL19/FAM3A/IRF1/EIF2AK2/OSMR/IRF6/CCR5/CCR7/IL22/IL1RN/IFNA8/IRF2/IL17RE/IL34/TLR2/IRAK1/IFNGR1/IL26/IFITM1/IL17C	False	False	False	False
supervisor_arrays	SupervisorArrays	hypermethylated	05. DNA Damage & Repair	146	6368	33010	33	ACOX3,ADGRL4,BABAM2,BRCA2,CLU,CORIN,EFEMP1,FAM20C,FIS1,GATM,IFIT2,KLK4,LYPD3,MAGI2,MATN2,MATN4,MME,MMP14,MMP2,MMP9,NPR1,PARVA,RUVBL1,SMARCD2,SPG7,SRRM4,TMPRSS6,TTC23,TTC33,TTC6,TTC7A,WWP2,XRCC3	0.18002998749854	0.34291426190198	0.818597215438171	1.0	145	30	0.874125874125874	1.0	0.902522259316039	138.0	CORIN/MAGI2/MATN4/MME/MMP14/MMP9/SRRM4/TTC23/WWP2/XRCC3/CLU/EFEMP1/TMPRSS6/FAM20C/MMP2/NPR1/COMP/ACOX3/NPPC/SPG7/PARVA/MMP25/SMARCD3/EFEMP2/ARID1A/FIS1/TTC7A/SMARCD2/NPPB/KLK4/MATN2/NPR2/MMP15/SRRM2/LYPD3/ST14/ATN1/MMP16/OPA1/MMP17/SMARCA4/BRCA2/SMARCA2/SRRM1/MMP7/GADD45A/MMP19/ERCC2/RAD9A/IFT88/ATM/MYL7/RAD9B/HLTF/TTC16/ITCH/TNC/PHF11/GATM/MATN1/WDTC1/RAD50/MMP11/TTC14/TTC12/ATRIP/IFIT1/HEXIM1/MATN3/DPT/BSG/SMARCE1/FREM1/MGP/IFIT2/C1QBP/CD44/PDRG1/TTC19/ERCC3/PARP4/SMARCA5/XPC/PRPF19/ZNF384/PARP12/DDB2/NPPA/MMP24/SMARCC1/TTC33/REV1	0.981018981018981	1.0	0.723459340462351	CLU/CORIN/EFEMP1/FAM20C/MAGI2/MATN4/MME/MMP14/MMP26/MMP9/NPR1/SRRM4/TTC23/WWP2/XRCC3/ACOX3/MMP2/MMP16/TMPRSS6/COMP/SPG7/PARVA/NPPC/MMP25/SMARCD3/EFEMP2/RAD54B/MMP13/ARID1A/MATN2/FIS1/TTC7A/KLK4/NPPB/SRRM2/MMP17/ALKBH1/ST14/XRCC2/SMARCD2/XRCC1/MMP12/OPA1/MMP15/PARP1/PARP12/TNC/PARP9/SMARCA4/HLTF/MMP1/LYPD3/NPR2/MDC1/MYL7/PARP4/CD44/SMARCA2/ATN1/TTC12/BCCIP/FREM1	False	False	False	False
supervisor_arrays	SupervisorArrays	hypermethylated	11. Metabolic Hormones	5	6368	33010	2	LEP,LEPR	0.248262968533948	0.451387215516269	0.336914371181092	0.69492990851268	5	2	0.121387283236994	0.338394793926247	1.28299759604919	5.0	LEP/LEPR	0.249056603773585	0.49811320754717	1.18831452650992	LEP/LEPR/ADIPOQ	False	False	False	False
supervisor_arrays	SupervisorArrays	hypermethylated	04. Autophagy	14	6368	33010	4	AMBRA1,ATG14,ATG5,ATG7	0.277637098793062	0.48284712833576	0.70420592755481	1.0	15	3	0.63756345177665	0.994598984771574	0.918509784204482	13.0	AMBRA1/ATG7/ATG4B/ATG2A/MAP1LC3A/ATG10/MAP1LC3B/ATG5	0.795767195767196	1.0	0.758911936562819	ATG7/MAP1LC3A/AMBRA1/ATG10/ATG4B/ATG2A	False	False	False	False
supervisor_arrays	SupervisorArrays	hypermethylated	14. VEGF / Angiogenesis	10	6368	33010	3	FLT1,FLT4,VEGFA	0.300886752267965	0.501477920446609	0.43146048198674	0.784473603612255	11	3	0.18788501026694	0.457969712525667	1.20069969740552	10.0	FLT1/VEGFA/FLT4/KDR/PDGFC/VEGFC/SH2D2A	0.073224043715847	0.240907574240908	1.43559557336793	FLT1/FLT4/VEGFA/CXCL17/PDGFC/KDR/VEGFC/PROK1/SH2D2A/VEGFB	False	False	False	False
supervisor_arrays	SupervisorArrays	hypermethylated	18. Circadian Clock	2	6368	33010	1	PER1	0.348612448686458	0.557779917898334	0.431414431957476	0.784473603612255	2	1	0.605925925925926	0.98462962962963	0.923492082821201	2.0	PER1	0.857374392220421	1.0	0.74774423102177	PER1	False	False	False	False
supervisor_arrays	SupervisorArrays	hypermethylated	18. Progeroid / Premature Aging	31	6368	33010	7	DDAH1,FILIP1,LMNA,MTRR,NTNG1,NTNG2,PEBP4	0.389530334862508	0.598069157022329	0.908113555566608	1.0	33	6	0.230769230769231	0.491413916146298	1.12859589899736	30.0	LMNA/NTNG1/NTNG2/FILIP1/PEBP4/TCN2/DDAH1/LMNB2/PHOSPHO1/APEH/PIGG/FLNC/CD320/PNMT/PLBD2/FLNB/FLNA	0.0632530120481928	0.240361445783133	1.37703969838397	CUBN/FILIP1/FLNC/LMNA/NTNG1/NTNG2/TCN1/DDAH1/FLNB/TCN2/PEBP4	False	False	False	False
supervisor_arrays	SupervisorArrays	hypermethylated	09. Growth Hormone Axis	7	6368	33010	2	GHSR,SST	0.403696680990072	0.598069157022329	0.34746495425634	0.69492990851268	8	2	0.121475054229935	0.338394793926247	1.2953420270544	7.0	GHSR/SST	0.10093896713615	0.295052365474901	1.38839119137635	GHRHR/GHSR/SST	False	False	False	False
supervisor_arrays	SupervisorArrays	hypermethylated	04. Heat Shock / Chaperones	47	6368	33010	10	COX17,CRYAB,DNAJB1,HSF1,HSPA2,HSPB6,HSPB9,SERPINH1,TBCA,TRAP1	0.421877857595546	0.602682653707923	0.889195532293778	1.0	49	7	0.994005994005994	1.0	0.683084301308717	43.0	CRYAB/HSPB6/HSF1/HSPB9/HSPA2/SERPINH1/TRAP1/CDC37/HSPA1A/TBCB/HSF4/PACRG/HSPA1L/COX17/HSPB8/BCS1L/BAG3/ASF1A/HSF2BP/HSPA8/HSP90AA1/CRNN/HSF2/HSPA9/DNAJB1/HSPD1/HSCB/DNAJB4/HSPB1/HSP90AB1	0.936936936936937	1.0	0.680457529936584	CRYAB/HSPB6/PACRG/HSPA2/HSF1/HSPA1L/HSPB8/HSPB9/TRAP1/TBCE/SERPINH1/CRNN/BAG3/CDC37/HSPB3/HSPA1A/HSF4/TBCB	False	False	False	False
supervisor_arrays	SupervisorArrays	hypermethylated	07. Apoptosis	114	6368	33010	22	BAK1,BIRC2,BIRC5,BOK,CARD11,CARD9,CCAR2,COX4I2,COX7A1,CRADD,CSRNP1,DAXX,FAS,NOD1,NOD2,PDCD1,PDCD1LG2,SFRP1,SFRP2,SFRP5,TNFRSF10D,TNFSF12	0.536969871369372	0.740648098440513	0.929408241156116	1.0	116	19	0.989010989010989	1.0	0.794108328937366	112.0	CARD11/SFRP1/SFRP2/SFRP5/TNFRSF10D/DAXX/PDCD1/PYCARD/COX4I2/COX7A1/NOD1/BIRC5/NOD2/PCSK9/FADD/CRADD/CARD9/BCL2L2/AATK/TRADD/CSRNP1/FAS/TNFRSF10C/FAIM3/COX5A/TNFSF12/UQCRB/BCL2/COX6A2/BCL2L12/BIRC2/PDCD1LG2/CASP8/BAK1/CASP2/LMTK2/STK17B/NAIF1/BOK/CD274/CASP4/HIVEP1/BAD/DIABLO/DPF2/NLRP1	0.97002997002997	1.0	0.73100711392612	CARD11/CD5L/COX7B2/PDCD1/SFRP1/SFRP2/SFRP5/TNFRSF10D/PLEKHF2/AATK/PYCARD/DAXX/NOD2/NOD1/COX4I2/BMF/LMTK2/AIFM1/COX7A1/CRADD/TNFRSF10A/BCL2/PCSK9/BIRC5/FAIM3/TNFRSF21/TNFRSF25/UQCRFS1/DIABLO/CARD9/CSRNP1/MALT1/FADD/NAIF1/CASP8/BCL2L2/TNFRSF10C/BIRC8/MAP3K5/BIRC2/BNIPL/TRADD/CARD18/PAWR/FAS/HIVEP1/COX7B/NLRC4/BIRC7/COX5A/TNFSF12/UQCRB/BCL2L1/NLRP1/CASP4/STK17A/COX6A2/BCL2L12/BOK/XIAP/NDUFA4/PDCD1LG2	False	False	False	False
supervisor_arrays	SupervisorArrays	hypermethylated	11. NAD+ Metabolism	4	6368	33010	1	NMNAT2	0.575706548435847	0.767608731247797	0.709068638996968	1.0	4	1	0.23642943305187	0.491413916146298	1.16654333759414	4.0	NMNAT2/NMNAT3	0.811497326203209	1.0	0.785910765302711	NMNAT2	False	False	False	False
supervisor_arrays	SupervisorArrays	hypermethylated	03. AMPK Pathway	5	6368	33010	1	NUAK1	0.657567443411322	0.848474120530738	0.718717144771478	1.0	5	1	0.850867052023121	1.0	0.752637849872915	5.0	NUAK1/PRKAA1/PRKAA2	0.728301886792453	1.0	0.822873780281679	NUAK1	False	False	False	False
supervisor_arrays	SupervisorArrays	hypermethylated	06. Cellular Senescence / SASP	6	6368	33010	1	LIMS1	0.723636539619676	0.904545674524594	0.549018650206303	0.954815043837049	6	1	0.963636363636364	1.0	-0.697866846337926	6.0	LIMS1/RSL1D1/GLB1/ATP13A3/TXN	0.830601092896175	1.0	-0.780457219557445	GLB1/LIMS1/ATP13A3/RSL1D1/TXN	False	False	False	False
supervisor_arrays	SupervisorArrays	hypermethylated	14. HGF Signaling	7	6368	33010	1	SPINT2	0.776959849391276	0.941769514413668	1.0	1.0	7	0	0.457700650759219	0.850015494267121	1.02373334819619	7.0	MET/HGF	0.924882629107981	1.0	0.61939883158352	HGF/MET/HGFAC/SPINT2	False	False	False	False
supervisor_arrays	SupervisorArrays	hypermethylated	05. Epigenetic Regulators	11	6368	33010	1	HDAC4	0.905384715827871	1.0	0.973577873452058	1.0	13	1	0.887309644670051	1.0	0.72516104070145	13.0	HDAC4/SIN3A/KAT2B/KAT5/SIN3B/HDAC2	0.983068783068783	1.0	0.518182344718703	HDAC4/HDAC8/HDAC1/KAT5/HDAC11/SIN3A/KAT2B/HDAC6/SIN3B/HDAC2	False	False	False	False
supervisor_arrays	SupervisorArrays	hypermethylated	08. Mitochondrial Function	243	6368	33010	30	ABAT,ACADL,AK2,AK4,ALDH1L2,ALDH5A1,ATP5MC2,ATP5PB,BCKDK,CKMT2,CLYBL,CPT2,CYP24A1,DMGDH,HADHA,LACTB,MRPL23,MRPL44,MRPS22,MTHFD1L,MTUS1,NDUFC1,NDUFS2,NDUFS4,NFU1,NLN,NNT,PDK4,SDHAF1,SLC25A2	0.998553178155225	1.0	0.999984833850128	1.0	261	25	1.0	1.0	0.71171883765611	225.0	ACADL/ALDH1L2/CLYBL/CYP24A1/UCP1/NDUFS2/PC/MRPS21/AADAT/PDK4/SLC25A2/CPT2/ALDH5A1/ACSS3/PDK2/MRPL23/MRM1/MTUS1/CA5B/ACADS/MRPL44/SDHAF1/LACTB/AMT/KIAA0664/ABAT/CA5A/ACSF2/SLC25A22/MSRA/GPD2/ACADVL/BCKDK/PGS1/MTHFD1L/DMGDH/AKAP10/NFU1/PCCA/SLC25A18/ACAA2/PPIF/OXCT1/NNT/MRPS2/STOML2/HADHA/ERAL1/ECSIT/FDX1/SLC25A21/PISD/PITRM1/IDH3G/PDPR/GRPEL1/FPGS/MSRB2/UQCRC1/NDUFS6/AARS2/SLC25A20/NDUFV1/SLC25A29/CCDC90B/SLC25A16/LARS2/PCK2/NDUFS7/AUH/NDUFS4/TSPO/SDHAF2/IVD/VDAC1/SUCLA2/VDAC2/NLN/COQ9/ETHE1/TUFM/MRPL34/ENOSF1/MRPL12/COQ2/MTRF1/PTPMT1/MRPS22/CMC1/PARL/HADHB/PET117	1.0	1.0	0.356093585874215	ACADL/ALDH1L2/CLYBL/CYP24A1/MSRA/PC/UCP1/NDUFS2/ACSS3/PCCA/MTHFD1L/MRPS21/AADAT/SLC25A2/MTUS1/CA5B/PDK4/SLC25A22/CPT2/ALDH5A1/ABAT/PDK2/MRPL23/ACADS/MRM1/SLC25A21/ACSF2/MDH2/KIAA0664/MRPL44/BCKDK/SLC25A14/GPD2/HMGCL/SDHAF1/PGS1/TMLHE/LACTB/CA5A/AMT/AKAP10/SLC25A29/AK2/HIBADH/NUDT13/SUCLG2/DMGDH/ECSIT/ACADVL/SLC25A18/ALDH2/MTFR1/PINK1/AGXT2/PPIF/AARS2/MRPL24/MCCC2/ACOT9/MRPS25/LARS2/DUT/COX10/SLC25A19/NFU1/OTC/NNT/SLC25A20/ATP6AP2/IDH3G/ACAA2/MMAA/UCP3/CPS1/OXCT1/HADH/SYNJ2BP/TIMM17B/MRPS26/MRPS2/STOML2/NDUFS6/UCP2/HADHA/ERAL1/FDX1/PARL/PISD/NARS2/PITRM1/NDUFB11/MSRB2/PDPR/NDUFV2/GRPEL1/NLN/FPGS/NDUFS7/CHDH/TIMM8A/ALAS2/UQCRC1/SSBP1/GHITM/MRPS22/COQ7/NDUFV1/IVD/CCDC90B/SLC25A16/PCK2/AUH/NDUFS4/PDHX/MTHFD2/NDUFC1/TSPO/SDHAF2/VDAC1/SUCLA2/PTPMT1/BCKDHA/PDK1/VDAC2/GLUD2/DECR1/GCAT/NDUFA10/MRPL11/COQ9/ETHE1/TUFM/MRPL34/ATP5D/HSD17B10/ENOSF1/MRPL1/MRPL12/COQ2/MTRF1/OXA1L/CMC1/HADHB/PET117/POLG/FASTKD5/TIMM17A	False	False	False	False
supervisor_arrays	SupervisorArrays	hypermethylated	04. Proteasome / Proteostasis	45	6368	33010	2	PSMD1,PSMF1	0.999242719709149	1.0	1.0	1.0	45	0	0.999000999000999	1.0	0.56114720850086	45.0	PSME3/PSMA8/PSMG3/PSMD4/PSMB8/PSMA1/PSMD1/UBLCP1/PSMC5/PSMD6/HAUS7/PSMA7/PSMD14/PSMB5/PSMA4/ADRM1/PSMB9/PSMC4/PSMD9/PSMD7/PSMD11/PSMB1/PSMD13/PSME1/PSMD2/PSMC3/PSMB10/PSMB7/PSMA5/PSMB6/PSMF1/PSMD3/PSMD5/PSMG1/PSME2					False	False	False	False
supervisor_arrays	SupervisorArrays	hypermethylated	02. Sirtuins	6	6368	33010	0		1.0	1.0	1.0	1.0	6	0	0.0321532106495895	0.22880610149604	-1.38982467669684	6.0	SIRT1/SIRT5/SIRT6/SIRT3/SIRT4	0.0076022366769057	0.0412692848174881	-1.77486217111712	SIRT6/SIRT2/SIRT5/SIRT1/SIRT4	False	False	False	True
supervisor_arrays	SupervisorArrays	hypermethylated	03. FOXO Pathway	2	6368	33010	0		1.0	1.0	0.999999999992324	1.0	1	0										False	False	False	False
supervisor_arrays	SupervisorArrays	hypermethylated	03. mTOR Pathway	10	6368	33010	0		1.0	1.0	0.943404658708021	1.0	11	1	0.993063583815029	1.0	0.549770844040296	5.0	MLST8/MTOR/MAPKAP1/FKBP3/RICTOR	0.236714975845411	0.49811320754717	-1.17484776365135	MTOR/MAPKAP1/RICTOR/FKBP3	False	False	False	False
supervisor_arrays	SupervisorArrays	hypermethylated	10. GDF Aging Biomarkers	2	6368	33010	0		1.0	1.0	1.0	1.0	3	0	0.568888888888889	0.96463768115942	0.958227276265577	2.0	GDF11/GDF15	0.743922204213938	1.0	0.833250783307362	GDF15/GDF11	False	False	False	False
supervisor_arrays	SupervisorArrays	hypomethylated	14. EGF / EGFR Signaling	30	6052	33010	13	DNER,EGF,EGFR,EPS8,ERBB2,ERBB3,ERBB4,GRB7,NRG1,NRG2,NRG3,SLIT3,TOB1	0.0013640863299909	0.0481662799098077	0.0473234865380949	0.749808394847199	30	12	0.0949050949050949	0.545454545454545	1.24303035790598	29.0	DNER/EGFR/NRG1/NRG3/SLIT3/NRG2/ERBB4/ERBB3/ERBB2/EPS8/EGF	0.0018778063792497	0.0142713284822979	1.6909246920913	CELSR3/DNER/EGFR/LRP4/MEGF10/NRG1/NRG2/NRG3/SLIT3/CLEC14A/EPS8L2/ERBB2/EPS8/ERBB4/CELSR2/GRB7/EGF/ERBB3/PEAR1	True	False	False	True
supervisor_arrays	SupervisorArrays	hypomethylated	15. ECM / Skin Aging	86	6052	33010	27	ADAMTS2,CD36,COL11A2,COL14A1,COL18A1,COL23A1,COL26A1,COL4A1,COL4A2,COL5A1,COL5A3,COL6A1,COL6A2,COL8A1,COL9A1,COLGALT2,ELFN1,FLRT2,FN1,HAS1,ITGA1,ITGB1,LAMA1,LAMB1,P4HA2,PCOLCE,RPSA	0.0024083139954903	0.0481662799098077	0.292437657559846	1.0	91	24	0.047952047952048	0.545454545454545	1.19744897397718	88.0	ADAMTS2/COL11A2/COL18A1/COL23A1/COL4A1/COL4A2/COL5A1/COL6A1/COL6A2/COL6A3/COL8A1/COL9A1/ELFN1/FLRT2/LAMA2/COL15A1/LAMA1/COL13A1/TIMP2/ITGA1/LAMB1/PCOLCE/COL25A1/MARCO/FN1/FCN2/LAMC1/FCN1/STAB2/COL5A3/COL19A1/COL2A1/HAS1/MMRN2/PLOD2/COL12A1/RPL10/LGALS3/ELN/ITGB1/EMILIN2/PLOD1/ITGA2	2.4358451976331e-07	9.25621175100578e-06	1.83688070490269	ADAMTS2/COL11A1/COL11A2/COL14A1/COL15A1/COL18A1/COL19A1/COL1A2/COL23A1/COL25A1/COL4A1/COL4A2/COL5A1/COL6A1/COL6A2/COL6A3/COL8A1/COL9A1/COL9A3/ELFN1/ELN/EMILIN2/FLRT2/HAS1/LAMA1/LAMA2/LAMB1/LRFN5/TIMP2/EMILIN1/MMRN2/COL13A1/COL5A2/PCOLCE/COL1A1/LAMA4/HAS3/COL5A3/ADAMTS3/COL7A1/COL2A1/ITGA1/STAB1/COL12A1/MARCO/COL4A3/FN1/SCARB1/LGALS3/LRFN1/FCN2/ITGA5/ITGB1/PLOD2/LAMC1	True	False	False	True
supervisor_arrays	SupervisorArrays	hypomethylated	17. Inflammation / Immunosenescence	227	6052	33010	56	ACKR1,ACKR2,AIM2,CCL1,CCL11,CCL13,CCL14,CCL7,CCL8,CCR1,CCR3,CCR5,CISH,CXCR1,CXCR6,DOCK2,DOCK3,IFNA8,IL12A,IL12B,IL12RB2,IL15,IL17A,IL17RE,IL18,IL18RAP,IL19,IL1R1,IL1RAP,IL20,IL20RA,IL21,IL21R,IL22RA2,IL23R,IL24,IL27RA,IL37,IL4R,IL5RA,IL6,IL7,IRF1,IRF4,IRF6,IRF8,ISG15,ITK,NLRP3,OSMR,PRDM1,RIPK2,TAFA4,TAFA5,TLR1,VNN2	0.0102463206621462	0.136617608828616	0.0348938552345582	0.749808394847199	242	54	0.0749250749250749	0.545454545454545	1.11001853380956	222.0	AIM2/CCL11/DOCK2/IRF8/NLRP3/CCL8/IRF4/CX3CR1/IL17F/CISH/IL17A/DOCK1/IL21R/CCL7/IL16/VNN2/CXCR5/IL18RAP/CCL13/CCL1/IL1R2/IL1RL1/IFNG/IL13/CCL16/CCR6/IL7/IL5RA/IL20/TLR5/FAM19A2/ITK/CCR1/IKBKB/IL21/IL1RAPL1/CXCR6/CXCL5/IL20RA/DOCK3/CCL18/IL15/IL27RA/PRDM1/IRAK4/IL22RA2/RSAD2/IL4R/IL12B/CXCR3/IL1RL2/IL12RB2/IL12A/IRF1/IRF6/CCR5/IL22/IL1RN/IFNA8/IL17RE/IL26/MX2/IFITM1/IRAK2/IL1RAPL2/IL1RAP/OSMR/IL18/IL6R/IL1B/VNN1/IL19/IL13RA1/CCR7/IL2RA/IL10/CCL4/FAM3A/IRAK1/IL6/IRGM/IRF2/IL13RA2/IL5/CXCR1/CCL14/CCL2/IFNA14/CCR8/CCR3/NFKBIB/XCL2/CXCL10/NKRF/EBI3/NFKB1/SIGIRR/IL1F10/CYTL1/IL18R1/IL1R1/IL11/IL2RG/GBP2/IRF5/CXCR2/IL29/TLR2/IL23R/IL31RA/IL4/FAM3C/CCRL2/FAM3B/IL27/NDUFA13/CSF2RB/IL24/CCL22/CMTM4/IL2RB/IL17D/IL33/CCL20/CCR9/IL31/IL34/IL10RA	0.503496503496504	0.869675778766688	0.998390696831859	AIM2/CCL11/CXCL1/CXCL6/CYTL1/DOCK2/FAM19A2/IRAK3/IRF4/IRF8/NLRP3/SCGB3A1/CCL8/IL12B/IL21R/CX3CL1/CX3CR1/DOCK1/IL17F/CISH/PRDM1/IFNGR2/CXCL14/IL7/IRAK2/IL17A/CCL7/IL16/IL1R2/VNN2/CXCR5/IL18RAP/NFIL3/FAM3B/IL17RD/CCL13/CCR6/CCL1/IL1RL1/IFNG/IL13/CCL16/SOCS2/IL1RAPL1/IL5RA/IL20/CCR1/IL1B/TLR5/SIGIRR/IL20RA/IL17D/IL4I1/ITK/IL27RA/IKBKB/NFKBIL1/IL21/CMTM3/CXCR6/IL23A/IL6R/CXCL5/IL11RA/MX1/IL12RB2/IL1RAPL2/CMTM2/DOCK3/IL12A/MX2/CCL18/IL2RB/IL15/IL1RAP/IRAK4/IL22RA2/RSAD2/ADAR/IL4R/IL15RA/CXCR3/IL1RL2/IL1F10/IL19/FAM3A/IRF1/EIF2AK2/OSMR/IRF6/CCR5/CCR7/IL22/IL1RN/IFNA8/IRF2/IL17RE/IL34/TLR2/IRAK1/IFNGR1/IL26/IFITM1/IL17C	False	False	False	False
supervisor_arrays	SupervisorArrays	hypomethylated	09. IGF / Insulin Signaling	20	6052	33010	8	IGF1,IGF1R,IGF2,IGF2BP1,IGF2BP2,IGF2BP3,IGFALS,PAPPA	0.0196555384359893	0.143208889413365	0.0933529441714956	0.933529441714956	20	8	0.2321608040201	0.70324846356453	1.15764394589546	17.0	IGF1R/IGF2BP3/IGF2BP2/IGFALS/IGF2BP1/PAPPA/IGF1/IGFBP5/IGFBP1	0.004426167492058	0.0280323941163676	1.68287095956767	IGF1R/IGF2BP1/IGF2BP3/IGFBP3/PAPPA/IGF2BP2/IGFALS/IGFBP5/IGF1/IGFBP6/IGFBP4	False	False	False	True
supervisor_arrays	SupervisorArrays	hypomethylated	14. VEGF / Angiogenesis	10	6052	33010	5	CXCL17,FLT1,FLT4,PDGFC,VEGFC	0.0229860585518592	0.143208889413365	0.0562356296135399	0.749808394847199	11	5	0.128125	0.624609375	1.27179326893673	10.0	FLT4/CXCL17/PROK1/FLT1/VEGFC/VEGFB/PDGFC	0.073224043715847	0.240907574240908	1.43559557336793	FLT1/FLT4/VEGFA/CXCL17/PDGFC/KDR/VEGFC/PROK1/SH2D2A/VEGFB	False	False	False	False
supervisor_arrays	SupervisorArrays	hypomethylated	09. Growth Hormone Axis	7	6052	33010	4	GHR,GHRHR,GHRL,SST	0.0246498251335663	0.143208889413365	0.133981960542429	1.0	8	3	0.472283813747228	0.837230397097359	1.0066846558081	7.0	GHRHR/SST/GHR/GHRL	0.10093896713615	0.295052365474901	1.38839119137635	GHRHR/GHSR/SST	False	False	False	False
supervisor_arrays	SupervisorArrays	hypomethylated	19. Other Longevity-Related	291	6052	33010	67	ADGRE3,AGTR1,ARHGAP26,BNIP3L,CBLC,CENPM,CERS6,CLEC2A,CYP19A1,EIF3F,ESR1,ESRRB,EXOSC10,FBLN5,IKZF1,KMO,KRT18,KYNU,LNX1,MINDY2,MYLIP,NEDD4L,NQO2,PDE8B,PELI2,PPARGC1A,PRKN,PTGS2,PTP4A2,REG1A,REG1B,REG3A,RNF130,RNF144A,RNF2,RNF8,S100A16,SAE1,SIAH2,SIPA1L1,SMURF1,SULT2A1,TFF1,TRAF1,TRAF5,TRAF7,TRIM27,TRIM31,TRIM36,TRIM39,TRIM5,TRIM62,TRIM71,UBASH3B,UBD,UBE2H,UBE2N,UBE2R2,UBE4B,UBR5,USP10,USP22,USP30,USP36,USP38,USP44,USP5	0.0250615556473388	0.143208889413365	0.441070655817237	1.0	309	63	0.885114885114885	1.0	0.921605225039604	294.0	AR/ESR1/IKZF1/LNX1/PELI2/PTP4A3/REG1A/TFF1/TRIM31/UBASH3B/UBD/USP10/KRT18/ESRRB/GPR50/REG1B/ARHGAP26/SAE1/CYP19A1/TRAF5/RNF144A/TRIM27/PTP4A2/USP36/TRIM62/PSCA/SIAH2/FBLN5/RNF217/UBE2H/TRIM2/NEDD4L/RAG1/RNF130/REG3A/SMURF1/TRIM39/ACE/ACE2/USP44/UBE4B/AMFR/CLEC2A/NOX4/USP49/PPIL2/ESRRG/MYLIP/UBA1/PPARG/ARMS2/USP5/TRIM36/AGTR1/RNF128/S100A16/UBE2A/TRIM71/USP46/RNF8/USP22/GDI1/UBE2N/HUWE1/CAPRIN2/PPARGC1A/PDE8B/UBE2G1/SIPA1L1/UBTD2/OPHN1/UBE2L3/AGPS/SHBG/KMO/PPARD/DTX1/IKZF2/UBE2R2/RNF113A/UCHL1/USP13/BTG2/EXOSC10/CBLC/OVGP1/RNF2/MID2/USP38/DZIP3/UBQLN2/UBE2D1/ALOXE3/HBEGF/UCHL5/TRAF1/USP35/TRIM17/IKZF3/PAMR1/UBAP2L/TMEFF2/TRAF3/PTGS2/CD81/ACVR1/UBR5/TRIM9	0.841158841158841	1.0	0.902941066777994	AR/ARHGAP26/BCAR1/CD81/CYP19A1/DTX1/EDIL3/ESR1/ESRRB/ESRRG/GREM1/IKZF1/LNX1/MAP1A/NOX4/PAMR1/PELI2/PTGS2/PTP4A3/REG1A/RING1/RNF144A/RXFP3/SIPA1/TFF1/TRIM2/TRIM31/TRIM62/TRIM71/TRIM9/UBASH3B/UBD/UBE2I/USP44/USP10/TRIM17/UCHL1/KRT18/USP36/GPR50/TAL1/REG1B/SAE1/NEDD4L/TRIM36/TRAF5/TMEFF2/ACVRL1/SMURF1/TRIM27/PTP4A2/SVEP1/CYBA/UBE4B/PSCA/FBLN5/SIAH2/AGTR1/RNF130/RNF217/SQSTM1/UBE2H/NNMT/ZFP36L2/PPARG/YOD1/RAG1/AMFR/ARHGEF2/UBA7/PDE8B/REG3A/BNIP3/SIPA1L1/USP35/TRIM39/USP42/SERPINF1/ACE/ACVR1/ACE2/MFGE8/USP46/CLEC2A/ESR2/ESRRA/PPARGC1A/USP20/HBEGF/USP49/PPIL2/ALOXE3/NLRP6/MYLIP/UBA1/TRIM7/HUWE1/ARMS2/TNIP1/CAPN1/TRAF3/MIB2/USP5/UBE2D1/RNF128/S100A16/UBE2A/TRAF7/UBE2J2/USP13/RNF8/TRAIP/USP22/GDI1/UBE2N/NUB1/UBE2Q1/UBQLN2/CAPRIN2/MID2/UBE2L3/CBLC/UBE2G1/LGALS12/UBTD2/TMEFF1/OPHN1/AGPS/TRAF4/SHBG/KYNU/KMO/AGT/PPARD/TRAF1/IKZF2/UBE2R2/CDC34/RNF113A/BTG2/EXOSC10/RMND5B	False	False	False	False
supervisor_arrays	SupervisorArrays	hypomethylated	18. Oncogenes / Tumor Suppressors	70	6052	33010	19	BCL11B,CADM1,CCDC80,DCC,DIRAS1,EXTL3,FER,FLI1,FYN,LZTS1,MYB,MYCL,MYEOV,NET1,ROS1,RUNX1,RUNX2,RUNX3,THPO	0.0447184522926613	0.223592261463307	0.295412914578792	1.0	71	19	0.738261738261738	0.995495495495495	0.915448487524404	69.0	BCL11B/CADM1/FLI1/FYN/RUNX3/LZTS1/DCC/RUNX1/CCDC80/THPO/RUNX2/LCK/EXTL3/ROS1/AKT1/FER/DIRAS1/ARAF/MYB/NET1/TRIM13/MAEA/MYEOV/MERTK/RRAS2/LCN2/STYK1/RET/MAFF/MPL/SRC	0.136863136863137	0.346719946719947	1.20121203626055	BCL11B/CADM1/DCC/FES/FLI1/FYN/KLF6/MAEA/RUNX3/LZTS1/RUNX2/EXTL3/LZTS2/TCL1A/RUNX1/LYPD1/MAFG/CCDC80/AKT1/MN1/MERTK/SSPN/ABL1/SRC/THPO/AXL/LCK/FER/TRIM13/DIRAS1/RET/MAP3K8/MAF/FGR	False	False	False	False
supervisor_arrays	SupervisorArrays	hypomethylated	13. BMP / GDF Signaling	18	6052	33010	6	BMP2,BMP3,BMP6,BMPER,BMPR1B,ZMYND11	0.0955136028191219	0.398615387228653	0.17657568617217	1.0	19	7	0.0200361764367463	0.545454545454545	1.44319780509751	19.0	BMPER/BMP6/BMP2/GDF2/BMP10/BMP1/BMP15/BMPR1A/BMPR1B/BMP3/ZMYND11	0.0004374342296502	0.0083112503633554	1.863441728011	BMP2/BMP3/BMP4/BMP6/BMP7/BMPER/GDF6/GDF2/BMP1/BMPR1A/BMP10/BMP15/BMP8B/GDF5/BMPR1B	False	False	False	True
supervisor_arrays	SupervisorArrays	hypomethylated	18. Progeroid / Premature Aging	31	6052	33010	9	CUBN,FILIP1,FLNB,FLNC,GGACT,MTRR,PEBP4,TCN1,TMPO	0.0996538468071631	0.398615387228653	0.475153649665768	1.0	33	8	0.156843156843157	0.67965367965368	1.18160071793228	30.0	CUBN/FLNC/TCN1/NTNG2/FLNB/FILIP1/DDAH1/FLNA/MTRR/ATIC/PEBP4/NTNG1/TCN2/APEH	0.0632530120481928	0.240361445783133	1.37703969838397	CUBN/FILIP1/FLNC/LMNA/NTNG1/NTNG2/TCN1/DDAH1/FLNB/TCN2/PEBP4	False	False	False	False
supervisor_arrays	SupervisorArrays	hypomethylated	13. TGF-beta Signaling	25	6052	33010	7	GFRA1,LRRC32,LTBP1,TAB2,TGFB2,TGFBI,TGFBRAP1	0.159619570400848	0.5586347692738	0.721893553461732	1.0	28	6	0.300699300699301	0.70324846356453	1.10175509720183	25.0	GFRA2/LTBP1/GFRA1/TGFB2/LRRC32/TGFBI/LTBP2/TGFBR3/TGFB1I1/LTBP4/CD109/TGFBR2/TGFBR1	0.0147638594044828	0.0701283321712935	1.51900561326519	GFRA2/TGFB2/TGFBR3/LTBP2/KLF11/TGFBI/TGFB1I1/LTBP1/GFRA1/LRRC32/LTBP4	False	False	False	False
supervisor_arrays	SupervisorArrays	hypomethylated	14. PDGF Signaling	8	6052	33010	3	PDAP1,PDGFD,PDGFRA	0.16759043078214	0.5586347692738	0.660632621215789	1.0	8	2	0.447793326157158	0.831616177149008	1.01979460312248	8.0	PDGFD/PDGFRA	0.29806598407281	0.566325369738339	1.15465676832356	PDGFD/PDGFRA/PDGFRB/PDGFA	False	False	False	False
supervisor_arrays	SupervisorArrays	hypomethylated	11. Metabolic Hormones	5	6052	33010	2	ADIPOR1,LEPR	0.228989536504451	0.704583189244464	0.23622646053822	1.0	5	2	0.432464454976303	0.831616177149008	1.02419489277103	5.0	ADIPOQ/LEPR/ADIPOR1	0.249056603773585	0.49811320754717	1.18831452650992	LEP/LEPR/ADIPOQ	False	False	False	False
supervisor_arrays	SupervisorArrays	hypomethylated	17. TNF Superfamily	39	6052	33010	9	ADAM17,C1QL3,C1QTNF6,C1QTNF8,CD40,EDAR,TNFAIP6,TNFAIP8,TNFSF4	0.278090405936573	0.759375996116701	0.43219030281134	1.0	44	10	0.0609390609390609	0.545454545454545	1.25641262129938	40.0	EDAR/EDA2R/C1QTNF7/TNFSF4/C1QTNF4/TNFRSF1B/C1QTNF1/TNFAIP6/TNFAIP8/C1QL3/TNFRSF9/TNFSF11/TNFRSF19/C1QTNF6/TNFRSF4/CD40/C1QTNF5/CD70/TRAF2/ADAM17/C1QTNF8	0.0760760760760761	0.240907574240908	1.32825282887062	C1QL3/C1QTNF1/C1QTNF5/CD40/EDAR/TNFSF11/TNFSF13B/LTB/TNFRSF1B/CD70/C1QTNF4/EDA2R/TNFAIP8/C1QTNF7/TNFRSF19/TNFAIP3/TNFSF4/TNFAIP6/C1QL4/TNFRSF9/ABCF1/C1QTNF6/C1QTNF8/TNFRSF4/RELT/C1QTNF2/LTBR/TNFRSF1A/TRAF2/PTX3/ADAM17	False	False	False	False
supervisor_arrays	SupervisorArrays	hypomethylated	06. Cellular Senescence / SASP	6	6052	33010	2	ATP13A3,CLDN1	0.30375039844668	0.759375996116701	0.602788602345509	1.0	6	1	0.997703788748565	1.0	0.467815833531519	6.0	CLDN1/GLB1/ATP13A3/TXN	0.830601092896175	1.0	-0.780457219557445	GLB1/LIMS1/ATP13A3/RSL1D1/TXN	False	False	False	False
supervisor_arrays	SupervisorArrays	hypomethylated	10. FGF21-FGF23-Klotho Axis	6	6052	33010	2	FGF23,GBA3	0.30375039844668	0.759375996116701	0.255068516331142	1.0	6	2	0.30654420206659	0.70324846356453	1.12992276162876	6.0	FGF23/GBA3/KL/LCTL/FGF21	0.118437118437118	0.321472178615036	1.3348698519096	FGF23/GBA3/KL	False	False	False	False
supervisor_arrays	SupervisorArrays	hypomethylated	12. Stem Cell Regulation	11	6052	33010	3	CCL23,DPPA2,IL1A	0.327406992216863	0.770369393451443	0.227525765981352	1.0	11	3	0.24612202688728	0.70324846356453	1.16103365734722	11.0	DPPA2/IL3/IL1A/CCL23/CCL24	0.352494577006508	0.637847329821299	1.10176299180706	CLEC11A/DPPA2/CD34/IL1A/IL3/CCL23/CCL24/CXCL2	False	False	False	False
supervisor_arrays	SupervisorArrays	hypomethylated	16. Hedgehog Signaling	3	6052	33010	1	GLI1	0.455349918851537	1.0	0.601263467190712	1.0	3	1	0.286274509803922	0.70324846356453	1.13043182086294	3.0	GLI1/IHH	0.148876404494382	0.353581460674157	1.2589794418269	IHH/SHH	False	False	False	False
supervisor_arrays	SupervisorArrays	hypomethylated	14. Neurotrophins	9	6052	33010	2	NGF,NTF3	0.511983379982193	1.0	0.821752596315987	1.0	11	2	0.261458333333333	0.70324846356453	1.15812178295572	10.0	NGF/NTF3/BDNF/NTRK1	0.0415300546448087	0.175349119611415	1.53424943591014	BDNF/NGF/NTF3/NTRK1/NGFR/NTRK2	False	False	False	False
supervisor_arrays	SupervisorArrays	hypomethylated	05. DNA Damage & Repair	146	6052	33010	27	ADGRL2,ADGRL3,ALKBH1,BABAM2,CD44,CLU,KLK4,MAGI2,MDC1,MME,MMP10,MMP12,MMP16,MMP26,NPPB,OPA1,PARP1,PARP4,PHF11,RAD54B,RAD9A,SRRM4,ST14,TTC12,TTC6,XRCC1,XRCC2	0.513875160115928	1.0	0.879291481625433	1.0	145	25	0.999000999000999	1.0	0.737172750615176	138.0	MAGI2/MMP26/SRRM4/MMP16/CORIN/FAM20C/MME/RAD54B/MMP13/NPR1/ALKBH1/XRCC2/XRCC1/KLK4/ACOX3/MMP12/MATN2/PARP1/CLU/PARP12/PARP9/OPA1/MMP1/MDC1/CD44/BCCIP/PARP4/WWP2/MMP17/TNC/ST14/MATN4/MEPE/SRRM2/FREM1/SMARCA4/HLTF/SPG7/TTC12/MMP10/MMP3/REV1/MYL7/TTC7A/EFEMP1/MMP2/LYPD3/MMP11/PHF11/MMP8/PARVA/GADD45B/TTC33/MMP15/SMARCA2/PDRG1/NPPA/ATM/ECM1/MATN1/TMPRSS6/ATRIP/NPPB/TTC16/BRCA1/MMP14/XRCC3/TTC32/RUVBL1/IFIT2/ARID1A/IFT88/WDTC1/DPT/MMP7/XPC/FANCG/BRIP1/RAD1/DDB1/MMP20/TTC19/SMARCC1/XPA	0.981018981018981	1.0	0.723459340462351	CLU/CORIN/EFEMP1/FAM20C/MAGI2/MATN4/MME/MMP14/MMP26/MMP9/NPR1/SRRM4/TTC23/WWP2/XRCC3/ACOX3/MMP2/MMP16/TMPRSS6/COMP/SPG7/PARVA/NPPC/MMP25/SMARCD3/EFEMP2/RAD54B/MMP13/ARID1A/MATN2/FIS1/TTC7A/KLK4/NPPB/SRRM2/MMP17/ALKBH1/ST14/XRCC2/SMARCD2/XRCC1/MMP12/OPA1/MMP15/PARP1/PARP12/TNC/PARP9/SMARCA4/HLTF/MMP1/LYPD3/NPR2/MDC1/MYL7/PARP4/CD44/SMARCA2/ATN1/TTC12/BCCIP/FREM1	False	False	False	False
supervisor_arrays	SupervisorArrays	hypomethylated	11. NAD+ Metabolism	4	6052	33010	1	NMNAT2	0.555214259479601	1.0	0.622987853745555	1.0	4	1	0.711442786069652	0.995495495495495	0.854574849150304	4.0	NMNAT2	0.811497326203209	1.0	0.785910765302711	NMNAT2	False	False	False	False
supervisor_arrays	SupervisorArrays	hypomethylated	14. FGF Family	33	6052	33010	6	CEP43,FGF1,FGF12,FGF6,FGFR2,FRS2	0.579575627083374	1.0	0.664011096612625	1.0	35	7	0.0979020979020979	0.545454545454545	1.2275976778405	33.0	FGF13/FGF6/FGF1/FGFR3/FGF18/FGFR4/FGF12/FGF16/FGFBP1/FGF20/FGF9/FRS2/NUDT6/FGFR2/FGF2/FGF3	0.0011007915529108	0.0104575197526533	1.66867423839494	FGF10/FGF12/FGF13/FGF2/FGF3/FGF5/FGF6/FGFR1/FGF18/FGF1/FGF11/FGF4/FGF9/FGF20/FGF19/FGF8/FGFR3/FGFR4	False	False	False	True
supervisor_arrays	SupervisorArrays	hypomethylated	05. Epigenetic Regulators	11	6052	33010	2	HDAC1,HDAC4	0.626165770011196	1.0	0.748486414689361	1.0	13	2	0.89161554192229	1.0	0.710318261431424	13.0	HDAC4/HDAC8	0.983068783068783	1.0	0.518182344718703	HDAC4/HDAC8/HDAC1/KAT5/HDAC11/SIN3A/KAT2B/HDAC6/SIN3B/HDAC2	False	False	False	False
supervisor_arrays	SupervisorArrays	hypomethylated	03. AMPK Pathway	5	6052	33010	1	NUAK1	0.636770440223388	1.0	0.658432853833362	1.0	5	1	0.742890995260663	0.995495495495495	0.831982738931455	5.0	NUAK1	0.728301886792453	1.0	0.822873780281679	NUAK1	False	False	False	False
supervisor_arrays	SupervisorArrays	hypomethylated	02. Sirtuins	6	6052	33010	1	SIRT6	0.70337444857873	1.0	1.0	1.0	6	0	0.297709923664122	0.70324846356453	-1.08417492171177	6.0	SIRT6/SIRT2/SIRT4/SIRT5/SIRT1	0.0076022366769057	0.0412692848174881	-1.77486217111712	SIRT6/SIRT2/SIRT5/SIRT1/SIRT4	False	False	False	True
supervisor_arrays	SupervisorArrays	hypomethylated	04. Autophagy	14	6052	33010	2	ATG10,ATG5	0.756896527568681	1.0	0.971126158418651	1.0	15	1	0.894683026584867	1.0	0.706455658011886	13.0	ATG10/MAP1LC3A/ATG4A/ATG7/BECN1/ATG5/ATG12/AMBRA1/ATG4B	0.795767195767196	1.0	0.758911936562819	ATG7/MAP1LC3A/AMBRA1/ATG10/ATG4B/ATG2A	False	False	False	False
supervisor_arrays	SupervisorArrays	hypomethylated	14. HGF Signaling	7	6052	33010	1	SPINT2	0.757767183919947	1.0	0.756848686722115	1.0	7	1	0.610864745011086	0.992655210643016	0.904632075250858	7.0	HGF/MET/HGFAC/SPINT2	0.924882629107981	1.0	0.61939883158352	HGF/MET/HGFAC/SPINT2	False	False	False	False
supervisor_arrays	SupervisorArrays	hypomethylated	16. Notch Signaling	7	6052	33010	1	NOTCH4	0.757767183919947	1.0	0.861540370679799	1.0	7	1	0.443458980044346	0.831616177149008	1.02522241712002	7.0	NOTCH4	0.185446009389671	0.414526373929854	1.24951195812963	NOTCH4/NOTCH1/NOTCH3	False	False	False	False
supervisor_arrays	SupervisorArrays	hypomethylated	07. Apoptosis	114	6052	33010	18	BCL2,BIRC8,BMF,BNIPL,CARD11,CD5L,COX7B2,LMTK2,MCL1,NLRP1,NOD1,NOD2,PAWR,PLEKHF2,PYCARD,SFRP1,TNFSF10,UQCRFS1	0.792864336883376	1.0	0.875764974619412	1.0	116	18	0.526473526473527	0.892715979672501	0.992442007593134	112.0	CARD11/CD5L/COX7B2/PLEKHF2/AATK/BMF/AIFM1/SFRP1/PDCD1/TNFRSF10A/LMTK2/TNFRSF21/TNFRSF25/UQCRFS1/MALT1/SFRP2/PYCARD/NOD2/DIABLO/CRADD/BCL2/BIRC8/MAP3K5/BNIPL/CARD18/PAWR/CASP8/COX7B/NLRC4/FAIM3/SFRP5/NAIF1/COX4I2/BCL2L1/BIRC7/STK17A/BIRC2/NOD1/CSRNP1/XIAP/NDUFA4/PDCD10/TNFRSF10C/CARD9/CASP7/BOK/BCL2L10/CASP4/NLRP1/CASP14/PCSK9/HIVEP1	0.97002997002997	1.0	0.73100711392612	CARD11/CD5L/COX7B2/PDCD1/SFRP1/SFRP2/SFRP5/TNFRSF10D/PLEKHF2/AATK/PYCARD/DAXX/NOD2/NOD1/COX4I2/BMF/LMTK2/AIFM1/COX7A1/CRADD/TNFRSF10A/BCL2/PCSK9/BIRC5/FAIM3/TNFRSF21/TNFRSF25/UQCRFS1/DIABLO/CARD9/CSRNP1/MALT1/FADD/NAIF1/CASP8/BCL2L2/TNFRSF10C/BIRC8/MAP3K5/BIRC2/BNIPL/TRADD/CARD18/PAWR/FAS/HIVEP1/COX7B/NLRC4/BIRC7/COX5A/TNFSF12/UQCRB/BCL2L1/NLRP1/CASP4/STK17A/COX6A2/BCL2L12/BOK/XIAP/NDUFA4/PDCD1LG2	False	False	False	False
supervisor_arrays	SupervisorArrays	hypomethylated	16. Wnt Signaling	22	6052	33010	3	TPBG,WNT5B,WNT7A	0.795931291915825	1.0	0.941266438330934	1.0	22	3	0.0841683366733467	0.545454545454545	1.2795861420804	19.0	WNT7A/WNT11/WNT5B/WNT16/WNT9A/TPBG/WNT10B/WNT4/WNT7B/WNT3A/WNT5A/WNT2B/WNT8B	0.0008415766999574	0.0104575197526533	1.81808675415908	WNT1/WNT10A/WNT11/WNT16/WNT2/WNT3A/WNT7A/WNT7B/WNT5B/WNT9A/WIF1/WNT9B/WNT6/TPBG/WNT2B/WNT5A/WNT4	False	False	False	True
supervisor_arrays	SupervisorArrays	hypomethylated	03. mTOR Pathway	10	6052	33010	1	DEPTOR	0.868086723806346	1.0	0.670069269137676	1.0	11	2	0.284810126582278	0.70324846356453	-1.12359630011991	5.0	RICTOR/MTOR/FKBP3/MLST8	0.236714975845411	0.49811320754717	-1.17484776365135	MTOR/MAPKAP1/RICTOR/FKBP3	False	False	False	False
supervisor_arrays	SupervisorArrays	hypomethylated	04. Heat Shock / Chaperones	47	6052	33010	6	DNAJB1,HSP90AB1,HSPA2,MESD,PACRG,TRAP1	0.884324648825722	1.0	0.987995885342373	1.0	49	4	0.852147852147852	1.0	0.838540644622868	43.0	PACRG/HSPA1L/HSPB8/TBCE/CRNN/HSPA2/BAG3/HSPB3	0.936936936936937	1.0	0.680457529936584	CRYAB/HSPB6/PACRG/HSPA2/HSF1/HSPA1L/HSPB8/HSPB9/TRAP1/TBCE/SERPINH1/CRNN/BAG3/CDC37/HSPB3/HSPA1A/HSF4/TBCB	False	False	False	False
supervisor_arrays	SupervisorArrays	hypomethylated	08. Antioxidant / Oxidative Stress	54	6052	33010	7	GPX5,GSTP1,GSTZ1,HPGDS,PRDX1,TSTD1,TXNRD1	0.888467718200654	1.0	0.904724506957912	1.0	59	7	0.711288711288711	0.995495495495495	0.921555874236774	54.0	GPX5/PRDX1/TSTD1/GSTP1/TXNRD1/GSTZ1/GSS/SOD1/ABCC1/TYRP1/SOD3/ERP44/ESD/TXNL4A/GGT7/GSR/GSTM5/PRDX5/MGST2/HPGDS	0.916083916083916	1.0	0.742867196498121	GPX5/GPX7/GSTP1/TXNRD1/LTC4S/PRDX1/GSTM2/GPX3/SOD3/TSTD1/PTGDS/ABCC1/KEAP1/GPX1/GGT7/GSTZ1/GSS/SOD1/PRDX5/TYRP1/PDIA6/ERP44/ESD/TXNDC5/TXNL4A/GSR/GSTM5/PRDX6/MGST2/GPX2/HPGDS	False	False	False	False
supervisor_arrays	SupervisorArrays	hypomethylated	06. Cell Cycle Regulators	121	6052	33010	17	ARPP21,BAIAP2,CCNA1,CCND1,CCND2,CDK6,CYFIP2,IGFBP7,KHDRBS1,LITAF,LYN,PAK2,PTGIS,RB1,RBBP4,RRM2B,SIGLEC16	0.913296296911282	1.0	0.995315814092736	1.0	128	16	0.963036963036963	1.0	0.832663972289909	122.0	BAIAP2/CCND1/CYFIP2/LYN/CCNA1/PLCZ1/NCOR2/CCND2/CDK6/SIGLEC16/PRDM2/PPP1R13B/CDKL5/KDM5B/PRNP/CDK16/PTGIS/CDK15/IGFBP7/CDK3/PAK6/ERP27/PAK3/PAK1/RBBP4/PAK2/CDK19/LITAF/CDK18/HCFC1/CDK11B/CDKN3/RAC1/RBL1/HERC5/BATF3/PCNA/KHDRBS1/DHRS2/MSH6/RRM2B/CCNE2/RAP1B/TP73/TP53/GAK/TP53BP1/CD151/MED1/RAC3/RB1/CCND3/CDKN1B/CDK8/EVPL/CCNF	0.953046953046953	1.0	0.772177238397152	BAIAP2/CCNA1/CCND1/CCND2/CDK5R2/CDK6/CYFIP2/IGFBP7/LYN/NCOR2/TP73/GAK/ZBTB7A/PRDM2/CDKN1C/EVPL/PLCZ1/PPP1R13B/CDKL5/PTGIS/CDKN2A/BATF3/SIGLEC16/CDK3/KDM5B/PAK6/CCND3/CDK5R1/CDKN1A/PAK2/ROCK2/PAK3/PAK1/PRNP/PAK4/CDK10/TP53/S100A6/HERC5/CDK16/CDK15/TP53I3/RAC1/LITAF/RB1/CDK18	False	False	False	False
supervisor_arrays	SupervisorArrays	hypomethylated	04. Proteasome / Proteostasis	45	6052	33010	3	PSMB4,PSMD12,SEM1	0.993309053740661	1.0	0.99705183123349	1.0	45	2	1.0	1.0	0.422764499264494	45.0	PSMB8/PSMB9/PSMB4/PSMB7/PSMD8/HAUS7/PSMD9/PSMA8/PSMB2/PSMF1/ADRM1/PSMD5/PSMD6/PSMD12/PSMA1/PSMA2/PSMB6/PSME1					False	False	False	False
supervisor_arrays	SupervisorArrays	hypomethylated	08. Mitochondrial Function	243	6052	33010	30	ACSS3,AK2,ALDH1L2,ALDH2,CLYBL,COX10,DMGDH,DUT,ECI1,HIBADH,HMGCL,IDH3A,MCCC2,MDH2,MRPL23,MRPS22,MRPS36,MTFR1,MTHFD1L,NDUFA10,NDUFV2,NUDT13,PARL,PCCA,PGS1,SLC25A21,SUCLG2,TFB2M,TIMM10B,UCP2	0.995539150826002	1.0	0.999640262042898	1.0	261	25	1.0	1.0	0.584158087756987	225.0	MSRA/PCCA/MTHFD1L/CLYBL/SLC25A21/MDH2/SLC25A14/HMGCL/TMLHE/AK2/HIBADH/NUDT13/SUCLG2/PGS1/ACSS3/ALDH2/MTFR1/PINK1/AGXT2/MRPL24/SLC25A22/SLC25A18/MCCC2/ACOT9/PC/CA5B/MTUS1/MRPS25/DUT/SLC25A29/ALDH1L2/COX10/SLC25A19/OTC/ATP6AP2/MMAA/UCP3/CPS1/HADH/SYNJ2BP/GPD2/TIMM17B/ABAT/MRPS26/LARS2/UCP2/NARS2/AARS2/DMGDH/ECSIT/PARL/NDUFV2/ACSF2/BCKDK/TIMM8A/ALAS2/IDH3G/AKAP10/SSBP1/GHITM/COQ7/NDUFB11/PDHX/SLC25A2/BCKDHA/PDK1/NDUFS6/MTHFD2/GLUD2/DECR1/MRPL11/UCP1/HSD17B10/MRPL1/NDUFC1/PPIF/OXA1L/LACTB/SLC25A20/FASTKD5/TIMM17A/CHDH/ALDH6A1/MRPS36/OXCT1/NLN/PNPT1/ACADS/RHOT1/ECH1/ATPAF2/GLUD1/NNT/EXOG/ATP5D/MRPL37/PDHA1/POLG/ALDH5A1/MRPL15/MRPS22/CCDC90B/ACADL/NDUFA10/ACADSB/MRPS5/ENOSF1/GCDH/MRM1/CA5A/IDH2/NDUFS7/GOT2/IVD/KIAA0664/MSRB2/MRPS21/FPGS/CLPP/GCAT/NDUFS4/ME2/SCO1/HTRA2/NDUFAB1/CYP24A1/ACO2/MRPS10/PTPMT1/PDP2/SUCLG1/LIAS	1.0	1.0	0.356093585874215	ACADL/ALDH1L2/CLYBL/CYP24A1/MSRA/PC/UCP1/NDUFS2/ACSS3/PCCA/MTHFD1L/MRPS21/AADAT/SLC25A2/MTUS1/CA5B/PDK4/SLC25A22/CPT2/ALDH5A1/ABAT/PDK2/MRPL23/ACADS/MRM1/SLC25A21/ACSF2/MDH2/KIAA0664/MRPL44/BCKDK/SLC25A14/GPD2/HMGCL/SDHAF1/PGS1/TMLHE/LACTB/CA5A/AMT/AKAP10/SLC25A29/AK2/HIBADH/NUDT13/SUCLG2/DMGDH/ECSIT/ACADVL/SLC25A18/ALDH2/MTFR1/PINK1/AGXT2/PPIF/AARS2/MRPL24/MCCC2/ACOT9/MRPS25/LARS2/DUT/COX10/SLC25A19/NFU1/OTC/NNT/SLC25A20/ATP6AP2/IDH3G/ACAA2/MMAA/UCP3/CPS1/OXCT1/HADH/SYNJ2BP/TIMM17B/MRPS26/MRPS2/STOML2/NDUFS6/UCP2/HADHA/ERAL1/FDX1/PARL/PISD/NARS2/PITRM1/NDUFB11/MSRB2/PDPR/NDUFV2/GRPEL1/NLN/FPGS/NDUFS7/CHDH/TIMM8A/ALAS2/UQCRC1/SSBP1/GHITM/MRPS22/COQ7/NDUFV1/IVD/CCDC90B/SLC25A16/PCK2/AUH/NDUFS4/PDHX/MTHFD2/NDUFC1/TSPO/SDHAF2/VDAC1/SUCLA2/PTPMT1/BCKDHA/PDK1/VDAC2/GLUD2/DECR1/GCAT/NDUFA10/MRPL11/COQ9/ETHE1/TUFM/MRPL34/ATP5D/HSD17B10/ENOSF1/MRPL1/MRPL12/COQ2/MTRF1/OXA1L/CMC1/HADHB/PET117/POLG/FASTKD5/TIMM17A	False	False	False	False
supervisor_arrays	SupervisorArrays	hypomethylated	01. Telomere Maintenance	14	6052	33010	0		1.0	1.0	1.0	1.0	14	0	0.34342042281517	0.744077582766202	-0.960261621222064	14.0	ICAM3/ICAM2/TERF1/ICAM1/POT1/ICAM4/PINX1/PTGES3/ICAM5/TEP1/SCYL1/C9orf78/TERF2	0.954973821989529	1.0	0.575531170878495	CXCL12/ICAM5/ICAM2/ICAM4/ICAM3/C9orf78	False	False	False	False
supervisor_arrays	SupervisorArrays	hypomethylated	03. FOXO Pathway	2	6052	33010	0		1.0	1.0	0.999999999995618	1.0	1	0										False	False	False	False
supervisor_arrays	SupervisorArrays	hypomethylated	10. GDF Aging Biomarkers	2	6052	33010	0		1.0	1.0	1.0	1.0	3	0	0.666666666666667	0.995495495495495	0.880918958098549	2.0	GDF15	0.743922204213938	1.0	0.833250783307362	GDF15/GDF11	False	False	False	False
supervisor_arrays	SupervisorArrays	hypomethylated	18. Circadian Clock	2	6052	33010	0		1.0	1.0	1.0	1.0	2	0	0.765765765765766	0.995495495495495	0.803793933414417	2.0	CLOCK	0.857374392220421	1.0	0.74774423102177	PER1	False	False	False	False
