set_name	n_genes	n_entrez	entrez_ids
01. Telomere Maintenance	14	14	10728,25913,3383,3384,3385,3386,51759,54984,57410,6387,7011,7013,7014,7087
02. Sirtuins	6	6	22933,23408,23409,23410,23411,51548
03. AMPK Pathway	5	5	5562,5563,5564,5565,9891
03. FOXO Pathway	2	2	100132074,2308
03. mTOR Pathway	11	11	2287,23251,2475,253260,28956,389541,57521,64223,64798,79109,8649
04. Autophagy	15	15	10533,115201,22863,23130,23192,493856,55626,64422,81631,83734,84557,8678,9140,9474,9776
04. Heat Shock / Chaperones	49	49	10063,10131,10598,10808,11077,11080,11140,1155,126393,135138,1409,1410,150274,23184,25842,26353,3297,3298,3299,3303,3305,3306,3309,3310,3312,3313,3315,3320,3326,3329,3336,3337,49860,55723,56997,573,617,6902,6903,6905,7184,7917,86614,871,8988,94086,9530,9531,9973
04. Proteasome / Proteostasis	46	46	10197,10213,11047,134510,143471,55559,5682,5683,5684,5685,5686,5687,5688,5689,5690,5691,5692,5693,5694,5695,5696,5698,5699,5701,5702,5704,5705,5706,5707,5708,5709,5710,5711,5713,5714,5715,5717,5718,5719,5720,5721,7979,84262,8624,9491,9861
05. DNA Damage & Repair	147	147	10111,10250,10614,10699,10893,10912,11060,1191,123016,130502,1311,142,143,144715,151613,158248,158326,1642,1643,164656,1647,1649,171017,1758,1805,1822,1893,2068,2071,2073,2189,2202,22918,23038,23266,23284,23515,23524,23548,2547,25788,2628,27076,27339,2801,29086,30008,319089,3371,3433,3434,4146,4147,4148,4256,4311,4312,4313,4314,4316,4317,4318,4319,4320,4321,4322,4323,4324,4325,4326,4327,4616,472,4869,4878,4879,4880,4881,4882,4976,51024,51131,51455,545,54902,54970,55742,55761,55908,56547,56647,56946,56955,56975,57217,5810,58498,5883,5888,64123,64386,64761,64927,6595,6596,6597,6599,6602,6603,6604,6605,6687,672,675,6768,682,708,7507,7508,7515,7516,7517,7520,8100,81572,8289,8310,83666,83737,83990,84126,84530,8455,8467,8607,8785,8846,9313,9577,960,9622,9656,9657,9694,9775,9863,9984
05. Epigenetic Regulators	13	13	10013,10524,2033,23309,25942,3065,3066,55869,79885,8520,8841,8850,9759
06. Cell Cycle Regulators	128	128	10092,10094,1017,1018,1019,10202,1021,10210,1022,1024,1025,1026,10263,1027,1028,1029,10298,1030,10309,1031,1032,1033,10458,10600,10657,10671,10765,10777,10972,10983,112858,11345,121506,1589,1653,1869,2028,2125,23097,23368,2580,26999,27101,2956,3054,311,3265,3490,3692,3963,400709,4067,4193,4194,49855,50484,5058,5062,5063,5111,51191,5127,5129,51341,51499,51517,51550,5218,5469,55197,55509,5621,56924,57103,57144,5740,5879,5880,5881,5906,5908,5921,5925,5926,5927,5928,5933,5934,595,6093,6277,63924,6502,65061,6792,6829,7157,7158,7161,7260,7322,7453,7799,8411,8493,8558,8621,8851,890,8900,894,8941,896,898,89869,899,904,9133,9134,9475,9516,9536,9540,9612,9716,977,983,984
06. Cellular Senescence / SASP	6	6	26156,2720,3987,7295,79572,9076
07. Apoptosis	119	119	10015,10016,10017,10018,10392,10884,10892,10975,11235,112401,128864,1327,1329,1337,1339,1340,1346,1349,1350,1351,1353,1434,149428,1537,1616,1677,170712,203245,22853,22861,23581,255738,27089,27242,27250,285521,29108,29126,29796,3096,329,330,331,332,355,356,388753,399687,4170,4217,4514,4671,4697,5074,51237,5133,54205,56616,572,578,57805,581,58484,59082,59347,596,5977,598,599,64112,64127,64170,6422,6423,6425,64651,666,7381,7386,7388,79017,79444,79666,80380,81888,834,835,83596,836,837,838,839,840,841,842,843,84433,84701,8717,8718,8738,8742,8743,8772,8793,8794,8795,8797,8837,90427,9131,9141,9167,9214,922,9262,9263,9377,9625
08. Antioxidant / Oxidative Stress	60	60	100131187,10130,10539,10549,10587,10628,10907,10935,127281,128,2098,23071,25824,25828,2686,2687,27306,2739,2876,2877,2878,2879,2880,2882,2936,2937,2938,2940,2944,2946,2947,2949,2950,2953,2954,3029,373156,4056,4257,4258,4363,5052,51526,5730,57544,653689,6647,6648,6649,7001,728441,7296,7306,81567,847,84817,9352,9446,9588,9817
08. Mitochondrial Function	262	262	100287932,100303755,10105,10159,10229,10240,10245,10295,10440,10449,10452,10476,10531,10797,10845,10965,11019,11112,11216,11232,11238,112817,113115,114294,114971,1160,123096,1352,1373,1376,1431,152100,1591,160428,1632,1666,166785,1678,171425,1737,1738,18,1854,1891,1892,204,205,2110,212,217,2230,2232,2271,22921,23277,23395,23464,23474,23530,2356,23597,23761,254042,25821,25874,25902,25961,26164,26275,26284,2639,26515,2653,27069,27109,27235,27247,27429,2746,2747,275,2806,2820,29088,29958,29960,3028,3030,3032,3033,30968,3155,328,33,3396,3418,3419,3421,35,36,37,3712,374291,384,4191,4200,4329,4482,4594,4704,4705,4706,4708,4711,4714,4717,4719,4720,4722,4723,4724,4726,4728,4729,498,50,5009,5018,5019,506,509,5091,5095,5106,51067,51116,51166,51253,51263,51295,513,515,51537,516,5160,5163,5164,51649,51654,5166,51660,517,518,522,53343,539,5428,54460,54539,54704,548596,549,54931,54938,54949,54995,55052,55066,55157,55173,55178,55217,55288,55333,55347,55349,55486,55526,55556,55687,56945,57017,57129,57486,57505,57506,57509,57546,593,60386,60492,60493,6150,6182,6341,6390,6391,64087,64216,644096,64432,64902,64949,64969,64976,64981,65003,65005,65008,65018,65080,65993,6742,7019,706,7284,7350,7351,7352,7384,7385,7416,7417,763,7818,788,79072,7915,79590,79611,79731,79751,7978,79922,80221,80273,8034,8050,81034,81889,8192,83733,83884,84134,84277,84311,84340,87178,8801,8802,8803,89874,9016,91647,92259,93974,9489,9617,9650,9692,9868,9941
09. Growth Hormone Axis	8	8	2688,2689,2690,2691,2692,2693,51738,6750
09. IGF / Insulin Signaling	20	20	10642,10643,10644,124446,1490,347252,3479,3480,3481,3482,3483,3484,3485,3486,3487,3488,3489,3491,4856,5069
10. FGF21-FGF23-Klotho Axis	6	6	152831,197021,26291,57733,8074,9365
10. GDF Aging Biomarkers	3	3	10220,2660,9518
11. Metabolic Hormones	5	5	3952,3953,51094,79602,9370
11. NAD+ Metabolism	4	4	10135,23057,349565,64802
12. Stem Cell Regulation	12	11	151871,2920,3552,3562,4254,55143,6320,6368,6369,79144,947
13. BMP / GDF Signaling	20	19	10771,168667,2658,27302,353500,392255,649,650,651,652,653,654,655,656,657,658,659,8200,9210
13. TGF-beta Signaling	28	28	10454,135228,23118,2615,2674,2675,4052,4053,6885,7040,7041,7042,7043,7044,7045,7046,7048,7049,7071,8425,8462,8576,8668,8848,90316,90655,9238,9392
14. EGF / EGFR Signaling	31	30	10140,10718,10766,145957,161198,1950,1951,1952,1955,1956,2059,2060,2064,2065,2066,2886,3084,375033,4038,5036,51162,54206,55914,64787,6586,65989,79574,84466,92737,9542
14. FGF Family	35	35	10818,11116,11162,123811,1263,143282,2246,2247,2248,2249,2250,2251,2252,2253,2254,2255,2256,2257,2258,2260,2261,2263,2264,26281,27006,2734,51330,53834,83888,8817,8822,8823,9158,9965,9982
14. HGF Signaling	7	7	10653,3026,3082,3083,4233,4485,6692
14. Neurotrophins	11	11	1958,27018,3475,4803,4804,4908,4909,4914,4915,627,9500
14. PDGF Signaling	9	8	11333,5154,5155,5156,5157,5159,6942,80310
14. VEGF / Angiogenesis	11	11	2277,2321,2324,284340,3791,56034,7422,7423,7424,84432,9047
15. ECM / Skin Aging	91	91	10087,10894,11117,114899,115908,1277,1278,1280,1281,1282,1284,1285,1286,1287,1288,1289,1290,1291,1292,1293,1294,1295,1296,1297,1299,1300,1301,1302,1303,1305,1306,1310,136227,145581,2006,2219,2220,22915,23127,23166,2331,2335,23767,23768,23769,252995,284217,3036,3038,3672,3673,3678,3688,3908,3909,3910,3912,3913,3915,3921,392617,3956,3958,50509,5118,5351,5352,53833,55576,57622,6134,7076,7077,7078,7079,7373,78999,79414,79812,80128,80781,84034,84570,8547,8685,8974,91522,948,949,9508,9509
16. Hedgehog Signaling	3	3	2735,3549,6469
16. Notch Signaling	8	8	100996763,441478,4851,4853,4854,4855,54475,55206
16. Wnt Signaling	22	22	11197,51384,54361,7162,7471,7472,7474,7475,7476,7477,7479,7480,7481,7482,7483,7484,80326,81029,8838,8839,8840,89780
17. Inflammation / Immunosenescence	263	257	10068,101180976,10148,103,10344,10410,10437,10447,10563,10581,10663,10803,10850,11009,11018,11141,11213,112744,113540,114548,1147,1154,116379,122809,1230,1232,1233,1234,1235,1236,1237,1238,123920,132014,133396,1432,1439,146223,146225,146433,149233,151647,1524,163702,1793,1794,1795,199,2322,23765,246778,2532,25817,259307,26145,26280,2634,26525,27177,27178,27179,27189,27190,2826,282617,2829,2833,284467,2919,2921,29949,30837,3276,338376,338811,3394,340061,3431,3440,3441,3442,3443,3444,3445,3446,3448,3449,3451,3452,3454,3455,3456,345611,3458,3459,3460,3467,353376,3551,3553,3554,3556,3557,3558,3559,3560,3561,3563,3565,3566,3567,3568,3569,3570,3572,3574,3575,3576,3577,3578,3579,3581,3586,3587,3588,3589,3590,3592,3593,3594,3595,3596,3597,3598,3600,3601,3603,3605,3606,3627,3654,3656,3659,3660,3661,3662,3663,3664,3702,386653,388372,407738,4283,4599,4600,4783,4790,4791,4792,4793,4794,4795,50604,50615,50616,51079,51135,51554,51561,5196,5197,53342,53832,53840,54097,54360,54756,55540,55801,55922,5610,5612,56300,56477,57007,58191,58985,59067,59307,60343,6346,6347,6348,6349,6351,6352,6354,6355,6356,6357,6358,6359,6360,6361,6362,6363,6364,6366,6367,6370,6372,6373,6374,6375,6376,639,64108,64109,643,64806,6846,7096,7097,7100,7189,729230,7850,7852,7866,80762,83543,83982,84324,84639,84818,8519,8575,8767,8807,8808,8809,8835,8875,8876,9021,9034,90865,91543,9173,9180,92304,9255,9447,9466,9547,9636,9655
17. TNF Superfamily	55	45	10673,10913,114897,114898,114900,114902,114904,114905,1942,23,23495,25816,338761,338872,3604,389941,390664,4050,4055,51752,55504,5806,58491,60401,608,6868,7124,7126,7128,7130,7132,7133,7186,7292,7293,79689,84957,8600,8764,8771,939,943,958,970,9966
18. Circadian Clock	2	2	5187,9575
18. Oncogenes / Tumor Suppressors	71	71	10206,10276,10296,10399,10461,11178,11315,116372,1316,1326,1398,1436,148252,151887,1630,2017,207,2130,2137,2241,2242,2268,22800,22950,2313,2353,23705,23764,25,2521,2534,25875,26579,3074,369,3725,3932,3934,4094,4097,4330,4352,4602,4609,4610,50937,54165,55359,558,5894,5966,5979,6098,64919,6498,6714,673,6767,7066,7409,7525,8082,8115,84445,860,861,864,867,8883,9623,9935
18. Progeroid / Premature Aging	33	33	1161,157310,162466,196463,223,22854,2316,2317,2318,23576,2618,2694,27145,27163,327,4000,4001,4552,471,5037,51293,5409,54872,63874,6818,6947,6948,7112,8029,84105,84628,84823,87769
19. Other Longevity-Related	312	309	100272147,10055,10075,10085,10155,10193,10273,10277,10280,10293,10318,10320,10425,10475,10516,10537,10616,10617,10675,10868,10891,11043,11074,11156,112398,11331,113791,114088,118424,131405,140576,140739,142678,152006,1535,154214,1588,1615,1636,165918,171389,183,1839,1840,185,186,2015,2099,2100,2101,2103,2104,219333,2197,22806,22807,23016,23032,23092,23244,23321,23326,23327,23404,23608,23624,23671,23710,23759,246330,253782,253980,255743,25820,25862,25891,25897,26037,26133,26228,26585,2664,267,2671,27246,27338,2852,285203,29078,29089,29116,29937,29978,30817,30836,3093,3283,340168,367,373,3875,387715,387836,3939,4061,4076,4086,4130,4240,4288,4515,4591,4664,4665,4734,4738,4835,4837,4983,5016,50507,5068,5071,51029,51127,51257,51271,51289,51366,51377,51465,51569,51588,51592,51619,51633,51667,5176,53347,5394,54512,54629,5465,5467,5468,54764,54894,54926,55072,55081,55120,55223,55236,55284,55293,55432,5547,55521,55585,55819,55905,56654,56658,56852,57154,57161,57162,5742,5743,57448,57534,57558,57602,57646,57695,5896,59272,59344,5967,5968,5972,5987,6015,6045,6047,6049,6233,64219,64320,6462,64750,64777,6478,64854,6494,65981,6612,6613,662,663,664,6640,665,6737,678,6783,6822,6886,7031,7039,7185,7187,7188,7311,7314,7316,7317,7318,7319,7321,7323,7326,7327,7328,7329,7332,7334,7335,7336,7337,7341,7345,7347,7353,7390,7706,7737,7746,7750,7803,7832,78987,78990,79019,79102,79174,79589,79987,8000,8073,8078,80829,81559,81786,81844,81847,823,83844,83998,84101,84132,84231,84640,84658,84669,84676,84708,84749,84959,84993,85329,85363,8540,8564,8577,8622,8644,8665,8805,883,8878,8924,8942,8975,90,9025,9040,90411,90933,9097,9100,9101,9166,9181,92181,9246,9248,9354,94,9564,9604,9618,9666,9709,975,9781,9898,9960,997
